#
# There is insufficient memory for the Java Runtime Environment to continue.
# Native memory allocation (mmap) failed to map 49283072 bytes for G1 virtual space
# Possible reasons:
#   The system is out of physical RAM or swap space
#   The process is running with CompressedOops enabled, and the Java Heap may be blocking the growth of the native heap
# Possible solutions:
#   Reduce memory load on the system
#   Increase physical memory or swap space
#   Check if swap backing store is full
#   Decrease Java heap size (-Xmx/-Xms)
#   Decrease number of Java threads
#   Decrease Java thread stack sizes (-Xss)
#   Set larger code cache with -XX:ReservedCodeCacheSize=
#   JVM is running with Unscaled Compressed Oops mode in which the Java heap is
#     placed in the first 4GB address space. The Java Heap base address is the
#     maximum limit for the native heap growth. Please use -XX:HeapBaseMinAddress
#     to set the Java Heap base and to place the Java Heap above 4GB virtual address.
# This output file may be truncated or incomplete.
#
#  Out of Memory Error (os_windows.cpp:3550), pid=14888, tid=9444
#
# JRE version: Java(TM) SE Runtime Environment (17.0.8+9) (build 17.0.8+9-LTS-211)
# Java VM: Java HotSpot(TM) 64-Bit Server VM (17.0.8+9-LTS-211, mixed mode, sharing, tiered, compressed oops, compressed class ptrs, g1 gc, windows-amd64)
# No core dump will be written. Minidumps are not enabled by default on client versions of Windows
#

---------------  S U M M A R Y ------------

Command Line: -javaagent:C:\Program Files\JetBrains\IntelliJ IDEA Community Edition 2024.1.4\lib\idea_rt.jar=53149:C:\Program Files\JetBrains\IntelliJ IDEA Community Edition 2024.1.4\bin -Dfile.encoding=UTF-8 --module-path=C:\Users\kelse\.m2\repository\org\openjfx\javafx-controls\13\javafx-controls-13-win.jar;C:\Users\kelse\.m2\repository\org\openjfx\javafx-base\13\javafx-base-13-win.jar;C:\Users\kelse\OneDrive\Desktop\Advance Programming asgn\demo\target\classes;C:\Users\kelse\.m2\repository\org\openjfx\javafx-fxml\13\javafx-fxml-13-win.jar;C:\Users\kelse\.m2\repository\org\openjfx\javafx-graphics\13\javafx-graphics-13-win.jar -Djdk.module.main=com.example com.example/com.example.Game

Host: Intel(R) Core(TM) i5-9300H CPU @ 2.40GHz, 8 cores, 3G,  Windows 11 , 64 bit Build 22621 (10.0.22621.3672)
Time: Sun Jul 14 17:09:59 2024 Malay Peninsula Standard Time elapsed time: 16.834270 seconds (0d 0h 0m 16s)

---------------  T H R E A D  ---------------

Current thread (0x0000022076d9b400):  VMThread "VM Thread" [stack: 0x0000009529800000,0x0000009529900000] [id=9444]

Stack: [0x0000009529800000,0x0000009529900000]
Native frames: (J=compiled Java code, j=interpreted, Vv=VM code, C=native code)
V  [jvm.dll+0x677d0a]
V  [jvm.dll+0x7d8c54]
V  [jvm.dll+0x7da3fe]
V  [jvm.dll+0x7daa63]
V  [jvm.dll+0x245c5f]
V  [jvm.dll+0x674bb9]
V  [jvm.dll+0x6694f2]
V  [jvm.dll+0x3031d6]
V  [jvm.dll+0x30a756]
V  [jvm.dll+0x359f9e]
V  [jvm.dll+0x35a1cf]
V  [jvm.dll+0x2da3e8]
V  [jvm.dll+0x2dd486]
V  [jvm.dll+0x2e7c88]
V  [jvm.dll+0x31b6e0]
V  [jvm.dll+0x7df26b]
V  [jvm.dll+0x7dffa4]
V  [jvm.dll+0x7e04bd]
V  [jvm.dll+0x7e0894]
V  [jvm.dll+0x7e0960]
V  [jvm.dll+0x788bba]
V  [jvm.dll+0x676b35]
C  [ucrtbase.dll+0x29333]
C  [KERNEL32.DLL+0x1257d]
C  [ntdll.dll+0x5af28]

VM_Operation (0x00000095294ff920): G1Concurrent, mode: safepoint, requested by thread 0x0000022076d16520


---------------  P R O C E S S  ---------------

Threads class SMR info:
_java_thread_list=0x000002205dc74fd0, length=35, elements={
0x0000022076cd21a0, 0x0000022076d9e780, 0x0000022012721d50, 0x0000022012732ad0,
0x0000022012733680, 0x0000022012737150, 0x00000220127388b0, 0x0000022012739640,
0x000002201273ac90, 0x0000022012748680, 0x000002201271c440, 0x0000022012af1ff0,
0x0000022012aef3d0, 0x00000220584b5be0, 0x00000220584b48a0, 0x00000220584b5240,
0x00000220584b4d70, 0x00000220584b3560, 0x00000220584b3a30, 0x00000220584b6a50,
0x00000220584b60b0, 0x00000220584b6580, 0x00000220584b5710, 0x00000220584b3090,
0x00000220584b3f00, 0x00000220584b43d0, 0x000002205d8767e0, 0x000002205d876cb0,
0x000002205d877650, 0x000002205d877180, 0x000002205d878e60, 0x000002205d8754a0,
0x000002205d875970, 0x000002205d877b20, 0x000002205d875e40
}

Java Threads: ( => current thread )
  0x0000022076cd21a0 JavaThread "main" [_thread_blocked, id=5788, stack(0x0000009529200000,0x0000009529300000)]
  0x0000022076d9e780 JavaThread "Reference Handler" daemon [_thread_blocked, id=19056, stack(0x0000009529900000,0x0000009529a00000)]
  0x0000022012721d50 JavaThread "Finalizer" daemon [_thread_blocked, id=6424, stack(0x0000009529a00000,0x0000009529b00000)]
  0x0000022012732ad0 JavaThread "Signal Dispatcher" daemon [_thread_blocked, id=1852, stack(0x0000009529b00000,0x0000009529c00000)]
  0x0000022012733680 JavaThread "Attach Listener" daemon [_thread_blocked, id=17712, stack(0x0000009529c00000,0x0000009529d00000)]
  0x0000022012737150 JavaThread "Service Thread" daemon [_thread_blocked, id=7432, stack(0x0000009529d00000,0x0000009529e00000)]
  0x00000220127388b0 JavaThread "Monitor Deflation Thread" daemon [_thread_blocked, id=10528, stack(0x0000009529e00000,0x0000009529f00000)]
  0x0000022012739640 JavaThread "C2 CompilerThread0" daemon [_thread_blocked, id=11228, stack(0x0000009529f00000,0x000000952a000000)]
  0x000002201273ac90 JavaThread "C1 CompilerThread0" daemon [_thread_blocked, id=1264, stack(0x000000952a000000,0x000000952a100000)]
  0x0000022012748680 JavaThread "Sweeper thread" daemon [_thread_blocked, id=12916, stack(0x000000952a100000,0x000000952a200000)]
  0x000002201271c440 JavaThread "Common-Cleaner" daemon [_thread_blocked, id=8280, stack(0x000000952a200000,0x000000952a300000)]
  0x0000022012af1ff0 JavaThread "Monitor Ctrl-Break" daemon [_thread_in_native, id=12920, stack(0x000000952a300000,0x000000952a400000)]
  0x0000022012aef3d0 JavaThread "Notification Thread" daemon [_thread_blocked, id=4208, stack(0x000000952a400000,0x000000952a500000)]
  0x00000220584b5be0 JavaThread "QuantumRenderer-0" daemon [_thread_blocked, id=17880, stack(0x000000952a600000,0x000000952a700000)]
  0x00000220584b48a0 JavaThread "InvokeLaterDispatcher" daemon [_thread_blocked, id=10888, stack(0x000000952a700000,0x000000952a800000)]
  0x00000220584b5240 JavaThread "JavaFX Application Thread" [_thread_blocked, id=3908, stack(0x000000952a800000,0x000000952a900000)]
  0x00000220584b4d70 JavaThread "Thread-1" daemon [_thread_blocked, id=2632, stack(0x000000952ac00000,0x000000952ad00000)]
  0x00000220584b3560 JavaThread "JavaFX-Launcher" [_thread_blocked, id=5432, stack(0x000000952ad00000,0x000000952ae00000)]
  0x00000220584b3a30 JavaThread "Java Sound Event Dispatcher" daemon [_thread_blocked, id=19216, stack(0x000000952ae00000,0x000000952af00000)]
  0x00000220584b6a50 JavaThread "Direct Clip" daemon [_thread_blocked, id=12632, stack(0x000000952b900000,0x000000952ba00000)]
  0x00000220584b60b0 JavaThread "Direct Clip" daemon [_thread_blocked, id=6488, stack(0x000000952ba00000,0x000000952bb00000)]
  0x00000220584b6580 JavaThread "Direct Clip" daemon [_thread_blocked, id=12376, stack(0x000000952bb00000,0x000000952bc00000)]
  0x00000220584b5710 JavaThread "Direct Clip" daemon [_thread_blocked, id=17136, stack(0x000000952bd00000,0x000000952be00000)]
  0x00000220584b3090 JavaThread "Direct Clip" daemon [_thread_blocked, id=14096, stack(0x000000952be00000,0x000000952bf00000)]
  0x00000220584b3f00 JavaThread "Direct Clip" daemon [_thread_blocked, id=10836, stack(0x000000952bf00000,0x000000952c000000)]
  0x00000220584b43d0 JavaThread "Direct Clip" daemon [_thread_blocked, id=19096, stack(0x000000952c000000,0x000000952c100000)]
  0x000002205d8767e0 JavaThread "Direct Clip" daemon [_thread_blocked, id=12628, stack(0x000000952c100000,0x000000952c200000)]
  0x000002205d876cb0 JavaThread "Prism Font Disposer" daemon [_thread_blocked, id=17500, stack(0x000000952c400000,0x000000952c500000)]
  0x000002205d877650 JavaThread "Cleaner-0" daemon [_thread_blocked, id=16328, stack(0x000000952c800000,0x000000952c900000)]
  0x000002205d877180 JavaThread "Direct Clip" daemon [_thread_blocked, id=17028, stack(0x000000952cd00000,0x000000952ce00000)]
  0x000002205d878e60 JavaThread "Direct Clip" daemon [_thread_blocked, id=2916, stack(0x000000952ce00000,0x000000952cf00000)]
  0x000002205d8754a0 JavaThread "Direct Clip" daemon [_thread_blocked, id=7200, stack(0x000000952cf00000,0x000000952d000000)]
  0x000002205d875970 JavaThread "Direct Clip" daemon [_thread_blocked, id=5716, stack(0x000000952d000000,0x000000952d100000)]
  0x000002205d877b20 JavaThread "Direct Clip" daemon [_thread_blocked, id=2640, stack(0x000000952d100000,0x000000952d200000)]
  0x000002205d875e40 JavaThread "Direct Clip" daemon [_thread_blocked, id=16076, stack(0x000000952d200000,0x000000952d300000)]

Other Threads:
=>0x0000022076d9b400 VMThread "VM Thread" [stack: 0x0000009529800000,0x0000009529900000] [id=9444]
  0x0000022012a2cc00 WatcherThread [stack: 0x000000952a500000,0x000000952a600000] [id=7900]
  0x0000022076d0daa0 GCTaskThread "GC Thread#0" [stack: 0x0000009529300000,0x0000009529400000] [id=11908]
  0x00000220587f44e0 GCTaskThread "GC Thread#1" [stack: 0x000000952af00000,0x000000952b000000] [id=14516]
  0x00000220587dd8f0 GCTaskThread "GC Thread#2" [stack: 0x000000952b000000,0x000000952b100000] [id=14900]
  0x00000220587ddba0 GCTaskThread "GC Thread#3" [stack: 0x000000952b100000,0x000000952b200000] [id=14788]
  0x00000220587dde50 GCTaskThread "GC Thread#4" [stack: 0x000000952b200000,0x000000952b300000] [id=2536]
  0x00000220587f5500 GCTaskThread "GC Thread#5" [stack: 0x000000952b300000,0x000000952b400000] [id=2360]
  0x000002205de5a200 GCTaskThread "GC Thread#6" [stack: 0x000000952c500000,0x000000952c600000] [id=1136]
  0x000002205d8738b0 GCTaskThread "GC Thread#7" [stack: 0x000000952c600000,0x000000952c700000] [id=8172]
  0x0000022076d16520 ConcurrentGCThread "G1 Main Marker" [stack: 0x0000009529400000,0x0000009529500000] [id=14928]
  0x0000022076d176d0 ConcurrentGCThread "G1 Conc#0" [stack: 0x0000009529500000,0x0000009529600000] [id=12676]
  0x000002205d8c1470 ConcurrentGCThread "G1 Conc#1" [stack: 0x000000952bc00000,0x000000952bd00000] [id=11692]
  0x0000022076d68e30 ConcurrentGCThread "G1 Refine#0" [stack: 0x0000009529600000,0x0000009529700000] [id=18952]
  0x0000022076d6a860 ConcurrentGCThread "G1 Service" [stack: 0x0000009529700000,0x0000009529800000] [id=8816]

Threads with active compile tasks:

VM state: at safepoint (normal execution)

VM Mutex/Monitor currently owned by a thread:  ([mutex/lock_event])
[0x0000022076ccc8f0] Threads_lock - owner thread: 0x0000022076d9b400
[0x0000022076cccd70] Heap_lock - owner thread: 0x0000022076d16520

Heap address: 0x00000000c2600000, size: 986 MB, Compressed Oops mode: 32-bit

CDS archive(s) mapped at: [0x0000022013000000-0x0000022013bd0000-0x0000022013bd0000), size 12386304, SharedBaseAddress: 0x0000022013000000, ArchiveRelocationMode: 1.
Compressed class space mapped at: 0x0000022014000000-0x0000022054000000, reserved size: 1073741824
Narrow klass base: 0x0000022013000000, Narrow klass shift: 0, Narrow klass range: 0x100000000

GC Precious Log:
 CPUs: 8 total, 8 available
 Memory: 3938M
 Large Page Support: Disabled
 NUMA Support: Disabled
 Compressed Oops: Enabled (32-bit)
 Heap Region Size: 1M
 Heap Min Capacity: 8M
 Heap Initial Capacity: 62M
 Heap Max Capacity: 986M
 Pre-touch: Disabled
 Parallel Workers: 8
 Concurrent Workers: 2
 Concurrent Refinement Workers: 8
 Periodic GC: Disabled

Heap:
 garbage-first heap   total 672768K, used 431116K [0x00000000c2600000, 0x0000000100000000)
  region size 1024K, 4 young (4096K), 4 survivors (4096K)
 Metaspace       used 16026K, committed 16256K, reserved 1114112K
  class space    used 2235K, committed 2304K, reserved 1048576K

Heap Regions: E=young(eden), S=young(survivor), O=old, HS=humongous(starts), HC=humongous(continues), CS=collection set, F=free, OA=open archive, CA=closed archive, TAMS=top-at-mark-start (previous, next)
|   0|0x00000000c2600000, 0x00000000c2700000, 0x00000000c2700000|100%|HS|  |TAMS 0x00000000c2700000, 0x00000000c2600000| Complete 
|   1|0x00000000c2700000, 0x00000000c2800000, 0x00000000c2800000|100%|HS|  |TAMS 0x00000000c2800000, 0x00000000c2700000| Complete 
|   2|0x00000000c2800000, 0x00000000c2900000, 0x00000000c2900000|100%|HS|  |TAMS 0x00000000c2900000, 0x00000000c2800000| Complete 
|   3|0x00000000c2900000, 0x00000000c2a00000, 0x00000000c2a00000|100%|HS|  |TAMS 0x00000000c2a00000, 0x00000000c2900000| Complete 
|   4|0x00000000c2a00000, 0x00000000c2b00000, 0x00000000c2b00000|100%|HS|  |TAMS 0x00000000c2b00000, 0x00000000c2a00000| Complete 
|   5|0x00000000c2b00000, 0x00000000c2c00000, 0x00000000c2c00000|100%|HS|  |TAMS 0x00000000c2c00000, 0x00000000c2b00000| Complete 
|   6|0x00000000c2c00000, 0x00000000c2d00000, 0x00000000c2d00000|100%|HS|  |TAMS 0x00000000c2d00000, 0x00000000c2c00000| Complete 
|   7|0x00000000c2d00000, 0x00000000c2e00000, 0x00000000c2e00000|100%|HS|  |TAMS 0x00000000c2e00000, 0x00000000c2d00000| Complete 
|   8|0x00000000c2e00000, 0x00000000c2f00000, 0x00000000c2f00000|100%| O|  |TAMS 0x00000000c2f00000, 0x00000000c2e00000| Untracked 
|   9|0x00000000c2f00000, 0x00000000c3000000, 0x00000000c3000000|100%| O|  |TAMS 0x00000000c3000000, 0x00000000c2f00000| Untracked 
|  10|0x00000000c3000000, 0x00000000c3100000, 0x00000000c3100000|100%| O|  |TAMS 0x00000000c3100000, 0x00000000c3000000| Untracked 
|  11|0x00000000c3100000, 0x00000000c3200000, 0x00000000c3200000|100%| O|  |TAMS 0x00000000c3200000, 0x00000000c3100000| Untracked 
|  12|0x00000000c3200000, 0x00000000c3300000, 0x00000000c3300000|100%|HS|  |TAMS 0x00000000c3300000, 0x00000000c3200000| Complete 
|  13|0x00000000c3300000, 0x00000000c3400000, 0x00000000c3400000|100%|HC|  |TAMS 0x00000000c3400000, 0x00000000c3300000| Complete 
|  14|0x00000000c3400000, 0x00000000c3500000, 0x00000000c3500000|100%|HC|  |TAMS 0x00000000c3500000, 0x00000000c3400000| Complete 
|  15|0x00000000c3500000, 0x00000000c3600000, 0x00000000c3600000|100%|HC|  |TAMS 0x00000000c3600000, 0x00000000c3500000| Complete 
|  16|0x00000000c3600000, 0x00000000c3700000, 0x00000000c3700000|100%|HC|  |TAMS 0x00000000c3700000, 0x00000000c3600000| Complete 
|  17|0x00000000c3700000, 0x00000000c3800000, 0x00000000c3800000|100%|HC|  |TAMS 0x00000000c3800000, 0x00000000c3700000| Complete 
|  18|0x00000000c3800000, 0x00000000c3900000, 0x00000000c3900000|100%|HC|  |TAMS 0x00000000c3900000, 0x00000000c3800000| Complete 
|  19|0x00000000c3900000, 0x00000000c3a00000, 0x00000000c3a00000|100%|HC|  |TAMS 0x00000000c3a00000, 0x00000000c3900000| Complete 
|  20|0x00000000c3a00000, 0x00000000c3b00000, 0x00000000c3b00000|100%|HC|  |TAMS 0x00000000c3b00000, 0x00000000c3a00000| Complete 
|  21|0x00000000c3b00000, 0x00000000c3c00000, 0x00000000c3c00000|100%|HC|  |TAMS 0x00000000c3c00000, 0x00000000c3b00000| Complete 
|  22|0x00000000c3c00000, 0x00000000c3d00000, 0x00000000c3d00000|100%|HC|  |TAMS 0x00000000c3d00000, 0x00000000c3c00000| Complete 
|  23|0x00000000c3d00000, 0x00000000c3e00000, 0x00000000c3e00000|100%|HC|  |TAMS 0x00000000c3e00000, 0x00000000c3d00000| Complete 
|  24|0x00000000c3e00000, 0x00000000c3f00000, 0x00000000c3f00000|100%|HC|  |TAMS 0x00000000c3f00000, 0x00000000c3e00000| Complete 
|  25|0x00000000c3f00000, 0x00000000c4000000, 0x00000000c4000000|100%|HC|  |TAMS 0x00000000c4000000, 0x00000000c3f00000| Complete 
|  26|0x00000000c4000000, 0x00000000c4100000, 0x00000000c4100000|100%|HC|  |TAMS 0x00000000c4100000, 0x00000000c4000000| Complete 
|  27|0x00000000c4100000, 0x00000000c4200000, 0x00000000c4200000|100%|HC|  |TAMS 0x00000000c4200000, 0x00000000c4100000| Complete 
|  28|0x00000000c4200000, 0x00000000c4300000, 0x00000000c4300000|100%|HC|  |TAMS 0x00000000c4300000, 0x00000000c4200000| Complete 
|  29|0x00000000c4300000, 0x00000000c4400000, 0x00000000c4400000|100%|HC|  |TAMS 0x00000000c4400000, 0x00000000c4300000| Complete 
|  30|0x00000000c4400000, 0x00000000c4500000, 0x00000000c4500000|100%|HC|  |TAMS 0x00000000c4500000, 0x00000000c4400000| Complete 
|  31|0x00000000c4500000, 0x00000000c4600000, 0x00000000c4600000|100%|HC|  |TAMS 0x00000000c4600000, 0x00000000c4500000| Complete 
|  32|0x00000000c4600000, 0x00000000c4700000, 0x00000000c4700000|100%|HC|  |TAMS 0x00000000c4700000, 0x00000000c4600000| Complete 
|  33|0x00000000c4700000, 0x00000000c4800000, 0x00000000c4800000|100%|HC|  |TAMS 0x00000000c4800000, 0x00000000c4700000| Complete 
|  34|0x00000000c4800000, 0x00000000c4900000, 0x00000000c4900000|100%|HC|  |TAMS 0x00000000c4900000, 0x00000000c4800000| Complete 
|  35|0x00000000c4900000, 0x00000000c4a00000, 0x00000000c4a00000|100%|HC|  |TAMS 0x00000000c4a00000, 0x00000000c4900000| Complete 
|  36|0x00000000c4a00000, 0x00000000c4b00000, 0x00000000c4b00000|100%|HC|  |TAMS 0x00000000c4b00000, 0x00000000c4a00000| Complete 
|  37|0x00000000c4b00000, 0x00000000c4c00000, 0x00000000c4c00000|100%|HC|  |TAMS 0x00000000c4c00000, 0x00000000c4b00000| Complete 
|  38|0x00000000c4c00000, 0x00000000c4d00000, 0x00000000c4d00000|100%|HC|  |TAMS 0x00000000c4d00000, 0x00000000c4c00000| Complete 
|  39|0x00000000c4d00000, 0x00000000c4e00000, 0x00000000c4e00000|100%|HC|  |TAMS 0x00000000c4e00000, 0x00000000c4d00000| Complete 
|  40|0x00000000c4e00000, 0x00000000c4f00000, 0x00000000c4f00000|100%|HC|  |TAMS 0x00000000c4f00000, 0x00000000c4e00000| Complete 
|  41|0x00000000c4f00000, 0x00000000c5000000, 0x00000000c5000000|100%|HC|  |TAMS 0x00000000c5000000, 0x00000000c4f00000| Complete 
|  42|0x00000000c5000000, 0x00000000c5100000, 0x00000000c5100000|100%|HC|  |TAMS 0x00000000c5100000, 0x00000000c5000000| Complete 
|  43|0x00000000c5100000, 0x00000000c5200000, 0x00000000c5200000|100%|HC|  |TAMS 0x00000000c5200000, 0x00000000c5100000| Complete 
|  44|0x00000000c5200000, 0x00000000c5300000, 0x00000000c5300000|100%|HC|  |TAMS 0x00000000c5300000, 0x00000000c5200000| Complete 
|  45|0x00000000c5300000, 0x00000000c5400000, 0x00000000c5400000|100%|HC|  |TAMS 0x00000000c5400000, 0x00000000c5300000| Complete 
|  46|0x00000000c5400000, 0x00000000c5500000, 0x00000000c5500000|100%|HC|  |TAMS 0x00000000c5500000, 0x00000000c5400000| Complete 
|  47|0x00000000c5500000, 0x00000000c5600000, 0x00000000c5600000|100%|HC|  |TAMS 0x00000000c5600000, 0x00000000c5500000| Complete 
|  48|0x00000000c5600000, 0x00000000c5700000, 0x00000000c5700000|100%|HC|  |TAMS 0x00000000c5700000, 0x00000000c5600000| Complete 
|  49|0x00000000c5700000, 0x00000000c5800000, 0x00000000c5800000|100%|HC|  |TAMS 0x00000000c5800000, 0x00000000c5700000| Complete 
|  50|0x00000000c5800000, 0x00000000c5900000, 0x00000000c5900000|100%|HC|  |TAMS 0x00000000c5900000, 0x00000000c5800000| Complete 
|  51|0x00000000c5900000, 0x00000000c5a00000, 0x00000000c5a00000|100%|HS|  |TAMS 0x00000000c5a00000, 0x00000000c5900000| Complete 
|  52|0x00000000c5a00000, 0x00000000c5b00000, 0x00000000c5b00000|100%|HC|  |TAMS 0x00000000c5b00000, 0x00000000c5a00000| Complete 
|  53|0x00000000c5b00000, 0x00000000c5c00000, 0x00000000c5c00000|100%|HC|  |TAMS 0x00000000c5c00000, 0x00000000c5b00000| Complete 
|  54|0x00000000c5c00000, 0x00000000c5d00000, 0x00000000c5d00000|100%|HC|  |TAMS 0x00000000c5d00000, 0x00000000c5c00000| Complete 
|  55|0x00000000c5d00000, 0x00000000c5e00000, 0x00000000c5e00000|100%|HC|  |TAMS 0x00000000c5e00000, 0x00000000c5d00000| Complete 
|  56|0x00000000c5e00000, 0x00000000c5f00000, 0x00000000c5f00000|100%|HC|  |TAMS 0x00000000c5f00000, 0x00000000c5e00000| Complete 
|  57|0x00000000c5f00000, 0x00000000c6000000, 0x00000000c6000000|100%| O|  |TAMS 0x00000000c6000000, 0x00000000c5f00000| Untracked 
|  58|0x00000000c6000000, 0x00000000c6046e00, 0x00000000c6100000| 27%| O|  |TAMS 0x00000000c6029400, 0x00000000c6000000| Updating 
|  59|0x00000000c6100000, 0x00000000c6200000, 0x00000000c6200000|100%| O|  |TAMS 0x00000000c6200000, 0x00000000c6100000| Untracked 
|  60|0x00000000c6200000, 0x00000000c6200000, 0x00000000c6300000|  0%| F|  |TAMS 0x00000000c6200000, 0x00000000c6200000| Untracked 
|  61|0x00000000c6300000, 0x00000000c6400000, 0x00000000c6400000|100%|HS|  |TAMS 0x00000000c6400000, 0x00000000c6300000| Complete 
|  62|0x00000000c6400000, 0x00000000c6500000, 0x00000000c6500000|100%|HC|  |TAMS 0x00000000c6500000, 0x00000000c6400000| Complete 
|  63|0x00000000c6500000, 0x00000000c6600000, 0x00000000c6600000|100%|HC|  |TAMS 0x00000000c6600000, 0x00000000c6500000| Complete 
|  64|0x00000000c6600000, 0x00000000c6700000, 0x00000000c6700000|100%|HC|  |TAMS 0x00000000c6700000, 0x00000000c6600000| Complete 
|  65|0x00000000c6700000, 0x00000000c6800000, 0x00000000c6800000|100%|HC|  |TAMS 0x00000000c6800000, 0x00000000c6700000| Complete 
|  66|0x00000000c6800000, 0x00000000c6900000, 0x00000000c6900000|100%|HC|  |TAMS 0x00000000c6900000, 0x00000000c6800000| Complete 
|  67|0x00000000c6900000, 0x00000000c6a00000, 0x00000000c6a00000|100%|HC|  |TAMS 0x00000000c6a00000, 0x00000000c6900000| Complete 
|  68|0x00000000c6a00000, 0x00000000c6b00000, 0x00000000c6b00000|100%|HC|  |TAMS 0x00000000c6b00000, 0x00000000c6a00000| Complete 
|  69|0x00000000c6b00000, 0x00000000c6c00000, 0x00000000c6c00000|100%|HC|  |TAMS 0x00000000c6c00000, 0x00000000c6b00000| Complete 
|  70|0x00000000c6c00000, 0x00000000c6d00000, 0x00000000c6d00000|100%|HC|  |TAMS 0x00000000c6d00000, 0x00000000c6c00000| Complete 
|  71|0x00000000c6d00000, 0x00000000c6e00000, 0x00000000c6e00000|100%|HC|  |TAMS 0x00000000c6e00000, 0x00000000c6d00000| Complete 
|  72|0x00000000c6e00000, 0x00000000c6f00000, 0x00000000c6f00000|100%|HC|  |TAMS 0x00000000c6f00000, 0x00000000c6e00000| Complete 
|  73|0x00000000c6f00000, 0x00000000c7000000, 0x00000000c7000000|100%|HC|  |TAMS 0x00000000c7000000, 0x00000000c6f00000| Complete 
|  74|0x00000000c7000000, 0x00000000c7100000, 0x00000000c7100000|100%|HC|  |TAMS 0x00000000c7100000, 0x00000000c7000000| Complete 
|  75|0x00000000c7100000, 0x00000000c7200000, 0x00000000c7200000|100%|HC|  |TAMS 0x00000000c7200000, 0x00000000c7100000| Complete 
|  76|0x00000000c7200000, 0x00000000c7300000, 0x00000000c7300000|100%|HC|  |TAMS 0x00000000c7300000, 0x00000000c7200000| Complete 
|  77|0x00000000c7300000, 0x00000000c7400000, 0x00000000c7400000|100%|HC|  |TAMS 0x00000000c7400000, 0x00000000c7300000| Complete 
|  78|0x00000000c7400000, 0x00000000c7500000, 0x00000000c7500000|100%|HC|  |TAMS 0x00000000c7500000, 0x00000000c7400000| Complete 
|  79|0x00000000c7500000, 0x00000000c7600000, 0x00000000c7600000|100%|HC|  |TAMS 0x00000000c7600000, 0x00000000c7500000| Complete 
|  80|0x00000000c7600000, 0x00000000c7700000, 0x00000000c7700000|100%|HC|  |TAMS 0x00000000c7700000, 0x00000000c7600000| Complete 
|  81|0x00000000c7700000, 0x00000000c7800000, 0x00000000c7800000|100%|HC|  |TAMS 0x00000000c7800000, 0x00000000c7700000| Complete 
|  82|0x00000000c7800000, 0x00000000c7900000, 0x00000000c7900000|100%|HC|  |TAMS 0x00000000c7900000, 0x00000000c7800000| Complete 
|  83|0x00000000c7900000, 0x00000000c7a00000, 0x00000000c7a00000|100%|HC|  |TAMS 0x00000000c7a00000, 0x00000000c7900000| Complete 
|  84|0x00000000c7a00000, 0x00000000c7b00000, 0x00000000c7b00000|100%|HC|  |TAMS 0x00000000c7b00000, 0x00000000c7a00000| Complete 
|  85|0x00000000c7b00000, 0x00000000c7c00000, 0x00000000c7c00000|100%|HC|  |TAMS 0x00000000c7c00000, 0x00000000c7b00000| Complete 
|  86|0x00000000c7c00000, 0x00000000c7d00000, 0x00000000c7d00000|100%|HC|  |TAMS 0x00000000c7d00000, 0x00000000c7c00000| Complete 
|  87|0x00000000c7d00000, 0x00000000c7e00000, 0x00000000c7e00000|100%|HC|  |TAMS 0x00000000c7e00000, 0x00000000c7d00000| Complete 
|  88|0x00000000c7e00000, 0x00000000c7f00000, 0x00000000c7f00000|100%|HC|  |TAMS 0x00000000c7f00000, 0x00000000c7e00000| Complete 
|  89|0x00000000c7f00000, 0x00000000c8000000, 0x00000000c8000000|100%|HC|  |TAMS 0x00000000c8000000, 0x00000000c7f00000| Complete 
|  90|0x00000000c8000000, 0x00000000c8100000, 0x00000000c8100000|100%|HC|  |TAMS 0x00000000c8100000, 0x00000000c8000000| Complete 
|  91|0x00000000c8100000, 0x00000000c8200000, 0x00000000c8200000|100%|HS|  |TAMS 0x00000000c8200000, 0x00000000c8100000| Complete 
|  92|0x00000000c8200000, 0x00000000c8300000, 0x00000000c8300000|100%|HC|  |TAMS 0x00000000c8300000, 0x00000000c8200000| Complete 
|  93|0x00000000c8300000, 0x00000000c8400000, 0x00000000c8400000|100%|HC|  |TAMS 0x00000000c8400000, 0x00000000c8300000| Complete 
|  94|0x00000000c8400000, 0x00000000c8500000, 0x00000000c8500000|100%|HC|  |TAMS 0x00000000c8500000, 0x00000000c8400000| Complete 
|  95|0x00000000c8500000, 0x00000000c8600000, 0x00000000c8600000|100%|HC|  |TAMS 0x00000000c8600000, 0x00000000c8500000| Complete 
|  96|0x00000000c8600000, 0x00000000c8700000, 0x00000000c8700000|100%|HC|  |TAMS 0x00000000c8700000, 0x00000000c8600000| Complete 
|  97|0x00000000c8700000, 0x00000000c8800000, 0x00000000c8800000|100%|HC|  |TAMS 0x00000000c8800000, 0x00000000c8700000| Complete 
|  98|0x00000000c8800000, 0x00000000c8900000, 0x00000000c8900000|100%|HC|  |TAMS 0x00000000c8900000, 0x00000000c8800000| Complete 
|  99|0x00000000c8900000, 0x00000000c8a00000, 0x00000000c8a00000|100%|HC|  |TAMS 0x00000000c8a00000, 0x00000000c8900000| Complete 
| 100|0x00000000c8a00000, 0x00000000c8b00000, 0x00000000c8b00000|100%|HC|  |TAMS 0x00000000c8b00000, 0x00000000c8a00000| Complete 
| 101|0x00000000c8b00000, 0x00000000c8c00000, 0x00000000c8c00000|100%|HC|  |TAMS 0x00000000c8c00000, 0x00000000c8b00000| Complete 
| 102|0x00000000c8c00000, 0x00000000c8d00000, 0x00000000c8d00000|100%|HC|  |TAMS 0x00000000c8d00000, 0x00000000c8c00000| Complete 
| 103|0x00000000c8d00000, 0x00000000c8e00000, 0x00000000c8e00000|100%|HC|  |TAMS 0x00000000c8e00000, 0x00000000c8d00000| Complete 
| 104|0x00000000c8e00000, 0x00000000c8f00000, 0x00000000c8f00000|100%|HC|  |TAMS 0x00000000c8f00000, 0x00000000c8e00000| Complete 
| 105|0x00000000c8f00000, 0x00000000c9000000, 0x00000000c9000000|100%|HC|  |TAMS 0x00000000c9000000, 0x00000000c8f00000| Complete 
| 106|0x00000000c9000000, 0x00000000c9100000, 0x00000000c9100000|100%|HC|  |TAMS 0x00000000c9100000, 0x00000000c9000000| Complete 
| 107|0x00000000c9100000, 0x00000000c9200000, 0x00000000c9200000|100%|HC|  |TAMS 0x00000000c9200000, 0x00000000c9100000| Complete 
| 108|0x00000000c9200000, 0x00000000c9300000, 0x00000000c9300000|100%|HC|  |TAMS 0x00000000c9300000, 0x00000000c9200000| Complete 
| 109|0x00000000c9300000, 0x00000000c9400000, 0x00000000c9400000|100%|HC|  |TAMS 0x00000000c9400000, 0x00000000c9300000| Complete 
| 110|0x00000000c9400000, 0x00000000c9500000, 0x00000000c9500000|100%|HC|  |TAMS 0x00000000c9500000, 0x00000000c9400000| Complete 
| 111|0x00000000c9500000, 0x00000000c9600000, 0x00000000c9600000|100%|HC|  |TAMS 0x00000000c9600000, 0x00000000c9500000| Complete 
| 112|0x00000000c9600000, 0x00000000c9700000, 0x00000000c9700000|100%|HC|  |TAMS 0x00000000c9700000, 0x00000000c9600000| Complete 
| 113|0x00000000c9700000, 0x00000000c9800000, 0x00000000c9800000|100%|HC|  |TAMS 0x00000000c9800000, 0x00000000c9700000| Complete 
| 114|0x00000000c9800000, 0x00000000c9900000, 0x00000000c9900000|100%|HC|  |TAMS 0x00000000c9900000, 0x00000000c9800000| Complete 
| 115|0x00000000c9900000, 0x00000000c9a00000, 0x00000000c9a00000|100%|HC|  |TAMS 0x00000000c9a00000, 0x00000000c9900000| Complete 
| 116|0x00000000c9a00000, 0x00000000c9b00000, 0x00000000c9b00000|100%|HC|  |TAMS 0x00000000c9b00000, 0x00000000c9a00000| Complete 
| 117|0x00000000c9b00000, 0x00000000c9c00000, 0x00000000c9c00000|100%|HC|  |TAMS 0x00000000c9c00000, 0x00000000c9b00000| Complete 
| 118|0x00000000c9c00000, 0x00000000c9d00000, 0x00000000c9d00000|100%|HC|  |TAMS 0x00000000c9d00000, 0x00000000c9c00000| Complete 
| 119|0x00000000c9d00000, 0x00000000c9e00000, 0x00000000c9e00000|100%|HC|  |TAMS 0x00000000c9e00000, 0x00000000c9d00000| Complete 
| 120|0x00000000c9e00000, 0x00000000c9f00000, 0x00000000c9f00000|100%|HS|  |TAMS 0x00000000c9f00000, 0x00000000c9e00000| Complete 
| 121|0x00000000c9f00000, 0x00000000ca000000, 0x00000000ca000000|100%|HC|  |TAMS 0x00000000ca000000, 0x00000000c9f00000| Complete 
| 122|0x00000000ca000000, 0x00000000ca100000, 0x00000000ca100000|100%|HC|  |TAMS 0x00000000ca100000, 0x00000000ca000000| Complete 
| 123|0x00000000ca100000, 0x00000000ca200000, 0x00000000ca200000|100%|HC|  |TAMS 0x00000000ca200000, 0x00000000ca100000| Complete 
| 124|0x00000000ca200000, 0x00000000ca300000, 0x00000000ca300000|100%|HC|  |TAMS 0x00000000ca300000, 0x00000000ca200000| Complete 
| 125|0x00000000ca300000, 0x00000000ca400000, 0x00000000ca400000|100%|HC|  |TAMS 0x00000000ca400000, 0x00000000ca300000| Complete 
| 126|0x00000000ca400000, 0x00000000ca500000, 0x00000000ca500000|100%|HC|  |TAMS 0x00000000ca500000, 0x00000000ca400000| Complete 
| 127|0x00000000ca500000, 0x00000000ca600000, 0x00000000ca600000|100%|HC|  |TAMS 0x00000000ca600000, 0x00000000ca500000| Complete 
| 128|0x00000000ca600000, 0x00000000ca700000, 0x00000000ca700000|100%|HC|  |TAMS 0x00000000ca700000, 0x00000000ca600000| Complete 
| 129|0x00000000ca700000, 0x00000000ca800000, 0x00000000ca800000|100%|HC|  |TAMS 0x00000000ca800000, 0x00000000ca700000| Complete 
| 130|0x00000000ca800000, 0x00000000ca900000, 0x00000000ca900000|100%|HC|  |TAMS 0x00000000ca900000, 0x00000000ca800000| Complete 
| 131|0x00000000ca900000, 0x00000000caa00000, 0x00000000caa00000|100%|HC|  |TAMS 0x00000000caa00000, 0x00000000ca900000| Complete 
| 132|0x00000000caa00000, 0x00000000cab00000, 0x00000000cab00000|100%|HS|  |TAMS 0x00000000cab00000, 0x00000000caa00000| Complete 
| 133|0x00000000cab00000, 0x00000000cac00000, 0x00000000cac00000|100%|HC|  |TAMS 0x00000000cac00000, 0x00000000cab00000| Complete 
| 134|0x00000000cac00000, 0x00000000cac00000, 0x00000000cad00000|  0%| F|  |TAMS 0x00000000cac00000, 0x00000000cac00000| Untracked 
| 135|0x00000000cad00000, 0x00000000cad00000, 0x00000000cae00000|  0%| F|  |TAMS 0x00000000cad00000, 0x00000000cad00000| Untracked 
| 136|0x00000000cae00000, 0x00000000cae00000, 0x00000000caf00000|  0%| F|  |TAMS 0x00000000cae00000, 0x00000000cae00000| Untracked 
| 137|0x00000000caf00000, 0x00000000cb000000, 0x00000000cb000000|100%|HS|  |TAMS 0x00000000cb000000, 0x00000000caf00000| Complete 
| 138|0x00000000cb000000, 0x00000000cb100000, 0x00000000cb100000|100%|HC|  |TAMS 0x00000000cb100000, 0x00000000cb000000| Complete 
| 139|0x00000000cb100000, 0x00000000cb200000, 0x00000000cb200000|100%|HC|  |TAMS 0x00000000cb200000, 0x00000000cb100000| Complete 
| 140|0x00000000cb200000, 0x00000000cb300000, 0x00000000cb300000|100%|HC|  |TAMS 0x00000000cb300000, 0x00000000cb200000| Complete 
| 141|0x00000000cb300000, 0x00000000cb400000, 0x00000000cb400000|100%|HC|  |TAMS 0x00000000cb400000, 0x00000000cb300000| Complete 
| 142|0x00000000cb400000, 0x00000000cb500000, 0x00000000cb500000|100%|HC|  |TAMS 0x00000000cb500000, 0x00000000cb400000| Complete 
| 143|0x00000000cb500000, 0x00000000cb600000, 0x00000000cb600000|100%|HC|  |TAMS 0x00000000cb600000, 0x00000000cb500000| Complete 
| 144|0x00000000cb600000, 0x00000000cb700000, 0x00000000cb700000|100%|HC|  |TAMS 0x00000000cb700000, 0x00000000cb600000| Complete 
| 145|0x00000000cb700000, 0x00000000cb800000, 0x00000000cb800000|100%|HC|  |TAMS 0x00000000cb800000, 0x00000000cb700000| Complete 
| 146|0x00000000cb800000, 0x00000000cb900000, 0x00000000cb900000|100%|HC|  |TAMS 0x00000000cb900000, 0x00000000cb800000| Complete 
| 147|0x00000000cb900000, 0x00000000cba00000, 0x00000000cba00000|100%|HC|  |TAMS 0x00000000cba00000, 0x00000000cb900000| Complete 
| 148|0x00000000cba00000, 0x00000000cbb00000, 0x00000000cbb00000|100%|HC|  |TAMS 0x00000000cbb00000, 0x00000000cba00000| Complete 
| 149|0x00000000cbb00000, 0x00000000cbc00000, 0x00000000cbc00000|100%|HC|  |TAMS 0x00000000cbc00000, 0x00000000cbb00000| Complete 
| 150|0x00000000cbc00000, 0x00000000cbd00000, 0x00000000cbd00000|100%|HC|  |TAMS 0x00000000cbd00000, 0x00000000cbc00000| Complete 
| 151|0x00000000cbd00000, 0x00000000cbe00000, 0x00000000cbe00000|100%|HC|  |TAMS 0x00000000cbe00000, 0x00000000cbd00000| Complete 
| 152|0x00000000cbe00000, 0x00000000cbf00000, 0x00000000cbf00000|100%|HC|  |TAMS 0x00000000cbf00000, 0x00000000cbe00000| Complete 
| 153|0x00000000cbf00000, 0x00000000cc000000, 0x00000000cc000000|100%|HC|  |TAMS 0x00000000cc000000, 0x00000000cbf00000| Complete 
| 154|0x00000000cc000000, 0x00000000cc100000, 0x00000000cc100000|100%|HC|  |TAMS 0x00000000cc100000, 0x00000000cc000000| Complete 
| 155|0x00000000cc100000, 0x00000000cc200000, 0x00000000cc200000|100%|HC|  |TAMS 0x00000000cc200000, 0x00000000cc100000| Complete 
| 156|0x00000000cc200000, 0x00000000cc300000, 0x00000000cc300000|100%|HC|  |TAMS 0x00000000cc300000, 0x00000000cc200000| Complete 
| 157|0x00000000cc300000, 0x00000000cc400000, 0x00000000cc400000|100%|HC|  |TAMS 0x00000000cc400000, 0x00000000cc300000| Complete 
| 158|0x00000000cc400000, 0x00000000cc500000, 0x00000000cc500000|100%|HC|  |TAMS 0x00000000cc500000, 0x00000000cc400000| Complete 
| 159|0x00000000cc500000, 0x00000000cc600000, 0x00000000cc600000|100%|HC|  |TAMS 0x00000000cc600000, 0x00000000cc500000| Complete 
| 160|0x00000000cc600000, 0x00000000cc700000, 0x00000000cc700000|100%|HC|  |TAMS 0x00000000cc700000, 0x00000000cc600000| Complete 
| 161|0x00000000cc700000, 0x00000000cc800000, 0x00000000cc800000|100%|HC|  |TAMS 0x00000000cc800000, 0x00000000cc700000| Complete 
| 162|0x00000000cc800000, 0x00000000cc900000, 0x00000000cc900000|100%|HC|  |TAMS 0x00000000cc900000, 0x00000000cc800000| Complete 
| 163|0x00000000cc900000, 0x00000000cca00000, 0x00000000cca00000|100%|HC|  |TAMS 0x00000000cca00000, 0x00000000cc900000| Complete 
| 164|0x00000000cca00000, 0x00000000ccb00000, 0x00000000ccb00000|100%|HC|  |TAMS 0x00000000ccb00000, 0x00000000cca00000| Complete 
| 165|0x00000000ccb00000, 0x00000000ccc00000, 0x00000000ccc00000|100%|HC|  |TAMS 0x00000000ccc00000, 0x00000000ccb00000| Complete 
| 166|0x00000000ccc00000, 0x00000000ccd00000, 0x00000000ccd00000|100%|HS|  |TAMS 0x00000000ccd00000, 0x00000000ccc00000| Complete 
| 167|0x00000000ccd00000, 0x00000000cce00000, 0x00000000cce00000|100%|HC|  |TAMS 0x00000000cce00000, 0x00000000ccd00000| Complete 
| 168|0x00000000cce00000, 0x00000000ccf00000, 0x00000000ccf00000|100%|HC|  |TAMS 0x00000000ccf00000, 0x00000000cce00000| Complete 
| 169|0x00000000ccf00000, 0x00000000cd000000, 0x00000000cd000000|100%|HC|  |TAMS 0x00000000cd000000, 0x00000000ccf00000| Complete 
| 170|0x00000000cd000000, 0x00000000cd100000, 0x00000000cd100000|100%|HC|  |TAMS 0x00000000cd100000, 0x00000000cd000000| Complete 
| 171|0x00000000cd100000, 0x00000000cd200000, 0x00000000cd200000|100%|HC|  |TAMS 0x00000000cd200000, 0x00000000cd100000| Complete 
| 172|0x00000000cd200000, 0x00000000cd300000, 0x00000000cd300000|100%|HC|  |TAMS 0x00000000cd300000, 0x00000000cd200000| Complete 
| 173|0x00000000cd300000, 0x00000000cd400000, 0x00000000cd400000|100%|HC|  |TAMS 0x00000000cd400000, 0x00000000cd300000| Complete 
| 174|0x00000000cd400000, 0x00000000cd500000, 0x00000000cd500000|100%|HC|  |TAMS 0x00000000cd500000, 0x00000000cd400000| Complete 
| 175|0x00000000cd500000, 0x00000000cd600000, 0x00000000cd600000|100%|HC|  |TAMS 0x00000000cd600000, 0x00000000cd500000| Complete 
| 176|0x00000000cd600000, 0x00000000cd700000, 0x00000000cd700000|100%|HC|  |TAMS 0x00000000cd700000, 0x00000000cd600000| Complete 
| 177|0x00000000cd700000, 0x00000000cd800000, 0x00000000cd800000|100%|HC|  |TAMS 0x00000000cd800000, 0x00000000cd700000| Complete 
| 178|0x00000000cd800000, 0x00000000cd900000, 0x00000000cd900000|100%|HC|  |TAMS 0x00000000cd900000, 0x00000000cd800000| Complete 
| 179|0x00000000cd900000, 0x00000000cda00000, 0x00000000cda00000|100%|HC|  |TAMS 0x00000000cda00000, 0x00000000cd900000| Complete 
| 180|0x00000000cda00000, 0x00000000cdb00000, 0x00000000cdb00000|100%|HC|  |TAMS 0x00000000cdb00000, 0x00000000cda00000| Complete 
| 181|0x00000000cdb00000, 0x00000000cdc00000, 0x00000000cdc00000|100%|HC|  |TAMS 0x00000000cdc00000, 0x00000000cdb00000| Complete 
| 182|0x00000000cdc00000, 0x00000000cdd00000, 0x00000000cdd00000|100%|HC|  |TAMS 0x00000000cdd00000, 0x00000000cdc00000| Complete 
| 183|0x00000000cdd00000, 0x00000000cde00000, 0x00000000cde00000|100%|HC|  |TAMS 0x00000000cde00000, 0x00000000cdd00000| Complete 
| 184|0x00000000cde00000, 0x00000000cdf00000, 0x00000000cdf00000|100%|HC|  |TAMS 0x00000000cdf00000, 0x00000000cde00000| Complete 
| 185|0x00000000cdf00000, 0x00000000ce000000, 0x00000000ce000000|100%|HC|  |TAMS 0x00000000ce000000, 0x00000000cdf00000| Complete 
| 186|0x00000000ce000000, 0x00000000ce100000, 0x00000000ce100000|100%|HC|  |TAMS 0x00000000ce100000, 0x00000000ce000000| Complete 
| 187|0x00000000ce100000, 0x00000000ce200000, 0x00000000ce200000|100%|HC|  |TAMS 0x00000000ce200000, 0x00000000ce100000| Complete 
| 188|0x00000000ce200000, 0x00000000ce300000, 0x00000000ce300000|100%|HC|  |TAMS 0x00000000ce300000, 0x00000000ce200000| Complete 
| 189|0x00000000ce300000, 0x00000000ce400000, 0x00000000ce400000|100%|HC|  |TAMS 0x00000000ce400000, 0x00000000ce300000| Complete 
| 190|0x00000000ce400000, 0x00000000ce500000, 0x00000000ce500000|100%|HC|  |TAMS 0x00000000ce500000, 0x00000000ce400000| Complete 
| 191|0x00000000ce500000, 0x00000000ce600000, 0x00000000ce600000|100%|HC|  |TAMS 0x00000000ce600000, 0x00000000ce500000| Complete 
| 192|0x00000000ce600000, 0x00000000ce700000, 0x00000000ce700000|100%|HC|  |TAMS 0x00000000ce700000, 0x00000000ce600000| Complete 
| 193|0x00000000ce700000, 0x00000000ce800000, 0x00000000ce800000|100%|HC|  |TAMS 0x00000000ce800000, 0x00000000ce700000| Complete 
| 194|0x00000000ce800000, 0x00000000ce900000, 0x00000000ce900000|100%|HC|  |TAMS 0x00000000ce900000, 0x00000000ce800000| Complete 
| 195|0x00000000ce900000, 0x00000000cea00000, 0x00000000cea00000|100%|HC|  |TAMS 0x00000000cea00000, 0x00000000ce900000| Complete 
| 196|0x00000000cea00000, 0x00000000ceb00000, 0x00000000ceb00000|100%|HC|  |TAMS 0x00000000ceb00000, 0x00000000cea00000| Complete 
| 197|0x00000000ceb00000, 0x00000000cec00000, 0x00000000cec00000|100%|HC|  |TAMS 0x00000000cec00000, 0x00000000ceb00000| Complete 
| 198|0x00000000cec00000, 0x00000000ced00000, 0x00000000ced00000|100%|HC|  |TAMS 0x00000000ced00000, 0x00000000cec00000| Complete 
| 199|0x00000000ced00000, 0x00000000cee00000, 0x00000000cee00000|100%|HC|  |TAMS 0x00000000cee00000, 0x00000000ced00000| Complete 
| 200|0x00000000cee00000, 0x00000000cef00000, 0x00000000cef00000|100%|HC|  |TAMS 0x00000000cef00000, 0x00000000cee00000| Complete 
| 201|0x00000000cef00000, 0x00000000cf000000, 0x00000000cf000000|100%|HC|  |TAMS 0x00000000cf000000, 0x00000000cef00000| Complete 
| 202|0x00000000cf000000, 0x00000000cf100000, 0x00000000cf100000|100%|HS|  |TAMS 0x00000000cf100000, 0x00000000cf000000| Complete 
| 203|0x00000000cf100000, 0x00000000cf200000, 0x00000000cf200000|100%|HC|  |TAMS 0x00000000cf200000, 0x00000000cf100000| Complete 
| 204|0x00000000cf200000, 0x00000000cf300000, 0x00000000cf300000|100%|HC|  |TAMS 0x00000000cf300000, 0x00000000cf200000| Complete 
| 205|0x00000000cf300000, 0x00000000cf400000, 0x00000000cf400000|100%|HC|  |TAMS 0x00000000cf400000, 0x00000000cf300000| Complete 
| 206|0x00000000cf400000, 0x00000000cf500000, 0x00000000cf500000|100%|HC|  |TAMS 0x00000000cf500000, 0x00000000cf400000| Complete 
| 207|0x00000000cf500000, 0x00000000cf600000, 0x00000000cf600000|100%|HC|  |TAMS 0x00000000cf600000, 0x00000000cf500000| Complete 
| 208|0x00000000cf600000, 0x00000000cf700000, 0x00000000cf700000|100%|HS|  |TAMS 0x00000000cf700000, 0x00000000cf600000| Complete 
| 209|0x00000000cf700000, 0x00000000cf800000, 0x00000000cf800000|100%|HC|  |TAMS 0x00000000cf800000, 0x00000000cf700000| Complete 
| 210|0x00000000cf800000, 0x00000000cf900000, 0x00000000cf900000|100%|HC|  |TAMS 0x00000000cf900000, 0x00000000cf800000| Complete 
| 211|0x00000000cf900000, 0x00000000cfa00000, 0x00000000cfa00000|100%|HC|  |TAMS 0x00000000cfa00000, 0x00000000cf900000| Complete 
| 212|0x00000000cfa00000, 0x00000000cfb00000, 0x00000000cfb00000|100%|HC|  |TAMS 0x00000000cfb00000, 0x00000000cfa00000| Complete 
| 213|0x00000000cfb00000, 0x00000000cfc00000, 0x00000000cfc00000|100%|HC|  |TAMS 0x00000000cfc00000, 0x00000000cfb00000| Complete 
| 214|0x00000000cfc00000, 0x00000000cfd00000, 0x00000000cfd00000|100%|HS|  |TAMS 0x00000000cfd00000, 0x00000000cfc00000| Complete 
| 215|0x00000000cfd00000, 0x00000000cfe00000, 0x00000000cfe00000|100%|HC|  |TAMS 0x00000000cfe00000, 0x00000000cfd00000| Complete 
| 216|0x00000000cfe00000, 0x00000000cff00000, 0x00000000cff00000|100%|HC|  |TAMS 0x00000000cff00000, 0x00000000cfe00000| Complete 
| 217|0x00000000cff00000, 0x00000000d0000000, 0x00000000d0000000|100%|HC|  |TAMS 0x00000000d0000000, 0x00000000cff00000| Complete 
| 218|0x00000000d0000000, 0x00000000d0100000, 0x00000000d0100000|100%|HC|  |TAMS 0x00000000d0100000, 0x00000000d0000000| Complete 
| 219|0x00000000d0100000, 0x00000000d0200000, 0x00000000d0200000|100%|HC|  |TAMS 0x00000000d0200000, 0x00000000d0100000| Complete 
| 220|0x00000000d0200000, 0x00000000d0300000, 0x00000000d0300000|100%|HS|  |TAMS 0x00000000d0300000, 0x00000000d0200000| Complete 
| 221|0x00000000d0300000, 0x00000000d0400000, 0x00000000d0400000|100%|HC|  |TAMS 0x00000000d0400000, 0x00000000d0300000| Complete 
| 222|0x00000000d0400000, 0x00000000d0500000, 0x00000000d0500000|100%|HC|  |TAMS 0x00000000d0500000, 0x00000000d0400000| Complete 
| 223|0x00000000d0500000, 0x00000000d0600000, 0x00000000d0600000|100%|HC|  |TAMS 0x00000000d0600000, 0x00000000d0500000| Complete 
| 224|0x00000000d0600000, 0x00000000d0700000, 0x00000000d0700000|100%|HC|  |TAMS 0x00000000d0700000, 0x00000000d0600000| Complete 
| 225|0x00000000d0700000, 0x00000000d0800000, 0x00000000d0800000|100%|HC|  |TAMS 0x00000000d0800000, 0x00000000d0700000| Complete 
| 226|0x00000000d0800000, 0x00000000d0900000, 0x00000000d0900000|100%|HS|  |TAMS 0x00000000d0900000, 0x00000000d0800000| Complete 
| 227|0x00000000d0900000, 0x00000000d0a00000, 0x00000000d0a00000|100%|HC|  |TAMS 0x00000000d0a00000, 0x00000000d0900000| Complete 
| 228|0x00000000d0a00000, 0x00000000d0b00000, 0x00000000d0b00000|100%|HC|  |TAMS 0x00000000d0b00000, 0x00000000d0a00000| Complete 
| 229|0x00000000d0b00000, 0x00000000d0c00000, 0x00000000d0c00000|100%|HC|  |TAMS 0x00000000d0c00000, 0x00000000d0b00000| Complete 
| 230|0x00000000d0c00000, 0x00000000d0d00000, 0x00000000d0d00000|100%|HC|  |TAMS 0x00000000d0d00000, 0x00000000d0c00000| Complete 
| 231|0x00000000d0d00000, 0x00000000d0e00000, 0x00000000d0e00000|100%|HC|  |TAMS 0x00000000d0e00000, 0x00000000d0d00000| Complete 
| 232|0x00000000d0e00000, 0x00000000d0f00000, 0x00000000d0f00000|100%|HS|  |TAMS 0x00000000d0f00000, 0x00000000d0e00000| Complete 
| 233|0x00000000d0f00000, 0x00000000d1000000, 0x00000000d1000000|100%|HC|  |TAMS 0x00000000d1000000, 0x00000000d0f00000| Complete 
| 234|0x00000000d1000000, 0x00000000d1100000, 0x00000000d1100000|100%|HC|  |TAMS 0x00000000d1100000, 0x00000000d1000000| Complete 
| 235|0x00000000d1100000, 0x00000000d1200000, 0x00000000d1200000|100%|HC|  |TAMS 0x00000000d1200000, 0x00000000d1100000| Complete 
| 236|0x00000000d1200000, 0x00000000d1300000, 0x00000000d1300000|100%|HC|  |TAMS 0x00000000d1300000, 0x00000000d1200000| Complete 
| 237|0x00000000d1300000, 0x00000000d1400000, 0x00000000d1400000|100%|HC|  |TAMS 0x00000000d1400000, 0x00000000d1300000| Complete 
| 238|0x00000000d1400000, 0x00000000d1500000, 0x00000000d1500000|100%|HC|  |TAMS 0x00000000d1500000, 0x00000000d1400000| Complete 
| 239|0x00000000d1500000, 0x00000000d1600000, 0x00000000d1600000|100%|HC|  |TAMS 0x00000000d1600000, 0x00000000d1500000| Complete 
| 240|0x00000000d1600000, 0x00000000d1700000, 0x00000000d1700000|100%|HC|  |TAMS 0x00000000d1700000, 0x00000000d1600000| Complete 
| 241|0x00000000d1700000, 0x00000000d1800000, 0x00000000d1800000|100%|HC|  |TAMS 0x00000000d1800000, 0x00000000d1700000| Complete 
| 242|0x00000000d1800000, 0x00000000d1900000, 0x00000000d1900000|100%|HC|  |TAMS 0x00000000d1900000, 0x00000000d1800000| Complete 
| 243|0x00000000d1900000, 0x00000000d1a00000, 0x00000000d1a00000|100%|HC|  |TAMS 0x00000000d1a00000, 0x00000000d1900000| Complete 
| 244|0x00000000d1a00000, 0x00000000d1b00000, 0x00000000d1b00000|100%|HC|  |TAMS 0x00000000d1b00000, 0x00000000d1a00000| Complete 
| 245|0x00000000d1b00000, 0x00000000d1c00000, 0x00000000d1c00000|100%|HC|  |TAMS 0x00000000d1c00000, 0x00000000d1b00000| Complete 
| 246|0x00000000d1c00000, 0x00000000d1d00000, 0x00000000d1d00000|100%|HC|  |TAMS 0x00000000d1d00000, 0x00000000d1c00000| Complete 
| 247|0x00000000d1d00000, 0x00000000d1e00000, 0x00000000d1e00000|100%|HC|  |TAMS 0x00000000d1e00000, 0x00000000d1d00000| Complete 
| 248|0x00000000d1e00000, 0x00000000d1f00000, 0x00000000d1f00000|100%|HC|  |TAMS 0x00000000d1f00000, 0x00000000d1e00000| Complete 
| 249|0x00000000d1f00000, 0x00000000d2000000, 0x00000000d2000000|100%|HC|  |TAMS 0x00000000d2000000, 0x00000000d1f00000| Complete 
| 250|0x00000000d2000000, 0x00000000d2100000, 0x00000000d2100000|100%|HC|  |TAMS 0x00000000d2100000, 0x00000000d2000000| Complete 
| 251|0x00000000d2100000, 0x00000000d2200000, 0x00000000d2200000|100%|HC|  |TAMS 0x00000000d2200000, 0x00000000d2100000| Complete 
| 252|0x00000000d2200000, 0x00000000d2300000, 0x00000000d2300000|100%|HC|  |TAMS 0x00000000d2300000, 0x00000000d2200000| Complete 
| 253|0x00000000d2300000, 0x00000000d2400000, 0x00000000d2400000|100%|HC|  |TAMS 0x00000000d2400000, 0x00000000d2300000| Complete 
| 254|0x00000000d2400000, 0x00000000d2500000, 0x00000000d2500000|100%|HC|  |TAMS 0x00000000d2500000, 0x00000000d2400000| Complete 
| 255|0x00000000d2500000, 0x00000000d2600000, 0x00000000d2600000|100%|HC|  |TAMS 0x00000000d2600000, 0x00000000d2500000| Complete 
| 256|0x00000000d2600000, 0x00000000d2700000, 0x00000000d2700000|100%|HC|  |TAMS 0x00000000d2700000, 0x00000000d2600000| Complete 
| 257|0x00000000d2700000, 0x00000000d2800000, 0x00000000d2800000|100%|HC|  |TAMS 0x00000000d2800000, 0x00000000d2700000| Complete 
| 258|0x00000000d2800000, 0x00000000d2900000, 0x00000000d2900000|100%|HC|  |TAMS 0x00000000d2900000, 0x00000000d2800000| Complete 
| 259|0x00000000d2900000, 0x00000000d2a00000, 0x00000000d2a00000|100%|HC|  |TAMS 0x00000000d2a00000, 0x00000000d2900000| Complete 
| 260|0x00000000d2a00000, 0x00000000d2b00000, 0x00000000d2b00000|100%|HC|  |TAMS 0x00000000d2b00000, 0x00000000d2a00000| Complete 
| 261|0x00000000d2b00000, 0x00000000d2c00000, 0x00000000d2c00000|100%|HC|  |TAMS 0x00000000d2c00000, 0x00000000d2b00000| Complete 
| 262|0x00000000d2c00000, 0x00000000d2d00000, 0x00000000d2d00000|100%|HC|  |TAMS 0x00000000d2d00000, 0x00000000d2c00000| Complete 
| 263|0x00000000d2d00000, 0x00000000d2e00000, 0x00000000d2e00000|100%|HC|  |TAMS 0x00000000d2e00000, 0x00000000d2d00000| Complete 
| 264|0x00000000d2e00000, 0x00000000d2f00000, 0x00000000d2f00000|100%|HC|  |TAMS 0x00000000d2f00000, 0x00000000d2e00000| Complete 
| 265|0x00000000d2f00000, 0x00000000d3000000, 0x00000000d3000000|100%|HC|  |TAMS 0x00000000d3000000, 0x00000000d2f00000| Complete 
| 266|0x00000000d3000000, 0x00000000d3100000, 0x00000000d3100000|100%|HC|  |TAMS 0x00000000d3100000, 0x00000000d3000000| Complete 
| 267|0x00000000d3100000, 0x00000000d3200000, 0x00000000d3200000|100%|HC|  |TAMS 0x00000000d3200000, 0x00000000d3100000| Complete 
| 268|0x00000000d3200000, 0x00000000d3300000, 0x00000000d3300000|100%|HC|  |TAMS 0x00000000d3300000, 0x00000000d3200000| Complete 
| 269|0x00000000d3300000, 0x00000000d3400000, 0x00000000d3400000|100%|HC|  |TAMS 0x00000000d3400000, 0x00000000d3300000| Complete 
| 270|0x00000000d3400000, 0x00000000d3500000, 0x00000000d3500000|100%|HC|  |TAMS 0x00000000d3500000, 0x00000000d3400000| Complete 
| 271|0x00000000d3500000, 0x00000000d3600000, 0x00000000d3600000|100%|HC|  |TAMS 0x00000000d3600000, 0x00000000d3500000| Complete 
| 272|0x00000000d3600000, 0x00000000d3700000, 0x00000000d3700000|100%|HC|  |TAMS 0x00000000d3700000, 0x00000000d3600000| Complete 
| 273|0x00000000d3700000, 0x00000000d3800000, 0x00000000d3800000|100%|HC|  |TAMS 0x00000000d3800000, 0x00000000d3700000| Complete 
| 274|0x00000000d3800000, 0x00000000d3900000, 0x00000000d3900000|100%|HC|  |TAMS 0x00000000d3900000, 0x00000000d3800000| Complete 
| 275|0x00000000d3900000, 0x00000000d3a00000, 0x00000000d3a00000|100%|HC|  |TAMS 0x00000000d3a00000, 0x00000000d3900000| Complete 
| 276|0x00000000d3a00000, 0x00000000d3b00000, 0x00000000d3b00000|100%|HC|  |TAMS 0x00000000d3b00000, 0x00000000d3a00000| Complete 
| 277|0x00000000d3b00000, 0x00000000d3c00000, 0x00000000d3c00000|100%|HC|  |TAMS 0x00000000d3c00000, 0x00000000d3b00000| Complete 
| 278|0x00000000d3c00000, 0x00000000d3d00000, 0x00000000d3d00000|100%|HC|  |TAMS 0x00000000d3d00000, 0x00000000d3c00000| Complete 
| 279|0x00000000d3d00000, 0x00000000d3e00000, 0x00000000d3e00000|100%|HC|  |TAMS 0x00000000d3e00000, 0x00000000d3d00000| Complete 
| 280|0x00000000d3e00000, 0x00000000d3f00000, 0x00000000d3f00000|100%|HC|  |TAMS 0x00000000d3f00000, 0x00000000d3e00000| Complete 
| 281|0x00000000d3f00000, 0x00000000d4000000, 0x00000000d4000000|100%|HC|  |TAMS 0x00000000d4000000, 0x00000000d3f00000| Complete 
| 282|0x00000000d4000000, 0x00000000d4100000, 0x00000000d4100000|100%|HC|  |TAMS 0x00000000d4100000, 0x00000000d4000000| Complete 
| 283|0x00000000d4100000, 0x00000000d4200000, 0x00000000d4200000|100%|HS|  |TAMS 0x00000000d4200000, 0x00000000d4100000| Complete 
| 284|0x00000000d4200000, 0x00000000d4300000, 0x00000000d4300000|100%|HC|  |TAMS 0x00000000d4300000, 0x00000000d4200000| Complete 
| 285|0x00000000d4300000, 0x00000000d4400000, 0x00000000d4400000|100%|HC|  |TAMS 0x00000000d4400000, 0x00000000d4300000| Complete 
| 286|0x00000000d4400000, 0x00000000d4500000, 0x00000000d4500000|100%|HC|  |TAMS 0x00000000d4500000, 0x00000000d4400000| Complete 
| 287|0x00000000d4500000, 0x00000000d4600000, 0x00000000d4600000|100%|HC|  |TAMS 0x00000000d4600000, 0x00000000d4500000| Complete 
| 288|0x00000000d4600000, 0x00000000d4700000, 0x00000000d4700000|100%|HC|  |TAMS 0x00000000d4700000, 0x00000000d4600000| Complete 
| 289|0x00000000d4700000, 0x00000000d4800000, 0x00000000d4800000|100%|HC|  |TAMS 0x00000000d4800000, 0x00000000d4700000| Complete 
| 290|0x00000000d4800000, 0x00000000d4900000, 0x00000000d4900000|100%|HC|  |TAMS 0x00000000d4900000, 0x00000000d4800000| Complete 
| 291|0x00000000d4900000, 0x00000000d4a00000, 0x00000000d4a00000|100%|HC|  |TAMS 0x00000000d4a00000, 0x00000000d4900000| Complete 
| 292|0x00000000d4a00000, 0x00000000d4b00000, 0x00000000d4b00000|100%|HC|  |TAMS 0x00000000d4b00000, 0x00000000d4a00000| Complete 
| 293|0x00000000d4b00000, 0x00000000d4c00000, 0x00000000d4c00000|100%|HC|  |TAMS 0x00000000d4c00000, 0x00000000d4b00000| Complete 
| 294|0x00000000d4c00000, 0x00000000d4d00000, 0x00000000d4d00000|100%|HC|  |TAMS 0x00000000d4d00000, 0x00000000d4c00000| Complete 
| 295|0x00000000d4d00000, 0x00000000d4e00000, 0x00000000d4e00000|100%|HC|  |TAMS 0x00000000d4e00000, 0x00000000d4d00000| Complete 
| 296|0x00000000d4e00000, 0x00000000d4f00000, 0x00000000d4f00000|100%|HC|  |TAMS 0x00000000d4f00000, 0x00000000d4e00000| Complete 
| 297|0x00000000d4f00000, 0x00000000d5000000, 0x00000000d5000000|100%|HC|  |TAMS 0x00000000d5000000, 0x00000000d4f00000| Complete 
| 298|0x00000000d5000000, 0x00000000d5100000, 0x00000000d5100000|100%|HC|  |TAMS 0x00000000d5100000, 0x00000000d5000000| Complete 
| 299|0x00000000d5100000, 0x00000000d5200000, 0x00000000d5200000|100%|HC|  |TAMS 0x00000000d5200000, 0x00000000d5100000| Complete 
| 300|0x00000000d5200000, 0x00000000d5300000, 0x00000000d5300000|100%|HC|  |TAMS 0x00000000d5300000, 0x00000000d5200000| Complete 
| 301|0x00000000d5300000, 0x00000000d5400000, 0x00000000d5400000|100%|HC|  |TAMS 0x00000000d5400000, 0x00000000d5300000| Complete 
| 302|0x00000000d5400000, 0x00000000d5500000, 0x00000000d5500000|100%|HC|  |TAMS 0x00000000d5500000, 0x00000000d5400000| Complete 
| 303|0x00000000d5500000, 0x00000000d5600000, 0x00000000d5600000|100%|HC|  |TAMS 0x00000000d5600000, 0x00000000d5500000| Complete 
| 304|0x00000000d5600000, 0x00000000d5700000, 0x00000000d5700000|100%|HC|  |TAMS 0x00000000d5700000, 0x00000000d5600000| Complete 
| 305|0x00000000d5700000, 0x00000000d5800000, 0x00000000d5800000|100%|HC|  |TAMS 0x00000000d5800000, 0x00000000d5700000| Complete 
| 306|0x00000000d5800000, 0x00000000d5900000, 0x00000000d5900000|100%|HC|  |TAMS 0x00000000d5900000, 0x00000000d5800000| Complete 
| 307|0x00000000d5900000, 0x00000000d5a00000, 0x00000000d5a00000|100%|HC|  |TAMS 0x00000000d5a00000, 0x00000000d5900000| Complete 
| 308|0x00000000d5a00000, 0x00000000d5b00000, 0x00000000d5b00000|100%|HC|  |TAMS 0x00000000d5b00000, 0x00000000d5a00000| Complete 
| 309|0x00000000d5b00000, 0x00000000d5c00000, 0x00000000d5c00000|100%|HC|  |TAMS 0x00000000d5c00000, 0x00000000d5b00000| Complete 
| 310|0x00000000d5c00000, 0x00000000d5d00000, 0x00000000d5d00000|100%|HC|  |TAMS 0x00000000d5d00000, 0x00000000d5c00000| Complete 
| 311|0x00000000d5d00000, 0x00000000d5e00000, 0x00000000d5e00000|100%|HC|  |TAMS 0x00000000d5e00000, 0x00000000d5d00000| Complete 
| 312|0x00000000d5e00000, 0x00000000d5f00000, 0x00000000d5f00000|100%|HC|  |TAMS 0x00000000d5f00000, 0x00000000d5e00000| Complete 
| 313|0x00000000d5f00000, 0x00000000d6000000, 0x00000000d6000000|100%|HC|  |TAMS 0x00000000d6000000, 0x00000000d5f00000| Complete 
| 314|0x00000000d6000000, 0x00000000d6100000, 0x00000000d6100000|100%|HC|  |TAMS 0x00000000d6100000, 0x00000000d6000000| Complete 
| 315|0x00000000d6100000, 0x00000000d6200000, 0x00000000d6200000|100%|HC|  |TAMS 0x00000000d6200000, 0x00000000d6100000| Complete 
| 316|0x00000000d6200000, 0x00000000d6300000, 0x00000000d6300000|100%|HC|  |TAMS 0x00000000d6300000, 0x00000000d6200000| Complete 
| 317|0x00000000d6300000, 0x00000000d6400000, 0x00000000d6400000|100%|HC|  |TAMS 0x00000000d6400000, 0x00000000d6300000| Complete 
| 318|0x00000000d6400000, 0x00000000d6500000, 0x00000000d6500000|100%|HC|  |TAMS 0x00000000d6500000, 0x00000000d6400000| Complete 
| 319|0x00000000d6500000, 0x00000000d6600000, 0x00000000d6600000|100%|HC|  |TAMS 0x00000000d6600000, 0x00000000d6500000| Complete 
| 320|0x00000000d6600000, 0x00000000d6700000, 0x00000000d6700000|100%|HC|  |TAMS 0x00000000d6700000, 0x00000000d6600000| Complete 
| 321|0x00000000d6700000, 0x00000000d6800000, 0x00000000d6800000|100%|HC|  |TAMS 0x00000000d6800000, 0x00000000d6700000| Complete 
| 322|0x00000000d6800000, 0x00000000d6900000, 0x00000000d6900000|100%|HS|  |TAMS 0x00000000d6900000, 0x00000000d6800000| Complete 
| 323|0x00000000d6900000, 0x00000000d6a00000, 0x00000000d6a00000|100%|HC|  |TAMS 0x00000000d6a00000, 0x00000000d6900000| Complete 
| 324|0x00000000d6a00000, 0x00000000d6b00000, 0x00000000d6b00000|100%|HC|  |TAMS 0x00000000d6b00000, 0x00000000d6a00000| Complete 
| 325|0x00000000d6b00000, 0x00000000d6c00000, 0x00000000d6c00000|100%|HC|  |TAMS 0x00000000d6c00000, 0x00000000d6b00000| Complete 
| 326|0x00000000d6c00000, 0x00000000d6d00000, 0x00000000d6d00000|100%|HC|  |TAMS 0x00000000d6d00000, 0x00000000d6c00000| Complete 
| 327|0x00000000d6d00000, 0x00000000d6e00000, 0x00000000d6e00000|100%|HC|  |TAMS 0x00000000d6e00000, 0x00000000d6d00000| Complete 
| 328|0x00000000d6e00000, 0x00000000d6f00000, 0x00000000d6f00000|100%|HC|  |TAMS 0x00000000d6f00000, 0x00000000d6e00000| Complete 
| 329|0x00000000d6f00000, 0x00000000d7000000, 0x00000000d7000000|100%|HC|  |TAMS 0x00000000d7000000, 0x00000000d6f00000| Complete 
| 330|0x00000000d7000000, 0x00000000d7100000, 0x00000000d7100000|100%|HC|  |TAMS 0x00000000d7100000, 0x00000000d7000000| Complete 
| 331|0x00000000d7100000, 0x00000000d7200000, 0x00000000d7200000|100%|HC|  |TAMS 0x00000000d7200000, 0x00000000d7100000| Complete 
| 332|0x00000000d7200000, 0x00000000d7300000, 0x00000000d7300000|100%|HC|  |TAMS 0x00000000d7300000, 0x00000000d7200000| Complete 
| 333|0x00000000d7300000, 0x00000000d7400000, 0x00000000d7400000|100%|HC|  |TAMS 0x00000000d7400000, 0x00000000d7300000| Complete 
| 334|0x00000000d7400000, 0x00000000d7500000, 0x00000000d7500000|100%|HC|  |TAMS 0x00000000d7500000, 0x00000000d7400000| Complete 
| 335|0x00000000d7500000, 0x00000000d7600000, 0x00000000d7600000|100%|HC|  |TAMS 0x00000000d7600000, 0x00000000d7500000| Complete 
| 336|0x00000000d7600000, 0x00000000d7700000, 0x00000000d7700000|100%|HC|  |TAMS 0x00000000d7700000, 0x00000000d7600000| Complete 
| 337|0x00000000d7700000, 0x00000000d7800000, 0x00000000d7800000|100%|HC|  |TAMS 0x00000000d7800000, 0x00000000d7700000| Complete 
| 338|0x00000000d7800000, 0x00000000d7900000, 0x00000000d7900000|100%|HC|  |TAMS 0x00000000d7900000, 0x00000000d7800000| Complete 
| 339|0x00000000d7900000, 0x00000000d7a00000, 0x00000000d7a00000|100%|HC|  |TAMS 0x00000000d7a00000, 0x00000000d7900000| Complete 
| 340|0x00000000d7a00000, 0x00000000d7b00000, 0x00000000d7b00000|100%|HC|  |TAMS 0x00000000d7b00000, 0x00000000d7a00000| Complete 
| 341|0x00000000d7b00000, 0x00000000d7c00000, 0x00000000d7c00000|100%|HC|  |TAMS 0x00000000d7c00000, 0x00000000d7b00000| Complete 
| 342|0x00000000d7c00000, 0x00000000d7d00000, 0x00000000d7d00000|100%|HC|  |TAMS 0x00000000d7d00000, 0x00000000d7c00000| Complete 
| 343|0x00000000d7d00000, 0x00000000d7e00000, 0x00000000d7e00000|100%|HC|  |TAMS 0x00000000d7e00000, 0x00000000d7d00000| Complete 
| 344|0x00000000d7e00000, 0x00000000d7f00000, 0x00000000d7f00000|100%|HC|  |TAMS 0x00000000d7f00000, 0x00000000d7e00000| Complete 
| 345|0x00000000d7f00000, 0x00000000d8000000, 0x00000000d8000000|100%|HC|  |TAMS 0x00000000d8000000, 0x00000000d7f00000| Complete 
| 346|0x00000000d8000000, 0x00000000d8100000, 0x00000000d8100000|100%|HC|  |TAMS 0x00000000d8100000, 0x00000000d8000000| Complete 
| 347|0x00000000d8100000, 0x00000000d8200000, 0x00000000d8200000|100%|HC|  |TAMS 0x00000000d8200000, 0x00000000d8100000| Complete 
| 348|0x00000000d8200000, 0x00000000d8300000, 0x00000000d8300000|100%|HC|  |TAMS 0x00000000d8300000, 0x00000000d8200000| Complete 
| 349|0x00000000d8300000, 0x00000000d8400000, 0x00000000d8400000|100%|HC|  |TAMS 0x00000000d8400000, 0x00000000d8300000| Complete 
| 350|0x00000000d8400000, 0x00000000d8500000, 0x00000000d8500000|100%|HC|  |TAMS 0x00000000d8500000, 0x00000000d8400000| Complete 
| 351|0x00000000d8500000, 0x00000000d8600000, 0x00000000d8600000|100%|HC|  |TAMS 0x00000000d8600000, 0x00000000d8500000| Complete 
| 352|0x00000000d8600000, 0x00000000d8700000, 0x00000000d8700000|100%|HS|  |TAMS 0x00000000d8700000, 0x00000000d8600000| Complete 
| 353|0x00000000d8700000, 0x00000000d8800000, 0x00000000d8800000|100%|HC|  |TAMS 0x00000000d8800000, 0x00000000d8700000| Complete 
| 354|0x00000000d8800000, 0x00000000d8900000, 0x00000000d8900000|100%|HC|  |TAMS 0x00000000d8900000, 0x00000000d8800000| Complete 
| 355|0x00000000d8900000, 0x00000000d8a00000, 0x00000000d8a00000|100%|HC|  |TAMS 0x00000000d8a00000, 0x00000000d8900000| Complete 
| 356|0x00000000d8a00000, 0x00000000d8b00000, 0x00000000d8b00000|100%|HC|  |TAMS 0x00000000d8b00000, 0x00000000d8a00000| Complete 
| 357|0x00000000d8b00000, 0x00000000d8c00000, 0x00000000d8c00000|100%|HC|  |TAMS 0x00000000d8c00000, 0x00000000d8b00000| Complete 
| 358|0x00000000d8c00000, 0x00000000d8d00000, 0x00000000d8d00000|100%|HC|  |TAMS 0x00000000d8d00000, 0x00000000d8c00000| Complete 
| 359|0x00000000d8d00000, 0x00000000d8e00000, 0x00000000d8e00000|100%|HC|  |TAMS 0x00000000d8e00000, 0x00000000d8d00000| Complete 
| 360|0x00000000d8e00000, 0x00000000d8f00000, 0x00000000d8f00000|100%|HC|  |TAMS 0x00000000d8f00000, 0x00000000d8e00000| Complete 
| 361|0x00000000d8f00000, 0x00000000d9000000, 0x00000000d9000000|100%|HC|  |TAMS 0x00000000d9000000, 0x00000000d8f00000| Complete 
| 362|0x00000000d9000000, 0x00000000d9100000, 0x00000000d9100000|100%|HC|  |TAMS 0x00000000d9100000, 0x00000000d9000000| Complete 
| 363|0x00000000d9100000, 0x00000000d9200000, 0x00000000d9200000|100%|HC|  |TAMS 0x00000000d9200000, 0x00000000d9100000| Complete 
| 364|0x00000000d9200000, 0x00000000d9300000, 0x00000000d9300000|100%|HC|  |TAMS 0x00000000d9300000, 0x00000000d9200000| Complete 
| 365|0x00000000d9300000, 0x00000000d9400000, 0x00000000d9400000|100%|HC|  |TAMS 0x00000000d9400000, 0x00000000d9300000| Complete 
| 366|0x00000000d9400000, 0x00000000d9500000, 0x00000000d9500000|100%|HC|  |TAMS 0x00000000d9500000, 0x00000000d9400000| Complete 
| 367|0x00000000d9500000, 0x00000000d9600000, 0x00000000d9600000|100%|HC|  |TAMS 0x00000000d9600000, 0x00000000d9500000| Complete 
| 368|0x00000000d9600000, 0x00000000d9700000, 0x00000000d9700000|100%|HC|  |TAMS 0x00000000d9700000, 0x00000000d9600000| Complete 
| 369|0x00000000d9700000, 0x00000000d9800000, 0x00000000d9800000|100%|HC|  |TAMS 0x00000000d9800000, 0x00000000d9700000| Complete 
| 370|0x00000000d9800000, 0x00000000d9900000, 0x00000000d9900000|100%|HC|  |TAMS 0x00000000d9900000, 0x00000000d9800000| Complete 
| 371|0x00000000d9900000, 0x00000000d9a00000, 0x00000000d9a00000|100%|HC|  |TAMS 0x00000000d9a00000, 0x00000000d9900000| Complete 
| 372|0x00000000d9a00000, 0x00000000d9b00000, 0x00000000d9b00000|100%|HC|  |TAMS 0x00000000d9b00000, 0x00000000d9a00000| Complete 
| 373|0x00000000d9b00000, 0x00000000d9c00000, 0x00000000d9c00000|100%|HC|  |TAMS 0x00000000d9c00000, 0x00000000d9b00000| Complete 
| 374|0x00000000d9c00000, 0x00000000d9d00000, 0x00000000d9d00000|100%|HC|  |TAMS 0x00000000d9d00000, 0x00000000d9c00000| Complete 
| 375|0x00000000d9d00000, 0x00000000d9e00000, 0x00000000d9e00000|100%|HC|  |TAMS 0x00000000d9e00000, 0x00000000d9d00000| Complete 
| 376|0x00000000d9e00000, 0x00000000d9f00000, 0x00000000d9f00000|100%|HC|  |TAMS 0x00000000d9f00000, 0x00000000d9e00000| Complete 
| 377|0x00000000d9f00000, 0x00000000da000000, 0x00000000da000000|100%|HC|  |TAMS 0x00000000da000000, 0x00000000d9f00000| Complete 
| 378|0x00000000da000000, 0x00000000da100000, 0x00000000da100000|100%|HC|  |TAMS 0x00000000da100000, 0x00000000da000000| Complete 
| 379|0x00000000da100000, 0x00000000da200000, 0x00000000da200000|100%|HC|  |TAMS 0x00000000da200000, 0x00000000da100000| Complete 
| 380|0x00000000da200000, 0x00000000da300000, 0x00000000da300000|100%|HC|  |TAMS 0x00000000da300000, 0x00000000da200000| Complete 
| 381|0x00000000da300000, 0x00000000da400000, 0x00000000da400000|100%|HS|  |TAMS 0x00000000da400000, 0x00000000da300000| Complete 
| 382|0x00000000da400000, 0x00000000da500000, 0x00000000da500000|100%|HC|  |TAMS 0x00000000da500000, 0x00000000da400000| Complete 
| 383|0x00000000da500000, 0x00000000da600000, 0x00000000da600000|100%|HC|  |TAMS 0x00000000da600000, 0x00000000da500000| Complete 
| 384|0x00000000da600000, 0x00000000da700000, 0x00000000da700000|100%|HC|  |TAMS 0x00000000da700000, 0x00000000da600000| Complete 
| 385|0x00000000da700000, 0x00000000da800000, 0x00000000da800000|100%|HC|  |TAMS 0x00000000da800000, 0x00000000da700000| Complete 
| 386|0x00000000da800000, 0x00000000da900000, 0x00000000da900000|100%|HC|  |TAMS 0x00000000da900000, 0x00000000da800000| Complete 
| 387|0x00000000da900000, 0x00000000daa00000, 0x00000000daa00000|100%|HC|  |TAMS 0x00000000daa00000, 0x00000000da900000| Complete 
| 388|0x00000000daa00000, 0x00000000dab00000, 0x00000000dab00000|100%|HC|  |TAMS 0x00000000dab00000, 0x00000000daa00000| Complete 
| 389|0x00000000dab00000, 0x00000000dac00000, 0x00000000dac00000|100%|HC|  |TAMS 0x00000000dac00000, 0x00000000dab00000| Complete 
| 390|0x00000000dac00000, 0x00000000dad00000, 0x00000000dad00000|100%|HC|  |TAMS 0x00000000dad00000, 0x00000000dac00000| Complete 
| 391|0x00000000dad00000, 0x00000000dae00000, 0x00000000dae00000|100%|HC|  |TAMS 0x00000000dae00000, 0x00000000dad00000| Complete 
| 392|0x00000000dae00000, 0x00000000daf00000, 0x00000000daf00000|100%|HC|  |TAMS 0x00000000daf00000, 0x00000000dae00000| Complete 
| 393|0x00000000daf00000, 0x00000000db000000, 0x00000000db000000|100%|HS|  |TAMS 0x00000000daf00000, 0x00000000daf00000| Complete 
| 394|0x00000000db000000, 0x00000000db100000, 0x00000000db100000|100%|HC|  |TAMS 0x00000000db000000, 0x00000000db000000| Complete 
| 395|0x00000000db100000, 0x00000000db200000, 0x00000000db200000|100%|HC|  |TAMS 0x00000000db100000, 0x00000000db100000| Complete 
| 396|0x00000000db200000, 0x00000000db300000, 0x00000000db300000|100%|HC|  |TAMS 0x00000000db200000, 0x00000000db200000| Complete 
| 397|0x00000000db300000, 0x00000000db400000, 0x00000000db400000|100%|HC|  |TAMS 0x00000000db300000, 0x00000000db300000| Complete 
| 398|0x00000000db400000, 0x00000000db500000, 0x00000000db500000|100%|HC|  |TAMS 0x00000000db400000, 0x00000000db400000| Complete 
| 399|0x00000000db500000, 0x00000000db600000, 0x00000000db600000|100%|HC|  |TAMS 0x00000000db500000, 0x00000000db500000| Complete 
| 400|0x00000000db600000, 0x00000000db700000, 0x00000000db700000|100%|HC|  |TAMS 0x00000000db600000, 0x00000000db600000| Complete 
| 401|0x00000000db700000, 0x00000000db800000, 0x00000000db800000|100%|HC|  |TAMS 0x00000000db700000, 0x00000000db700000| Complete 
| 402|0x00000000db800000, 0x00000000db900000, 0x00000000db900000|100%|HC|  |TAMS 0x00000000db800000, 0x00000000db800000| Complete 
| 403|0x00000000db900000, 0x00000000dba00000, 0x00000000dba00000|100%|HC|  |TAMS 0x00000000db900000, 0x00000000db900000| Complete 
| 404|0x00000000dba00000, 0x00000000dbb00000, 0x00000000dbb00000|100%|HC|  |TAMS 0x00000000dba00000, 0x00000000dba00000| Complete 
| 405|0x00000000dbb00000, 0x00000000dbc00000, 0x00000000dbc00000|100%|HC|  |TAMS 0x00000000dbb00000, 0x00000000dbb00000| Complete 
| 406|0x00000000dbc00000, 0x00000000dbd00000, 0x00000000dbd00000|100%|HC|  |TAMS 0x00000000dbc00000, 0x00000000dbc00000| Complete 
| 407|0x00000000dbd00000, 0x00000000dbe00000, 0x00000000dbe00000|100%|HC|  |TAMS 0x00000000dbd00000, 0x00000000dbd00000| Complete 
| 408|0x00000000dbe00000, 0x00000000dbf00000, 0x00000000dbf00000|100%|HC|  |TAMS 0x00000000dbe00000, 0x00000000dbe00000| Complete 
| 409|0x00000000dbf00000, 0x00000000dc000000, 0x00000000dc000000|100%|HC|  |TAMS 0x00000000dbf00000, 0x00000000dbf00000| Complete 
| 410|0x00000000dc000000, 0x00000000dc100000, 0x00000000dc100000|100%|HC|  |TAMS 0x00000000dc000000, 0x00000000dc000000| Complete 
| 411|0x00000000dc100000, 0x00000000dc200000, 0x00000000dc200000|100%|HC|  |TAMS 0x00000000dc100000, 0x00000000dc100000| Complete 
| 412|0x00000000dc200000, 0x00000000dc300000, 0x00000000dc300000|100%|HC|  |TAMS 0x00000000dc200000, 0x00000000dc200000| Complete 
| 413|0x00000000dc300000, 0x00000000dc400000, 0x00000000dc400000|100%|HC|  |TAMS 0x00000000dc300000, 0x00000000dc300000| Complete 
| 414|0x00000000dc400000, 0x00000000dc500000, 0x00000000dc500000|100%|HC|  |TAMS 0x00000000dc400000, 0x00000000dc400000| Complete 
| 415|0x00000000dc500000, 0x00000000dc600000, 0x00000000dc600000|100%|HC|  |TAMS 0x00000000dc500000, 0x00000000dc500000| Complete 
| 416|0x00000000dc600000, 0x00000000dc700000, 0x00000000dc700000|100%|HC|  |TAMS 0x00000000dc600000, 0x00000000dc600000| Complete 
| 417|0x00000000dc700000, 0x00000000dc800000, 0x00000000dc800000|100%|HC|  |TAMS 0x00000000dc700000, 0x00000000dc700000| Complete 
| 418|0x00000000dc800000, 0x00000000dc900000, 0x00000000dc900000|100%|HC|  |TAMS 0x00000000dc800000, 0x00000000dc800000| Complete 
| 419|0x00000000dc900000, 0x00000000dca00000, 0x00000000dca00000|100%|HC|  |TAMS 0x00000000dc900000, 0x00000000dc900000| Complete 
| 420|0x00000000dca00000, 0x00000000dcb00000, 0x00000000dcb00000|100%|HC|  |TAMS 0x00000000dca00000, 0x00000000dca00000| Complete 
| 421|0x00000000dcb00000, 0x00000000dcc00000, 0x00000000dcc00000|100%|HC|  |TAMS 0x00000000dcb00000, 0x00000000dcb00000| Complete 
| 422|0x00000000dcc00000, 0x00000000dcc00000, 0x00000000dcd00000|  0%| F|  |TAMS 0x00000000dcc00000, 0x00000000dcc00000| Untracked 
| 423|0x00000000dcd00000, 0x00000000dcd00000, 0x00000000dce00000|  0%| F|  |TAMS 0x00000000dcd00000, 0x00000000dcd00000| Untracked 
| 424|0x00000000dce00000, 0x00000000dce00000, 0x00000000dcf00000|  0%| F|  |TAMS 0x00000000dce00000, 0x00000000dce00000| Untracked 
| 425|0x00000000dcf00000, 0x00000000dcf00000, 0x00000000dd000000|  0%| F|  |TAMS 0x00000000dcf00000, 0x00000000dcf00000| Untracked 
| 426|0x00000000dd000000, 0x00000000dd000000, 0x00000000dd100000|  0%| F|  |TAMS 0x00000000dd000000, 0x00000000dd000000| Untracked 
| 427|0x00000000dd100000, 0x00000000dd100000, 0x00000000dd200000|  0%| F|  |TAMS 0x00000000dd100000, 0x00000000dd100000| Untracked 
| 428|0x00000000dd200000, 0x00000000dd200000, 0x00000000dd300000|  0%| F|  |TAMS 0x00000000dd200000, 0x00000000dd200000| Untracked 
| 429|0x00000000dd300000, 0x00000000dd300000, 0x00000000dd400000|  0%| F|  |TAMS 0x00000000dd300000, 0x00000000dd300000| Untracked 
| 430|0x00000000dd400000, 0x00000000dd400000, 0x00000000dd500000|  0%| F|  |TAMS 0x00000000dd400000, 0x00000000dd400000| Untracked 
| 431|0x00000000dd500000, 0x00000000dd500000, 0x00000000dd600000|  0%| F|  |TAMS 0x00000000dd500000, 0x00000000dd500000| Untracked 
| 432|0x00000000dd600000, 0x00000000dd600000, 0x00000000dd700000|  0%| F|  |TAMS 0x00000000dd600000, 0x00000000dd600000| Untracked 
| 433|0x00000000dd700000, 0x00000000dd700000, 0x00000000dd800000|  0%| F|  |TAMS 0x00000000dd700000, 0x00000000dd700000| Untracked 
| 434|0x00000000dd800000, 0x00000000dd800000, 0x00000000dd900000|  0%| F|  |TAMS 0x00000000dd800000, 0x00000000dd800000| Untracked 
| 435|0x00000000dd900000, 0x00000000dd900000, 0x00000000dda00000|  0%| F|  |TAMS 0x00000000dd900000, 0x00000000dd900000| Untracked 
| 436|0x00000000dda00000, 0x00000000dda00000, 0x00000000ddb00000|  0%| F|  |TAMS 0x00000000dda00000, 0x00000000dda00000| Untracked 
| 437|0x00000000ddb00000, 0x00000000ddb00000, 0x00000000ddc00000|  0%| F|  |TAMS 0x00000000ddb00000, 0x00000000ddb00000| Untracked 
| 438|0x00000000ddc00000, 0x00000000ddc00000, 0x00000000ddd00000|  0%| F|  |TAMS 0x00000000ddc00000, 0x00000000ddc00000| Untracked 
| 439|0x00000000ddd00000, 0x00000000ddd00000, 0x00000000dde00000|  0%| F|  |TAMS 0x00000000ddd00000, 0x00000000ddd00000| Untracked 
| 440|0x00000000dde00000, 0x00000000dde00000, 0x00000000ddf00000|  0%| F|  |TAMS 0x00000000dde00000, 0x00000000dde00000| Untracked 
| 441|0x00000000ddf00000, 0x00000000ddf00000, 0x00000000de000000|  0%| F|  |TAMS 0x00000000ddf00000, 0x00000000ddf00000| Untracked 
| 442|0x00000000de000000, 0x00000000de000000, 0x00000000de100000|  0%| F|  |TAMS 0x00000000de000000, 0x00000000de000000| Untracked 
| 443|0x00000000de100000, 0x00000000de100000, 0x00000000de200000|  0%| F|  |TAMS 0x00000000de100000, 0x00000000de100000| Untracked 
| 444|0x00000000de200000, 0x00000000de200000, 0x00000000de300000|  0%| F|  |TAMS 0x00000000de200000, 0x00000000de200000| Untracked 
| 445|0x00000000de300000, 0x00000000de300000, 0x00000000de400000|  0%| F|  |TAMS 0x00000000de300000, 0x00000000de300000| Untracked 
| 446|0x00000000de400000, 0x00000000de400000, 0x00000000de500000|  0%| F|  |TAMS 0x00000000de400000, 0x00000000de400000| Untracked 
| 447|0x00000000de500000, 0x00000000de500000, 0x00000000de600000|  0%| F|  |TAMS 0x00000000de500000, 0x00000000de500000| Untracked 
| 448|0x00000000de600000, 0x00000000de600000, 0x00000000de700000|  0%| F|  |TAMS 0x00000000de600000, 0x00000000de600000| Untracked 
| 449|0x00000000de700000, 0x00000000de700000, 0x00000000de800000|  0%| F|  |TAMS 0x00000000de700000, 0x00000000de700000| Untracked 
| 450|0x00000000de800000, 0x00000000de800000, 0x00000000de900000|  0%| F|  |TAMS 0x00000000de800000, 0x00000000de800000| Untracked 
| 451|0x00000000de900000, 0x00000000de900000, 0x00000000dea00000|  0%| F|  |TAMS 0x00000000de900000, 0x00000000de900000| Untracked 
| 452|0x00000000dea00000, 0x00000000dea00000, 0x00000000deb00000|  0%| F|  |TAMS 0x00000000dea00000, 0x00000000dea00000| Untracked 
| 453|0x00000000deb00000, 0x00000000deb00000, 0x00000000dec00000|  0%| F|  |TAMS 0x00000000deb00000, 0x00000000deb00000| Untracked 
| 454|0x00000000dec00000, 0x00000000dec00000, 0x00000000ded00000|  0%| F|  |TAMS 0x00000000dec00000, 0x00000000dec00000| Untracked 
| 455|0x00000000ded00000, 0x00000000ded00000, 0x00000000dee00000|  0%| F|  |TAMS 0x00000000ded00000, 0x00000000ded00000| Untracked 
| 456|0x00000000dee00000, 0x00000000dee00000, 0x00000000def00000|  0%| F|  |TAMS 0x00000000dee00000, 0x00000000dee00000| Untracked 
| 457|0x00000000def00000, 0x00000000def00000, 0x00000000df000000|  0%| F|  |TAMS 0x00000000def00000, 0x00000000def00000| Untracked 
| 458|0x00000000df000000, 0x00000000df000000, 0x00000000df100000|  0%| F|  |TAMS 0x00000000df000000, 0x00000000df000000| Untracked 
| 459|0x00000000df100000, 0x00000000df100000, 0x00000000df200000|  0%| F|  |TAMS 0x00000000df100000, 0x00000000df100000| Untracked 
| 460|0x00000000df200000, 0x00000000df200000, 0x00000000df300000|  0%| F|  |TAMS 0x00000000df200000, 0x00000000df200000| Untracked 
| 461|0x00000000df300000, 0x00000000df300000, 0x00000000df400000|  0%| F|  |TAMS 0x00000000df300000, 0x00000000df300000| Untracked 
| 462|0x00000000df400000, 0x00000000df400000, 0x00000000df500000|  0%| F|  |TAMS 0x00000000df400000, 0x00000000df400000| Untracked 
| 463|0x00000000df500000, 0x00000000df500000, 0x00000000df600000|  0%| F|  |TAMS 0x00000000df500000, 0x00000000df500000| Untracked 
| 464|0x00000000df600000, 0x00000000df600000, 0x00000000df700000|  0%| F|  |TAMS 0x00000000df600000, 0x00000000df600000| Untracked 
| 465|0x00000000df700000, 0x00000000df700000, 0x00000000df800000|  0%| F|  |TAMS 0x00000000df700000, 0x00000000df700000| Untracked 
| 466|0x00000000df800000, 0x00000000df800000, 0x00000000df900000|  0%| F|  |TAMS 0x00000000df800000, 0x00000000df800000| Untracked 
| 467|0x00000000df900000, 0x00000000df900000, 0x00000000dfa00000|  0%| F|  |TAMS 0x00000000df900000, 0x00000000df900000| Untracked 
| 468|0x00000000dfa00000, 0x00000000dfa00000, 0x00000000dfb00000|  0%| F|  |TAMS 0x00000000dfa00000, 0x00000000dfa00000| Untracked 
| 469|0x00000000dfb00000, 0x00000000dfb00000, 0x00000000dfc00000|  0%| F|  |TAMS 0x00000000dfb00000, 0x00000000dfb00000| Untracked 
| 470|0x00000000dfc00000, 0x00000000dfc00000, 0x00000000dfd00000|  0%| F|  |TAMS 0x00000000dfc00000, 0x00000000dfc00000| Untracked 
| 471|0x00000000dfd00000, 0x00000000dfd00000, 0x00000000dfe00000|  0%| F|  |TAMS 0x00000000dfd00000, 0x00000000dfd00000| Untracked 
| 472|0x00000000dfe00000, 0x00000000dfe00000, 0x00000000dff00000|  0%| F|  |TAMS 0x00000000dfe00000, 0x00000000dfe00000| Untracked 
| 473|0x00000000dff00000, 0x00000000dff00000, 0x00000000e0000000|  0%| F|  |TAMS 0x00000000dff00000, 0x00000000dff00000| Untracked 
| 474|0x00000000e0000000, 0x00000000e0000000, 0x00000000e0100000|  0%| F|  |TAMS 0x00000000e0000000, 0x00000000e0000000| Untracked 
| 475|0x00000000e0100000, 0x00000000e0100000, 0x00000000e0200000|  0%| F|  |TAMS 0x00000000e0100000, 0x00000000e0100000| Untracked 
| 476|0x00000000e0200000, 0x00000000e0200000, 0x00000000e0300000|  0%| F|  |TAMS 0x00000000e0200000, 0x00000000e0200000| Untracked 
| 477|0x00000000e0300000, 0x00000000e0300000, 0x00000000e0400000|  0%| F|  |TAMS 0x00000000e0300000, 0x00000000e0300000| Untracked 
| 478|0x00000000e0400000, 0x00000000e0400000, 0x00000000e0500000|  0%| F|  |TAMS 0x00000000e0400000, 0x00000000e0400000| Untracked 
| 479|0x00000000e0500000, 0x00000000e0500000, 0x00000000e0600000|  0%| F|  |TAMS 0x00000000e0500000, 0x00000000e0500000| Untracked 
| 480|0x00000000e0600000, 0x00000000e0600000, 0x00000000e0700000|  0%| F|  |TAMS 0x00000000e0600000, 0x00000000e0600000| Untracked 
| 481|0x00000000e0700000, 0x00000000e0700000, 0x00000000e0800000|  0%| F|  |TAMS 0x00000000e0700000, 0x00000000e0700000| Untracked 
| 482|0x00000000e0800000, 0x00000000e0800000, 0x00000000e0900000|  0%| F|  |TAMS 0x00000000e0800000, 0x00000000e0800000| Untracked 
| 483|0x00000000e0900000, 0x00000000e0900000, 0x00000000e0a00000|  0%| F|  |TAMS 0x00000000e0900000, 0x00000000e0900000| Untracked 
| 484|0x00000000e0a00000, 0x00000000e0a00000, 0x00000000e0b00000|  0%| F|  |TAMS 0x00000000e0a00000, 0x00000000e0a00000| Untracked 
| 485|0x00000000e0b00000, 0x00000000e0b00000, 0x00000000e0c00000|  0%| F|  |TAMS 0x00000000e0b00000, 0x00000000e0b00000| Untracked 
| 486|0x00000000e0c00000, 0x00000000e0c00000, 0x00000000e0d00000|  0%| F|  |TAMS 0x00000000e0c00000, 0x00000000e0c00000| Untracked 
| 487|0x00000000e0d00000, 0x00000000e0d00000, 0x00000000e0e00000|  0%| F|  |TAMS 0x00000000e0d00000, 0x00000000e0d00000| Untracked 
| 488|0x00000000e0e00000, 0x00000000e0e00000, 0x00000000e0f00000|  0%| F|  |TAMS 0x00000000e0e00000, 0x00000000e0e00000| Untracked 
| 489|0x00000000e0f00000, 0x00000000e0f00000, 0x00000000e1000000|  0%| F|  |TAMS 0x00000000e0f00000, 0x00000000e0f00000| Untracked 
| 490|0x00000000e1000000, 0x00000000e1000000, 0x00000000e1100000|  0%| F|  |TAMS 0x00000000e1000000, 0x00000000e1000000| Untracked 
| 491|0x00000000e1100000, 0x00000000e1100000, 0x00000000e1200000|  0%| F|  |TAMS 0x00000000e1100000, 0x00000000e1100000| Untracked 
| 492|0x00000000e1200000, 0x00000000e1200000, 0x00000000e1300000|  0%| F|  |TAMS 0x00000000e1200000, 0x00000000e1200000| Untracked 
| 493|0x00000000e1300000, 0x00000000e1300000, 0x00000000e1400000|  0%| F|  |TAMS 0x00000000e1300000, 0x00000000e1300000| Untracked 
| 494|0x00000000e1400000, 0x00000000e1400000, 0x00000000e1500000|  0%| F|  |TAMS 0x00000000e1400000, 0x00000000e1400000| Untracked 
| 495|0x00000000e1500000, 0x00000000e1500000, 0x00000000e1600000|  0%| F|  |TAMS 0x00000000e1500000, 0x00000000e1500000| Untracked 
| 496|0x00000000e1600000, 0x00000000e1600000, 0x00000000e1700000|  0%| F|  |TAMS 0x00000000e1600000, 0x00000000e1600000| Untracked 
| 497|0x00000000e1700000, 0x00000000e1700000, 0x00000000e1800000|  0%| F|  |TAMS 0x00000000e1700000, 0x00000000e1700000| Untracked 
| 498|0x00000000e1800000, 0x00000000e1800000, 0x00000000e1900000|  0%| F|  |TAMS 0x00000000e1800000, 0x00000000e1800000| Untracked 
| 499|0x00000000e1900000, 0x00000000e1900000, 0x00000000e1a00000|  0%| F|  |TAMS 0x00000000e1900000, 0x00000000e1900000| Untracked 
| 500|0x00000000e1a00000, 0x00000000e1a00000, 0x00000000e1b00000|  0%| F|  |TAMS 0x00000000e1a00000, 0x00000000e1a00000| Untracked 
| 501|0x00000000e1b00000, 0x00000000e1b00000, 0x00000000e1c00000|  0%| F|  |TAMS 0x00000000e1b00000, 0x00000000e1b00000| Untracked 
| 502|0x00000000e1c00000, 0x00000000e1c00000, 0x00000000e1d00000|  0%| F|  |TAMS 0x00000000e1c00000, 0x00000000e1c00000| Untracked 
| 503|0x00000000e1d00000, 0x00000000e1d00000, 0x00000000e1e00000|  0%| F|  |TAMS 0x00000000e1d00000, 0x00000000e1d00000| Untracked 
| 504|0x00000000e1e00000, 0x00000000e1e00000, 0x00000000e1f00000|  0%| F|  |TAMS 0x00000000e1e00000, 0x00000000e1e00000| Untracked 
| 505|0x00000000e1f00000, 0x00000000e1f00000, 0x00000000e2000000|  0%| F|  |TAMS 0x00000000e1f00000, 0x00000000e1f00000| Untracked 
| 506|0x00000000e2000000, 0x00000000e2000000, 0x00000000e2100000|  0%| F|  |TAMS 0x00000000e2000000, 0x00000000e2000000| Untracked 
| 507|0x00000000e2100000, 0x00000000e2100000, 0x00000000e2200000|  0%| F|  |TAMS 0x00000000e2100000, 0x00000000e2100000| Untracked 
| 508|0x00000000e2200000, 0x00000000e2200000, 0x00000000e2300000|  0%| F|  |TAMS 0x00000000e2200000, 0x00000000e2200000| Untracked 
| 509|0x00000000e2300000, 0x00000000e2300000, 0x00000000e2400000|  0%| F|  |TAMS 0x00000000e2300000, 0x00000000e2300000| Untracked 
| 510|0x00000000e2400000, 0x00000000e2400000, 0x00000000e2500000|  0%| F|  |TAMS 0x00000000e2400000, 0x00000000e2400000| Untracked 
| 511|0x00000000e2500000, 0x00000000e2500000, 0x00000000e2600000|  0%| F|  |TAMS 0x00000000e2500000, 0x00000000e2500000| Untracked 
| 512|0x00000000e2600000, 0x00000000e2600000, 0x00000000e2700000|  0%| F|  |TAMS 0x00000000e2600000, 0x00000000e2600000| Untracked 
| 513|0x00000000e2700000, 0x00000000e2700000, 0x00000000e2800000|  0%| F|  |TAMS 0x00000000e2700000, 0x00000000e2700000| Untracked 
| 514|0x00000000e2800000, 0x00000000e2800000, 0x00000000e2900000|  0%| F|  |TAMS 0x00000000e2800000, 0x00000000e2800000| Untracked 
| 515|0x00000000e2900000, 0x00000000e2900000, 0x00000000e2a00000|  0%| F|  |TAMS 0x00000000e2900000, 0x00000000e2900000| Untracked 
| 516|0x00000000e2a00000, 0x00000000e2a00000, 0x00000000e2b00000|  0%| F|  |TAMS 0x00000000e2a00000, 0x00000000e2a00000| Untracked 
| 517|0x00000000e2b00000, 0x00000000e2b00000, 0x00000000e2c00000|  0%| F|  |TAMS 0x00000000e2b00000, 0x00000000e2b00000| Untracked 
| 518|0x00000000e2c00000, 0x00000000e2c00000, 0x00000000e2d00000|  0%| F|  |TAMS 0x00000000e2c00000, 0x00000000e2c00000| Untracked 
| 519|0x00000000e2d00000, 0x00000000e2d00000, 0x00000000e2e00000|  0%| F|  |TAMS 0x00000000e2d00000, 0x00000000e2d00000| Untracked 
| 520|0x00000000e2e00000, 0x00000000e2e00000, 0x00000000e2f00000|  0%| F|  |TAMS 0x00000000e2e00000, 0x00000000e2e00000| Untracked 
| 521|0x00000000e2f00000, 0x00000000e2f00000, 0x00000000e3000000|  0%| F|  |TAMS 0x00000000e2f00000, 0x00000000e2f00000| Untracked 
| 522|0x00000000e3000000, 0x00000000e3000000, 0x00000000e3100000|  0%| F|  |TAMS 0x00000000e3000000, 0x00000000e3000000| Untracked 
| 523|0x00000000e3100000, 0x00000000e3100000, 0x00000000e3200000|  0%| F|  |TAMS 0x00000000e3100000, 0x00000000e3100000| Untracked 
| 524|0x00000000e3200000, 0x00000000e3200000, 0x00000000e3300000|  0%| F|  |TAMS 0x00000000e3200000, 0x00000000e3200000| Untracked 
| 525|0x00000000e3300000, 0x00000000e3300000, 0x00000000e3400000|  0%| F|  |TAMS 0x00000000e3300000, 0x00000000e3300000| Untracked 
| 526|0x00000000e3400000, 0x00000000e3400000, 0x00000000e3500000|  0%| F|  |TAMS 0x00000000e3400000, 0x00000000e3400000| Untracked 
| 527|0x00000000e3500000, 0x00000000e3500000, 0x00000000e3600000|  0%| F|  |TAMS 0x00000000e3500000, 0x00000000e3500000| Untracked 
| 528|0x00000000e3600000, 0x00000000e3600000, 0x00000000e3700000|  0%| F|  |TAMS 0x00000000e3600000, 0x00000000e3600000| Untracked 
| 529|0x00000000e3700000, 0x00000000e3700000, 0x00000000e3800000|  0%| F|  |TAMS 0x00000000e3700000, 0x00000000e3700000| Untracked 
| 530|0x00000000e3800000, 0x00000000e3800000, 0x00000000e3900000|  0%| F|  |TAMS 0x00000000e3800000, 0x00000000e3800000| Untracked 
| 531|0x00000000e3900000, 0x00000000e3900000, 0x00000000e3a00000|  0%| F|  |TAMS 0x00000000e3900000, 0x00000000e3900000| Untracked 
| 532|0x00000000e3a00000, 0x00000000e3a00000, 0x00000000e3b00000|  0%| F|  |TAMS 0x00000000e3a00000, 0x00000000e3a00000| Untracked 
| 533|0x00000000e3b00000, 0x00000000e3b00000, 0x00000000e3c00000|  0%| F|  |TAMS 0x00000000e3b00000, 0x00000000e3b00000| Untracked 
| 534|0x00000000e3c00000, 0x00000000e3c00000, 0x00000000e3d00000|  0%| F|  |TAMS 0x00000000e3c00000, 0x00000000e3c00000| Untracked 
| 535|0x00000000e3d00000, 0x00000000e3d00000, 0x00000000e3e00000|  0%| F|  |TAMS 0x00000000e3d00000, 0x00000000e3d00000| Untracked 
| 536|0x00000000e3e00000, 0x00000000e3e00000, 0x00000000e3f00000|  0%| F|  |TAMS 0x00000000e3e00000, 0x00000000e3e00000| Untracked 
| 537|0x00000000e3f00000, 0x00000000e3f00000, 0x00000000e4000000|  0%| F|  |TAMS 0x00000000e3f00000, 0x00000000e3f00000| Untracked 
| 538|0x00000000e4000000, 0x00000000e4000000, 0x00000000e4100000|  0%| F|  |TAMS 0x00000000e4000000, 0x00000000e4000000| Untracked 
| 539|0x00000000e4100000, 0x00000000e4100000, 0x00000000e4200000|  0%| F|  |TAMS 0x00000000e4100000, 0x00000000e4100000| Untracked 
| 540|0x00000000e4200000, 0x00000000e4200000, 0x00000000e4300000|  0%| F|  |TAMS 0x00000000e4200000, 0x00000000e4200000| Untracked 
| 541|0x00000000e4300000, 0x00000000e4300000, 0x00000000e4400000|  0%| F|  |TAMS 0x00000000e4300000, 0x00000000e4300000| Untracked 
| 542|0x00000000e4400000, 0x00000000e4400000, 0x00000000e4500000|  0%| F|  |TAMS 0x00000000e4400000, 0x00000000e4400000| Untracked 
| 543|0x00000000e4500000, 0x00000000e4500000, 0x00000000e4600000|  0%| F|  |TAMS 0x00000000e4500000, 0x00000000e4500000| Untracked 
| 544|0x00000000e4600000, 0x00000000e4600000, 0x00000000e4700000|  0%| F|  |TAMS 0x00000000e4600000, 0x00000000e4600000| Untracked 
| 545|0x00000000e4700000, 0x00000000e4700000, 0x00000000e4800000|  0%| F|  |TAMS 0x00000000e4700000, 0x00000000e4700000| Untracked 
| 546|0x00000000e4800000, 0x00000000e4800000, 0x00000000e4900000|  0%| F|  |TAMS 0x00000000e4800000, 0x00000000e4800000| Untracked 
| 547|0x00000000e4900000, 0x00000000e4900000, 0x00000000e4a00000|  0%| F|  |TAMS 0x00000000e4900000, 0x00000000e4900000| Untracked 
| 548|0x00000000e4a00000, 0x00000000e4a00000, 0x00000000e4b00000|  0%| F|  |TAMS 0x00000000e4a00000, 0x00000000e4a00000| Untracked 
| 549|0x00000000e4b00000, 0x00000000e4b00000, 0x00000000e4c00000|  0%| F|  |TAMS 0x00000000e4b00000, 0x00000000e4b00000| Untracked 
| 550|0x00000000e4c00000, 0x00000000e4c00000, 0x00000000e4d00000|  0%| F|  |TAMS 0x00000000e4c00000, 0x00000000e4c00000| Untracked 
| 551|0x00000000e4d00000, 0x00000000e4d00000, 0x00000000e4e00000|  0%| F|  |TAMS 0x00000000e4d00000, 0x00000000e4d00000| Untracked 
| 552|0x00000000e4e00000, 0x00000000e4e00000, 0x00000000e4f00000|  0%| F|  |TAMS 0x00000000e4e00000, 0x00000000e4e00000| Untracked 
| 553|0x00000000e4f00000, 0x00000000e4f00000, 0x00000000e5000000|  0%| F|  |TAMS 0x00000000e4f00000, 0x00000000e4f00000| Untracked 
| 554|0x00000000e5000000, 0x00000000e5000000, 0x00000000e5100000|  0%| F|  |TAMS 0x00000000e5000000, 0x00000000e5000000| Untracked 
| 555|0x00000000e5100000, 0x00000000e5100000, 0x00000000e5200000|  0%| F|  |TAMS 0x00000000e5100000, 0x00000000e5100000| Untracked 
| 556|0x00000000e5200000, 0x00000000e5200000, 0x00000000e5300000|  0%| F|  |TAMS 0x00000000e5200000, 0x00000000e5200000| Untracked 
| 557|0x00000000e5300000, 0x00000000e5300000, 0x00000000e5400000|  0%| F|  |TAMS 0x00000000e5300000, 0x00000000e5300000| Untracked 
| 558|0x00000000e5400000, 0x00000000e5400000, 0x00000000e5500000|  0%| F|  |TAMS 0x00000000e5400000, 0x00000000e5400000| Untracked 
| 559|0x00000000e5500000, 0x00000000e5500000, 0x00000000e5600000|  0%| F|  |TAMS 0x00000000e5500000, 0x00000000e5500000| Untracked 
| 560|0x00000000e5600000, 0x00000000e5600000, 0x00000000e5700000|  0%| F|  |TAMS 0x00000000e5600000, 0x00000000e5600000| Untracked 
| 561|0x00000000e5700000, 0x00000000e5700000, 0x00000000e5800000|  0%| F|  |TAMS 0x00000000e5700000, 0x00000000e5700000| Untracked 
| 562|0x00000000e5800000, 0x00000000e5800000, 0x00000000e5900000|  0%| F|  |TAMS 0x00000000e5800000, 0x00000000e5800000| Untracked 
| 563|0x00000000e5900000, 0x00000000e5900000, 0x00000000e5a00000|  0%| F|  |TAMS 0x00000000e5900000, 0x00000000e5900000| Untracked 
| 564|0x00000000e5a00000, 0x00000000e5a00000, 0x00000000e5b00000|  0%| F|  |TAMS 0x00000000e5a00000, 0x00000000e5a00000| Untracked 
| 565|0x00000000e5b00000, 0x00000000e5b00000, 0x00000000e5c00000|  0%| F|  |TAMS 0x00000000e5b00000, 0x00000000e5b00000| Untracked 
| 566|0x00000000e5c00000, 0x00000000e5c00000, 0x00000000e5d00000|  0%| F|  |TAMS 0x00000000e5c00000, 0x00000000e5c00000| Untracked 
| 567|0x00000000e5d00000, 0x00000000e5d00000, 0x00000000e5e00000|  0%| F|  |TAMS 0x00000000e5d00000, 0x00000000e5d00000| Untracked 
| 568|0x00000000e5e00000, 0x00000000e5e00000, 0x00000000e5f00000|  0%| F|  |TAMS 0x00000000e5e00000, 0x00000000e5e00000| Untracked 
| 569|0x00000000e5f00000, 0x00000000e5f00000, 0x00000000e6000000|  0%| F|  |TAMS 0x00000000e5f00000, 0x00000000e5f00000| Untracked 
| 570|0x00000000e6000000, 0x00000000e6000000, 0x00000000e6100000|  0%| F|  |TAMS 0x00000000e6000000, 0x00000000e6000000| Untracked 
| 571|0x00000000e6100000, 0x00000000e6100000, 0x00000000e6200000|  0%| F|  |TAMS 0x00000000e6100000, 0x00000000e6100000| Untracked 
| 572|0x00000000e6200000, 0x00000000e6200000, 0x00000000e6300000|  0%| F|  |TAMS 0x00000000e6200000, 0x00000000e6200000| Untracked 
| 573|0x00000000e6300000, 0x00000000e6300000, 0x00000000e6400000|  0%| F|  |TAMS 0x00000000e6300000, 0x00000000e6300000| Untracked 
| 574|0x00000000e6400000, 0x00000000e6400000, 0x00000000e6500000|  0%| F|  |TAMS 0x00000000e6400000, 0x00000000e6400000| Untracked 
| 575|0x00000000e6500000, 0x00000000e6500000, 0x00000000e6600000|  0%| F|  |TAMS 0x00000000e6500000, 0x00000000e6500000| Untracked 
| 576|0x00000000e6600000, 0x00000000e6600000, 0x00000000e6700000|  0%| F|  |TAMS 0x00000000e6600000, 0x00000000e6600000| Untracked 
| 577|0x00000000e6700000, 0x00000000e6700000, 0x00000000e6800000|  0%| F|  |TAMS 0x00000000e6700000, 0x00000000e6700000| Untracked 
| 578|0x00000000e6800000, 0x00000000e6800000, 0x00000000e6900000|  0%| F|  |TAMS 0x00000000e6800000, 0x00000000e6800000| Untracked 
| 579|0x00000000e6900000, 0x00000000e6900000, 0x00000000e6a00000|  0%| F|  |TAMS 0x00000000e6900000, 0x00000000e6900000| Untracked 
| 580|0x00000000e6a00000, 0x00000000e6a00000, 0x00000000e6b00000|  0%| F|  |TAMS 0x00000000e6a00000, 0x00000000e6a00000| Untracked 
| 581|0x00000000e6b00000, 0x00000000e6b00000, 0x00000000e6c00000|  0%| F|  |TAMS 0x00000000e6b00000, 0x00000000e6b00000| Untracked 
| 582|0x00000000e6c00000, 0x00000000e6c00000, 0x00000000e6d00000|  0%| F|  |TAMS 0x00000000e6c00000, 0x00000000e6c00000| Untracked 
| 583|0x00000000e6d00000, 0x00000000e6d00000, 0x00000000e6e00000|  0%| F|  |TAMS 0x00000000e6d00000, 0x00000000e6d00000| Untracked 
| 584|0x00000000e6e00000, 0x00000000e6e00000, 0x00000000e6f00000|  0%| F|  |TAMS 0x00000000e6e00000, 0x00000000e6e00000| Untracked 
| 585|0x00000000e6f00000, 0x00000000e6f00000, 0x00000000e7000000|  0%| F|  |TAMS 0x00000000e6f00000, 0x00000000e6f00000| Untracked 
| 586|0x00000000e7000000, 0x00000000e7000000, 0x00000000e7100000|  0%| F|  |TAMS 0x00000000e7000000, 0x00000000e7000000| Untracked 
| 587|0x00000000e7100000, 0x00000000e7100000, 0x00000000e7200000|  0%| F|  |TAMS 0x00000000e7100000, 0x00000000e7100000| Untracked 
| 588|0x00000000e7200000, 0x00000000e7200000, 0x00000000e7300000|  0%| F|  |TAMS 0x00000000e7200000, 0x00000000e7200000| Untracked 
| 589|0x00000000e7300000, 0x00000000e7300000, 0x00000000e7400000|  0%| F|  |TAMS 0x00000000e7300000, 0x00000000e7300000| Untracked 
| 590|0x00000000e7400000, 0x00000000e7400000, 0x00000000e7500000|  0%| F|  |TAMS 0x00000000e7400000, 0x00000000e7400000| Untracked 
| 591|0x00000000e7500000, 0x00000000e7500000, 0x00000000e7600000|  0%| F|  |TAMS 0x00000000e7500000, 0x00000000e7500000| Untracked 
| 592|0x00000000e7600000, 0x00000000e7600000, 0x00000000e7700000|  0%| F|  |TAMS 0x00000000e7600000, 0x00000000e7600000| Untracked 
| 593|0x00000000e7700000, 0x00000000e7700000, 0x00000000e7800000|  0%| F|  |TAMS 0x00000000e7700000, 0x00000000e7700000| Untracked 
| 594|0x00000000e7800000, 0x00000000e7800000, 0x00000000e7900000|  0%| F|  |TAMS 0x00000000e7800000, 0x00000000e7800000| Untracked 
| 595|0x00000000e7900000, 0x00000000e7900000, 0x00000000e7a00000|  0%| F|  |TAMS 0x00000000e7900000, 0x00000000e7900000| Untracked 
| 596|0x00000000e7a00000, 0x00000000e7a00000, 0x00000000e7b00000|  0%| F|  |TAMS 0x00000000e7a00000, 0x00000000e7a00000| Untracked 
| 597|0x00000000e7b00000, 0x00000000e7b00000, 0x00000000e7c00000|  0%| F|  |TAMS 0x00000000e7b00000, 0x00000000e7b00000| Untracked 
| 598|0x00000000e7c00000, 0x00000000e7c00000, 0x00000000e7d00000|  0%| F|  |TAMS 0x00000000e7c00000, 0x00000000e7c00000| Untracked 
| 599|0x00000000e7d00000, 0x00000000e7d00000, 0x00000000e7e00000|  0%| F|  |TAMS 0x00000000e7d00000, 0x00000000e7d00000| Untracked 
| 600|0x00000000e7e00000, 0x00000000e7e00000, 0x00000000e7f00000|  0%| F|  |TAMS 0x00000000e7e00000, 0x00000000e7e00000| Untracked 
| 601|0x00000000e7f00000, 0x00000000e7f00000, 0x00000000e8000000|  0%| F|  |TAMS 0x00000000e7f00000, 0x00000000e7f00000| Untracked 
| 602|0x00000000e8000000, 0x00000000e8000000, 0x00000000e8100000|  0%| F|  |TAMS 0x00000000e8000000, 0x00000000e8000000| Untracked 
| 603|0x00000000e8100000, 0x00000000e8100000, 0x00000000e8200000|  0%| F|  |TAMS 0x00000000e8100000, 0x00000000e8100000| Untracked 
| 604|0x00000000e8200000, 0x00000000e8200000, 0x00000000e8300000|  0%| F|  |TAMS 0x00000000e8200000, 0x00000000e8200000| Untracked 
| 605|0x00000000e8300000, 0x00000000e8300000, 0x00000000e8400000|  0%| F|  |TAMS 0x00000000e8300000, 0x00000000e8300000| Untracked 
| 606|0x00000000e8400000, 0x00000000e8400000, 0x00000000e8500000|  0%| F|  |TAMS 0x00000000e8400000, 0x00000000e8400000| Untracked 
| 607|0x00000000e8500000, 0x00000000e8500000, 0x00000000e8600000|  0%| F|  |TAMS 0x00000000e8500000, 0x00000000e8500000| Untracked 
| 608|0x00000000e8600000, 0x00000000e8600000, 0x00000000e8700000|  0%| F|  |TAMS 0x00000000e8600000, 0x00000000e8600000| Untracked 
| 609|0x00000000e8700000, 0x00000000e8700000, 0x00000000e8800000|  0%| F|  |TAMS 0x00000000e8700000, 0x00000000e8700000| Untracked 
| 610|0x00000000e8800000, 0x00000000e8800000, 0x00000000e8900000|  0%| F|  |TAMS 0x00000000e8800000, 0x00000000e8800000| Untracked 
| 611|0x00000000e8900000, 0x00000000e8900000, 0x00000000e8a00000|  0%| F|  |TAMS 0x00000000e8900000, 0x00000000e8900000| Untracked 
| 612|0x00000000e8a00000, 0x00000000e8a00000, 0x00000000e8b00000|  0%| F|  |TAMS 0x00000000e8a00000, 0x00000000e8a00000| Untracked 
| 613|0x00000000e8b00000, 0x00000000e8b00000, 0x00000000e8c00000|  0%| F|  |TAMS 0x00000000e8b00000, 0x00000000e8b00000| Untracked 
| 614|0x00000000e8c00000, 0x00000000e8c00000, 0x00000000e8d00000|  0%| F|  |TAMS 0x00000000e8c00000, 0x00000000e8c00000| Untracked 
| 615|0x00000000e8d00000, 0x00000000e8d00000, 0x00000000e8e00000|  0%| F|  |TAMS 0x00000000e8d00000, 0x00000000e8d00000| Untracked 
| 616|0x00000000e8e00000, 0x00000000e8e00000, 0x00000000e8f00000|  0%| F|  |TAMS 0x00000000e8e00000, 0x00000000e8e00000| Untracked 
| 617|0x00000000e8f00000, 0x00000000e8f00000, 0x00000000e9000000|  0%| F|  |TAMS 0x00000000e8f00000, 0x00000000e8f00000| Untracked 
| 618|0x00000000e9000000, 0x00000000e9000000, 0x00000000e9100000|  0%| F|  |TAMS 0x00000000e9000000, 0x00000000e9000000| Untracked 
| 619|0x00000000e9100000, 0x00000000e9100000, 0x00000000e9200000|  0%| F|  |TAMS 0x00000000e9100000, 0x00000000e9100000| Untracked 
| 620|0x00000000e9200000, 0x00000000e9200000, 0x00000000e9300000|  0%| F|  |TAMS 0x00000000e9200000, 0x00000000e9200000| Untracked 
| 621|0x00000000e9300000, 0x00000000e9300000, 0x00000000e9400000|  0%| F|  |TAMS 0x00000000e9300000, 0x00000000e9300000| Untracked 
| 622|0x00000000e9400000, 0x00000000e9400000, 0x00000000e9500000|  0%| F|  |TAMS 0x00000000e9400000, 0x00000000e9400000| Untracked 
| 623|0x00000000e9500000, 0x00000000e9500000, 0x00000000e9600000|  0%| F|  |TAMS 0x00000000e9500000, 0x00000000e9500000| Untracked 
| 624|0x00000000e9600000, 0x00000000e9600000, 0x00000000e9700000|  0%| F|  |TAMS 0x00000000e9600000, 0x00000000e9600000| Untracked 
| 625|0x00000000e9700000, 0x00000000e9700000, 0x00000000e9800000|  0%| F|  |TAMS 0x00000000e9700000, 0x00000000e9700000| Untracked 
| 626|0x00000000e9800000, 0x00000000e9800000, 0x00000000e9900000|  0%| F|  |TAMS 0x00000000e9800000, 0x00000000e9800000| Untracked 
| 627|0x00000000e9900000, 0x00000000e9900000, 0x00000000e9a00000|  0%| F|  |TAMS 0x00000000e9900000, 0x00000000e9900000| Untracked 
| 628|0x00000000e9a00000, 0x00000000e9a00000, 0x00000000e9b00000|  0%| F|  |TAMS 0x00000000e9a00000, 0x00000000e9a00000| Untracked 
| 629|0x00000000e9b00000, 0x00000000e9b00000, 0x00000000e9c00000|  0%| F|  |TAMS 0x00000000e9b00000, 0x00000000e9b00000| Untracked 
| 630|0x00000000e9c00000, 0x00000000e9c00000, 0x00000000e9d00000|  0%| F|  |TAMS 0x00000000e9c00000, 0x00000000e9c00000| Untracked 
| 631|0x00000000e9d00000, 0x00000000e9d00000, 0x00000000e9e00000|  0%| F|  |TAMS 0x00000000e9d00000, 0x00000000e9d00000| Untracked 
| 632|0x00000000e9e00000, 0x00000000e9e00000, 0x00000000e9f00000|  0%| F|  |TAMS 0x00000000e9e00000, 0x00000000e9e00000| Untracked 
| 633|0x00000000e9f00000, 0x00000000e9f00000, 0x00000000ea000000|  0%| F|  |TAMS 0x00000000e9f00000, 0x00000000e9f00000| Untracked 
| 634|0x00000000ea000000, 0x00000000ea000000, 0x00000000ea100000|  0%| F|  |TAMS 0x00000000ea000000, 0x00000000ea000000| Untracked 
| 635|0x00000000ea100000, 0x00000000ea100000, 0x00000000ea200000|  0%| F|  |TAMS 0x00000000ea100000, 0x00000000ea100000| Untracked 
| 636|0x00000000ea200000, 0x00000000ea200000, 0x00000000ea300000|  0%| F|  |TAMS 0x00000000ea200000, 0x00000000ea200000| Untracked 
| 637|0x00000000ea300000, 0x00000000ea300000, 0x00000000ea400000|  0%| F|  |TAMS 0x00000000ea300000, 0x00000000ea300000| Untracked 
| 638|0x00000000ea400000, 0x00000000ea400000, 0x00000000ea500000|  0%| F|  |TAMS 0x00000000ea400000, 0x00000000ea400000| Untracked 
| 639|0x00000000ea500000, 0x00000000ea500000, 0x00000000ea600000|  0%| F|  |TAMS 0x00000000ea500000, 0x00000000ea500000| Untracked 
| 640|0x00000000ea600000, 0x00000000ea600000, 0x00000000ea700000|  0%| F|  |TAMS 0x00000000ea600000, 0x00000000ea600000| Untracked 
| 641|0x00000000ea700000, 0x00000000ea700000, 0x00000000ea800000|  0%| F|  |TAMS 0x00000000ea700000, 0x00000000ea700000| Untracked 
| 642|0x00000000ea800000, 0x00000000ea800000, 0x00000000ea900000|  0%| F|  |TAMS 0x00000000ea800000, 0x00000000ea800000| Untracked 
| 643|0x00000000ea900000, 0x00000000ea900000, 0x00000000eaa00000|  0%| F|  |TAMS 0x00000000ea900000, 0x00000000ea900000| Untracked 
| 644|0x00000000eaa00000, 0x00000000eaa00000, 0x00000000eab00000|  0%| F|  |TAMS 0x00000000eaa00000, 0x00000000eaa00000| Untracked 
| 645|0x00000000eab00000, 0x00000000eab00000, 0x00000000eac00000|  0%| F|  |TAMS 0x00000000eab00000, 0x00000000eab00000| Untracked 
| 646|0x00000000eac00000, 0x00000000eac00000, 0x00000000ead00000|  0%| F|  |TAMS 0x00000000eac00000, 0x00000000eac00000| Untracked 
| 647|0x00000000ead00000, 0x00000000ead00000, 0x00000000eae00000|  0%| F|  |TAMS 0x00000000ead00000, 0x00000000ead00000| Untracked 
| 648|0x00000000eae00000, 0x00000000eae00000, 0x00000000eaf00000|  0%| F|  |TAMS 0x00000000eae00000, 0x00000000eae00000| Untracked 
| 649|0x00000000eaf00000, 0x00000000eaf00000, 0x00000000eb000000|  0%| F|  |TAMS 0x00000000eaf00000, 0x00000000eaf00000| Untracked 
| 650|0x00000000eb000000, 0x00000000eb000000, 0x00000000eb100000|  0%| F|  |TAMS 0x00000000eb000000, 0x00000000eb000000| Untracked 
| 651|0x00000000eb100000, 0x00000000eb100000, 0x00000000eb200000|  0%| F|  |TAMS 0x00000000eb100000, 0x00000000eb100000| Untracked 
| 652|0x00000000eb200000, 0x00000000eb200000, 0x00000000eb300000|  0%| F|  |TAMS 0x00000000eb200000, 0x00000000eb200000| Untracked 
| 653|0x00000000eb300000, 0x00000000eb3bc570, 0x00000000eb400000| 73%| S|CS|TAMS 0x00000000eb300000, 0x00000000eb300000| Complete 
| 654|0x00000000eb400000, 0x00000000eb500000, 0x00000000eb500000|100%| S|CS|TAMS 0x00000000eb400000, 0x00000000eb400000| Complete 
| 655|0x00000000eb500000, 0x00000000eb600000, 0x00000000eb600000|100%| S|CS|TAMS 0x00000000eb500000, 0x00000000eb500000| Complete 
| 656|0x00000000eb600000, 0x00000000eb700000, 0x00000000eb700000|100%| S|CS|TAMS 0x00000000eb600000, 0x00000000eb600000| Complete 

Card table byte_map: [0x000002207ea90000,0x000002207ec80000] _byte_map_base: 0x000002207e47d000

Marking Bits (Prev, Next): (CMBitMap*) 0x0000022076d0e0f0, (CMBitMap*) 0x0000022076d0e0b0
 Prev Bits: [0x000002200f000000, 0x000002200ff68000)
 Next Bits: [0x000002207ee70000, 0x000002207fdd8000)

Polling page: 0x0000022074b90000

Metaspace:

Usage:
  Non-class:     13.47 MB used.
      Class:      2.18 MB used.
       Both:     15.65 MB used.

Virtual space:
  Non-class space:       64.00 MB reserved,      13.62 MB ( 21%) committed,  1 nodes.
      Class space:        1.00 GB reserved,       2.25 MB ( <1%) committed,  1 nodes.
             Both:        1.06 GB reserved,      15.88 MB (  1%) committed. 

Chunk freelists:
   Non-Class:  2.22 MB
       Class:  13.57 MB
        Both:  15.79 MB

MaxMetaspaceSize: unlimited
CompressedClassSpaceSize: 1.00 GB
Initial GC threshold: 21.00 MB
Current GC threshold: 26.38 MB
CDS: on
MetaspaceReclaimPolicy: balanced
 - commit_granule_bytes: 65536.
 - commit_granule_words: 8192.
 - virtual_space_node_default_size: 8388608.
 - enlarge_chunks_in_place: 1.
 - new_chunks_are_fully_committed: 0.
 - uncommit_free_chunks: 1.
 - use_allocation_guard: 0.
 - handle_deallocations: 1.


Internal statistics:

num_allocs_failed_limit: 0.
num_arena_births: 184.
num_arena_deaths: 0.
num_vsnodes_births: 2.
num_vsnodes_deaths: 0.
num_space_committed: 254.
num_space_uncommitted: 0.
num_chunks_returned_to_freelist: 0.
num_chunks_taken_from_freelist: 670.
num_chunk_merges: 0.
num_chunk_splits: 470.
num_chunks_enlarged: 386.
num_purges: 0.
num_inconsistent_stats: 0.

CodeHeap 'non-profiled nmethods': size=120000Kb used=1264Kb max_used=1264Kb free=118736Kb
 bounds [0x0000022007ad0000, 0x0000022007d40000, 0x000002200f000000]
CodeHeap 'profiled nmethods': size=120000Kb used=5853Kb max_used=5853Kb free=114146Kb
 bounds [0x0000022000000000, 0x00000220005c0000, 0x0000022007530000]
CodeHeap 'non-nmethods': size=5760Kb used=1435Kb max_used=1484Kb free=4325Kb
 bounds [0x0000022007530000, 0x00000220077a0000, 0x0000022007ad0000]
 total_blobs=3995 nmethods=3193 adapters=712
 compilation: enabled
              stopped_count=0, restarted_count=0
 full_count=0

Compilation events (20 events):
Event: 16.479 Thread 0x000002201273ac90 3183       3       javafx.beans.property.SimpleBooleanProperty::<init> (24 bytes)
Event: 16.479 Thread 0x000002201273ac90 nmethod 3183 0x00000220005b1210 code [0x00000220005b13e0, 0x00000220005b1858]
Event: 16.479 Thread 0x000002201273ac90 3185       3       javafx.scene.Node::invalidateLocalToParentTransform (15 bytes)
Event: 16.479 Thread 0x000002201273ac90 nmethod 3185 0x00000220005b1990 code [0x00000220005b1b60, 0x00000220005b1fe8]
Event: 16.489 Thread 0x0000022012739640 3186       4       java.lang.String::indexOf (29 bytes)
Event: 16.490 Thread 0x0000022012739640 nmethod 3186 0x0000022007c0b510 code [0x0000022007c0b6a0, 0x0000022007c0b8d8]
Event: 16.534 Thread 0x000002201273ac90 3187   !   3       java.util.ServiceLoader$ModuleServicesLookupIterator::hasNext (102 bytes)
Event: 16.537 Thread 0x000002201273ac90 nmethod 3187 0x00000220005b2190 code [0x00000220005b2440, 0x00000220005b34f8]
Event: 16.537 Thread 0x000002201273ac90 3188       3       java.lang.Module::canRead (86 bytes)
Event: 16.540 Thread 0x000002201273ac90 nmethod 3188 0x00000220005b3990 code [0x00000220005b3d40, 0x00000220005b5868]
Event: 16.640 Thread 0x000002201273ac90 3189       3       java.lang.Module::getClassLoader (20 bytes)
Event: 16.641 Thread 0x000002201273ac90 nmethod 3189 0x00000220005b5f10 code [0x00000220005b60c0, 0x00000220005b63e8]
Event: 16.705 Thread 0x000002201273ac90 3190       1       java.lang.reflect.Constructor::getSharedParameterTypes (5 bytes)
Event: 16.705 Thread 0x000002201273ac90 nmethod 3190 0x0000022007c0ba10 code [0x0000022007c0bba0, 0x0000022007c0bc78]
Event: 16.705 Thread 0x000002201273ac90 3191       3       jdk.internal.module.Resources::toPackageName (39 bytes)
Event: 16.705 Thread 0x000002201273ac90 nmethod 3191 0x00000220005b6510 code [0x00000220005b6740, 0x00000220005b6db8]
Event: 16.705 Thread 0x000002201273ac90 3192       1       com.sun.media.sound.RIFFReader::getFormat (5 bytes)
Event: 16.705 Thread 0x000002201273ac90 nmethod 3192 0x0000022007c0bd10 code [0x0000022007c0bea0, 0x0000022007c0bf78]
Event: 16.765 Thread 0x000002201273ac90 3193       3       java.util.ServiceLoader$3::checkReloadCount (23 bytes)
Event: 16.765 Thread 0x000002201273ac90 nmethod 3193 0x00000220005b7010 code [0x00000220005b71c0, 0x00000220005b73e8]

GC Heap History (20 events):
Event: 14.291 GC heap before
{Heap before GC invocations=18 (full 0):
 garbage-first heap   total 375808K, used 224893K [0x00000000c2600000, 0x0000000100000000)
  region size 1024K, 6 young (6144K), 3 survivors (3072K)
 Metaspace       used 15726K, committed 15936K, reserved 1114112K
  class space    used 2230K, committed 2304K, reserved 1048576K
}
Event: 14.294 GC heap after
{Heap after GC invocations=19 (full 0):
 garbage-first heap   total 375808K, used 210400K [0x00000000c2600000, 0x0000000100000000)
  region size 1024K, 3 young (3072K), 3 survivors (3072K)
 Metaspace       used 15726K, committed 15936K, reserved 1114112K
  class space    used 2230K, committed 2304K, reserved 1048576K
}
Event: 14.764 GC heap before
{Heap before GC invocations=20 (full 0):
 garbage-first heap   total 375808K, used 218592K [0x00000000c2600000, 0x0000000100000000)
  region size 1024K, 6 young (6144K), 3 survivors (3072K)
 Metaspace       used 15781K, committed 16000K, reserved 1114112K
  class space    used 2230K, committed 2304K, reserved 1048576K
}
Event: 14.766 GC heap after
{Heap after GC invocations=21 (full 0):
 garbage-first heap   total 375808K, used 216733K [0x00000000c2600000, 0x0000000100000000)
  region size 1024K, 3 young (3072K), 3 survivors (3072K)
 Metaspace       used 15781K, committed 16000K, reserved 1114112K
  class space    used 2230K, committed 2304K, reserved 1048576K
}
Event: 15.167 GC heap before
{Heap before GC invocations=22 (full 0):
 garbage-first heap   total 375808K, used 224925K [0x00000000c2600000, 0x0000000100000000)
  region size 1024K, 6 young (6144K), 3 survivors (3072K)
 Metaspace       used 15883K, committed 16064K, reserved 1114112K
  class space    used 2230K, committed 2304K, reserved 1048576K
}
Event: 15.169 GC heap after
{Heap after GC invocations=23 (full 0):
 garbage-first heap   total 375808K, used 223253K [0x00000000c2600000, 0x0000000100000000)
  region size 1024K, 3 young (3072K), 3 survivors (3072K)
 Metaspace       used 15883K, committed 16064K, reserved 1114112K
  class space    used 2230K, committed 2304K, reserved 1048576K
}
Event: 15.674 GC heap before
{Heap before GC invocations=24 (full 0):
 garbage-first heap   total 386048K, used 231445K [0x00000000c2600000, 0x0000000100000000)
  region size 1024K, 6 young (6144K), 3 survivors (3072K)
 Metaspace       used 15934K, committed 16128K, reserved 1114112K
  class space    used 2231K, committed 2304K, reserved 1048576K
}
Event: 15.677 GC heap after
{Heap after GC invocations=25 (full 0):
 garbage-first heap   total 386048K, used 229634K [0x00000000c2600000, 0x0000000100000000)
  region size 1024K, 4 young (4096K), 4 survivors (4096K)
 Metaspace       used 15934K, committed 16128K, reserved 1114112K
  class space    used 2231K, committed 2304K, reserved 1048576K
}
Event: 16.300 GC heap before
{Heap before GC invocations=26 (full 0):
 garbage-first heap   total 398336K, used 237826K [0x00000000c2600000, 0x0000000100000000)
  region size 1024K, 7 young (7168K), 4 survivors (4096K)
 Metaspace       used 16009K, committed 16192K, reserved 1114112K
  class space    used 2235K, committed 2304K, reserved 1048576K
}
Event: 16.303 GC heap after
{Heap after GC invocations=27 (full 0):
 garbage-first heap   total 398336K, used 236187K [0x00000000c2600000, 0x0000000100000000)
  region size 1024K, 4 young (4096K), 4 survivors (4096K)
 Metaspace       used 16009K, committed 16192K, reserved 1114112K
  class space    used 2235K, committed 2304K, reserved 1048576K
}
Event: 16.544 GC heap before
{Heap before GC invocations=28 (full 0):
 garbage-first heap   total 483328K, used 288411K [0x00000000c2600000, 0x0000000100000000)
  region size 1024K, 5 young (5120K), 4 survivors (4096K)
 Metaspace       used 16024K, committed 16192K, reserved 1114112K
  class space    used 2235K, committed 2304K, reserved 1048576K
}
Event: 16.549 GC heap after
{Heap after GC invocations=29 (full 0):
 garbage-first heap   total 483328K, used 288673K [0x00000000c2600000, 0x0000000100000000)
  region size 1024K, 4 young (4096K), 4 survivors (4096K)
 Metaspace       used 16024K, committed 16192K, reserved 1114112K
  class space    used 2235K, committed 2304K, reserved 1048576K
}
Event: 16.642 GC heap before
{Heap before GC invocations=30 (full 0):
 garbage-first heap   total 549888K, used 328609K [0x00000000c2600000, 0x0000000100000000)
  region size 1024K, 5 young (5120K), 4 survivors (4096K)
 Metaspace       used 16025K, committed 16192K, reserved 1114112K
  class space    used 2235K, committed 2304K, reserved 1048576K
}
Event: 16.644 GC heap after
{Heap after GC invocations=31 (full 0):
 garbage-first heap   total 549888K, used 328817K [0x00000000c2600000, 0x0000000100000000)
  region size 1024K, 4 young (4096K), 4 survivors (4096K)
 Metaspace       used 16025K, committed 16192K, reserved 1114112K
  class space    used 2235K, committed 2304K, reserved 1048576K
}
Event: 16.706 GC heap before
{Heap before GC invocations=32 (full 0):
 garbage-first heap   total 601088K, used 359537K [0x00000000c2600000, 0x0000000100000000)
  region size 1024K, 5 young (5120K), 4 survivors (4096K)
 Metaspace       used 16025K, committed 16256K, reserved 1114112K
  class space    used 2235K, committed 2304K, reserved 1048576K
}
Event: 16.708 GC heap after
{Heap after GC invocations=33 (full 0):
 garbage-first heap   total 601088K, used 359517K [0x00000000c2600000, 0x0000000100000000)
  region size 1024K, 4 young (4096K), 4 survivors (4096K)
 Metaspace       used 16025K, committed 16256K, reserved 1114112K
  class space    used 2235K, committed 2304K, reserved 1048576K
}
Event: 16.766 GC heap before
{Heap before GC invocations=34 (full 0):
 garbage-first heap   total 650240K, used 389213K [0x00000000c2600000, 0x0000000100000000)
  region size 1024K, 5 young (5120K), 4 survivors (4096K)
 Metaspace       used 16026K, committed 16256K, reserved 1114112K
  class space    used 2235K, committed 2304K, reserved 1048576K
}
Event: 16.769 GC heap after
{Heap after GC invocations=35 (full 0):
 garbage-first heap   total 650240K, used 389216K [0x00000000c2600000, 0x0000000100000000)
  region size 1024K, 4 young (4096K), 4 survivors (4096K)
 Metaspace       used 16026K, committed 16256K, reserved 1114112K
  class space    used 2235K, committed 2304K, reserved 1048576K
}
Event: 16.796 GC heap before
{Heap before GC invocations=36 (full 0):
 garbage-first heap   total 672768K, used 401504K [0x00000000c2600000, 0x0000000100000000)
  region size 1024K, 5 young (5120K), 4 survivors (4096K)
 Metaspace       used 16026K, committed 16256K, reserved 1114112K
  class space    used 2235K, committed 2304K, reserved 1048576K
}
Event: 16.799 GC heap after
{Heap after GC invocations=37 (full 0):
 garbage-first heap   total 672768K, used 401420K [0x00000000c2600000, 0x0000000100000000)
  region size 1024K, 4 young (4096K), 4 survivors (4096K)
 Metaspace       used 16026K, committed 16256K, reserved 1114112K
  class space    used 2235K, committed 2304K, reserved 1048576K
}

Deoptimization events (20 events):
Event: 10.953 Thread 0x00000220584b5240 DEOPT PACKING pc=0x0000022007b553a0 sp=0x000000952a8fca20
Event: 10.953 Thread 0x00000220584b5240 DEOPT UNPACKING pc=0x00000220075823a3 sp=0x000000952a8fc9a0 mode 2
Event: 10.954 Thread 0x00000220584b5240 Uncommon trap: trap_request=0xffffff45 fr.pc=0x0000022007ada9a8 relative=0x00000000000001a8
Event: 10.954 Thread 0x00000220584b5240 Uncommon trap: reason=unstable_if action=reinterpret pc=0x0000022007ada9a8 method=java.lang.String.isLatin1()Z @ 10 c2
Event: 10.954 Thread 0x00000220584b5240 DEOPT PACKING pc=0x0000022007ada9a8 sp=0x000000952a8fcd50
Event: 10.954 Thread 0x00000220584b5240 DEOPT UNPACKING pc=0x00000220075823a3 sp=0x000000952a8fcc88 mode 2
Event: 10.954 Thread 0x00000220584b5240 Uncommon trap: trap_request=0xffffff45 fr.pc=0x0000022007ad93c8 relative=0x0000000000000048
Event: 10.954 Thread 0x00000220584b5240 Uncommon trap: reason=unstable_if action=reinterpret pc=0x0000022007ad93c8 method=java.lang.CharacterData.of(I)Ljava/lang/CharacterData; @ 4 c2
Event: 10.954 Thread 0x00000220584b5240 DEOPT PACKING pc=0x0000022007ad93c8 sp=0x000000952a8fbfc0
Event: 10.954 Thread 0x00000220584b5240 DEOPT UNPACKING pc=0x00000220075823a3 sp=0x000000952a8fbf60 mode 2
Event: 11.083 Thread 0x00000220584b5240 Uncommon trap: trap_request=0xffffff45 fr.pc=0x0000022007b3819c relative=0x00000000000003fc
Event: 11.083 Thread 0x00000220584b5240 Uncommon trap: reason=unstable_if action=reinterpret pc=0x0000022007b3819c method=java.lang.StringLatin1.canEncode(I)Z @ 4 c2
Event: 11.083 Thread 0x00000220584b5240 DEOPT PACKING pc=0x0000022007b3819c sp=0x000000952a8fc9a0
Event: 11.083 Thread 0x00000220584b5240 DEOPT UNPACKING pc=0x00000220075823a3 sp=0x000000952a8fc930 mode 2
Event: 11.083 Thread 0x00000220584b5240 Uncommon trap: trap_request=0xffffff45 fr.pc=0x0000022007b1265c relative=0x000000000000005c
Event: 11.083 Thread 0x00000220584b5240 Uncommon trap: reason=unstable_if action=reinterpret pc=0x0000022007b1265c method=java.lang.AbstractStringBuilder.isLatin1()Z @ 10 c2
Event: 11.083 Thread 0x00000220584b5240 DEOPT PACKING pc=0x0000022007b1265c sp=0x000000952a8fc9a0
Event: 11.083 Thread 0x00000220584b5240 DEOPT UNPACKING pc=0x00000220075823a3 sp=0x000000952a8fc930 mode 2
Event: 11.094 Thread 0x00000220584b5be0 DEOPT PACKING pc=0x00000220004067c2 sp=0x000000952a6fdd40
Event: 11.094 Thread 0x00000220584b5be0 DEOPT UNPACKING pc=0x0000022007582b43 sp=0x000000952a6fd1d0 mode 0

Classes unloaded (0 events):
No events

Classes redefined (0 events):
No events

Internal exceptions (20 events):
Event: 4.045 Thread 0x00000220584b5240 Implicit null exception at 0x0000022007b02960 to 0x0000022007b02b8c
Event: 4.053 Thread 0x00000220584b5240 Implicit null exception at 0x0000022007b47133 to 0x0000022007b47638
Event: 4.063 Thread 0x00000220584b5240 Implicit null exception at 0x0000022007b44533 to 0x0000022007b44a3c
Event: 4.537 Thread 0x00000220584b5240 Exception <a 'java/lang/NoSuchMethodError'{0x00000000d6cf4f40}: 'java.lang.Object java.lang.invoke.DirectMethodHandle$Holder.invokeInterface(java.lang.Object, java.lang.Object, java.lang.Object)'> (0x00000000d6cf4f40) 
thrown [s\open\src\hotspot\share\interpreter\linkResolver.cpp, line 759]
Event: 4.538 Thread 0x00000220584b5240 Exception <a 'java/lang/IncompatibleClassChangeError'{0x00000000d6cf88c8}: Found class java.lang.Object, but interface was expected> (0x00000000d6cf88c8) 
thrown [s\open\src\hotspot\share\interpreter\linkResolver.cpp, line 826]
Event: 4.572 Thread 0x00000220584b5240 Exception <a 'java/lang/NoSuchMethodError'{0x00000000d6bd8378}: 'java.lang.Object java.lang.invoke.DirectMethodHandle$Holder.newInvokeSpecial(java.lang.Object, java.lang.Object, int)'> (0x00000000d6bd8378) 
thrown [s\open\src\hotspot\share\interpreter\linkResolver.cpp, line 759]
Event: 4.598 Thread 0x00000220584b5240 Exception <a 'java/lang/NoSuchMethodError'{0x00000000d6a0fa28}: 'long java.lang.invoke.DirectMethodHandle$Holder.invokeStatic(java.lang.Object, java.lang.Object, java.lang.Object)'> (0x00000000d6a0fa28) 
thrown [s\open\src\hotspot\share\interpreter\linkResolver.cpp, line 759]
Event: 4.598 Thread 0x00000220584b5240 Exception <a 'java/lang/NoSuchMethodError'{0x00000000d6a131d0}: 'long java.lang.invoke.DirectMethodHandle$Holder.invokeStaticInit(java.lang.Object, java.lang.Object, java.lang.Object)'> (0x00000000d6a131d0) 
thrown [s\open\src\hotspot\share\interpreter\linkResolver.cpp, line 759]
Event: 4.602 Thread 0x00000220584b5240 Exception <a 'java/lang/NoSuchMethodError'{0x00000000d6a2b018}: 'java.lang.Object java.lang.invoke.DirectMethodHandle$Holder.newInvokeSpecial(java.lang.Object, java.lang.Object, long)'> (0x00000000d6a2b018) 
thrown [s\open\src\hotspot\share\interpreter\linkResolver.cpp, line 759]
Event: 4.602 Thread 0x00000220584b5240 Exception <a 'java/lang/NoSuchMethodError'{0x00000000d6a2eb88}: 'java.lang.Object java.lang.invoke.Invokers$Holder.linkToTargetMethod(java.lang.Object, long, java.lang.Object)'> (0x00000000d6a2eb88) 
thrown [s\open\src\hotspot\share\interpreter\linkResolver.cpp, line 759]
Event: 4.622 Thread 0x00000220584b5be0 Exception <a 'java/lang/NoSuchMethodError'{0x00000000d6a8f980}: 'int java.lang.invoke.DirectMethodHandle$Holder.invokeStaticInit(java.lang.Object, java.lang.Object)'> (0x00000000d6a8f980) 
thrown [s\open\src\hotspot\share\interpreter\linkResolver.cpp, line 759]
Event: 8.139 Thread 0x00000220584b5240 Exception <a 'java/lang/NoSuchMethodError'{0x00000000d86dcdd0}: 'java.lang.Object java.lang.invoke.DirectMethodHandle$Holder.newInvokeSpecial(java.lang.Object, java.lang.Object, java.lang.Object, java.lang.Object, java.lang.Object, java.lang.Object, java.lang.Object)'> (0x00000000d86dcdd0) 
thrown [s\open\src\hotspot\share\interpreter\linkResolver.cpp, line 759]
Event: 8.139 Thread 0x00000220584b5240 Exception <a 'java/lang/NoSuchMethodError'{0x00000000d86e1550}: 'java.lang.Object java.lang.invoke.Invokers$Holder.linkToTargetMethod(java.lang.Object, java.lang.Object, java.lang.Object, java.lang.Object, java.lang.Object, java.lang.Object, java.lang.Object)'> (0x00000000d86e1550) 
thrown [s\open\src\hotspot\share\interpreter\linkResolver.cpp, line 759]
Event: 8.184 Thread 0x00000220584b5240 Exception <a 'java/lang/ClassNotFoundException'{0x00000000d91a5f40}: com/sun/javafx/scene/control/skin/resources/controls> (0x00000000d91a5f40) 
thrown [s\open\src\hotspot\share\prims\jni.cpp, line 535]
Event: 8.185 Thread 0x00000220584b5240 Exception <a 'java/lang/ClassNotFoundException'{0x00000000d91b3d10}: com/sun/javafx/scene/control/skin/resources/controls_en> (0x00000000d91b3d10) 
thrown [s\open\src\hotspot\share\prims\jni.cpp, line 535]
Event: 8.185 Thread 0x00000220584b5240 Exception <a 'java/lang/ClassNotFoundException'{0x00000000d91b4f78}: com/sun/javafx/scene/control/skin/resources/controls_en_GB> (0x00000000d91b4f78) 
thrown [s\open\src\hotspot\share\prims\jni.cpp, line 535]
Event: 8.230 Thread 0x00000220584b5240 Exception <a 'java/lang/NoSuchMethodError'{0x00000000d8f7e3a0}: 'void java.lang.invoke.DirectMethodHandle$Holder.invokeSpecial(java.lang.Object, java.lang.Object, java.lang.Object, java.lang.Object, java.lang.Object, java.lang.Object)'> (0x00000000d8f7e3a0) 
thrown [s\open\src\hotspot\share\interpreter\linkResolver.cpp, line 759]
Event: 13.589 Thread 0x00000220584b5240 Exception <a 'java/lang/NoSuchMethodError'{0x00000000d9213b40}: 'java.lang.Object java.lang.invoke.DirectMethodHandle$Holder.newInvokeSpecial(java.lang.Object, java.lang.Object, java.lang.Object, int)'> (0x00000000d9213b40) 
thrown [s\open\src\hotspot\share\interpreter\linkResolver.cpp, line 759]
Event: 13.590 Thread 0x00000220584b5240 Exception <a 'java/lang/NoSuchMethodError'{0x00000000d92181c8}: 'java.lang.Object java.lang.invoke.DirectMethodHandle$Holder.invokeSpecial(java.lang.Object, java.lang.Object, java.lang.Object, java.lang.Object, int)'> (0x00000000d92181c8) 
thrown [s\open\src\hotspot\share\interpreter\linkResolver.cpp, line 759]
Event: 13.590 Thread 0x00000220584b5240 Exception <a 'java/lang/NoSuchMethodError'{0x00000000d921c038}: 'java.lang.Object java.lang.invoke.Invokers$Holder.linkToTargetMethod(java.lang.Object, java.lang.Object, int, java.lang.Object)'> (0x00000000d921c038) 
thrown [s\open\src\hotspot\share\interpreter\linkResolver.cpp, line 759]

VM Operations (20 events):
Event: 16.645 Executing VM operation: G1TryInitiateConcMark done
Event: 16.651 Executing VM operation: G1Concurrent
Event: 16.658 Executing VM operation: G1Concurrent done
Event: 16.661 Executing VM operation: G1Concurrent
Event: 16.661 Executing VM operation: G1Concurrent done
Event: 16.706 Executing VM operation: G1TryInitiateConcMark
Event: 16.708 Executing VM operation: G1TryInitiateConcMark done
Event: 16.717 Executing VM operation: G1Concurrent
Event: 16.720 Executing VM operation: G1Concurrent done
Event: 16.723 Executing VM operation: G1Concurrent
Event: 16.723 Executing VM operation: G1Concurrent done
Event: 16.766 Executing VM operation: G1TryInitiateConcMark
Event: 16.769 Executing VM operation: G1TryInitiateConcMark done
Event: 16.778 Executing VM operation: G1Concurrent
Event: 16.781 Executing VM operation: G1Concurrent done
Event: 16.784 Executing VM operation: G1Concurrent
Event: 16.784 Executing VM operation: G1Concurrent done
Event: 16.796 Executing VM operation: G1TryInitiateConcMark
Event: 16.799 Executing VM operation: G1TryInitiateConcMark done
Event: 16.808 Executing VM operation: G1Concurrent

Events (20 events):
Event: 8.069 loading class java/io/SerialCallbackContext done
Event: 8.069 loading class java/util/HashMap$UnsafeHolder
Event: 8.069 loading class java/util/HashMap$UnsafeHolder done
Event: 8.146 Thread 0x000002205e4bea30 Thread added: 0x000002205e4bea30
Event: 8.255 loading class java/lang/FdLibm$Hypot
Event: 8.255 loading class java/lang/FdLibm$Hypot done
Event: 8.255 loading class java/lang/FdLibm
Event: 8.255 loading class java/lang/FdLibm done
Event: 8.420 Thread 0x000002205e4bea30 Thread exited: 0x000002205e4bea30
Event: 13.572 loading class jdk/internal/misc/ScopedMemoryAccess$Scope$Handle
Event: 13.573 loading class jdk/internal/misc/ScopedMemoryAccess$Scope$Handle done
Event: 14.336 Thread 0x000002205e395bb0 Thread added: 0x000002205e395bb0
Event: 14.521 Thread 0x000002205e395bb0 Thread exited: 0x000002205e395bb0
Event: 16.297 Loaded shared library C:\Users\kelse\.openjfx\cache\13\javafx_iio.dll
Event: 16.531 Thread 0x000002205d877180 Thread added: 0x000002205d877180
Event: 16.539 Thread 0x000002205d878e60 Thread added: 0x000002205d878e60
Event: 16.639 Thread 0x000002205d8754a0 Thread added: 0x000002205d8754a0
Event: 16.703 Thread 0x000002205d875970 Thread added: 0x000002205d875970
Event: 16.764 Thread 0x000002205d877b20 Thread added: 0x000002205d877b20
Event: 16.794 Thread 0x000002205d875e40 Thread added: 0x000002205d875e40


Dynamic libraries:
0x00007ff7af3d0000 - 0x00007ff7af3e0000 	C:\Program Files\Java\jdk-17\bin\java.exe
0x00007ffede730000 - 0x00007ffede947000 	C:\WINDOWS\SYSTEM32\ntdll.dll
0x00007ffedd5c0000 - 0x00007ffedd684000 	C:\WINDOWS\System32\KERNEL32.DLL
0x00007ffedc0c0000 - 0x00007ffedc46d000 	C:\WINDOWS\System32\KERNELBASE.dll
0x00007ffedbfa0000 - 0x00007ffedc0b1000 	C:\WINDOWS\System32\ucrtbase.dll
0x00007ffed5190000 - 0x00007ffed51ab000 	C:\Program Files\Java\jdk-17\bin\VCRUNTIME140.dll
0x00007ffed5170000 - 0x00007ffed5189000 	C:\Program Files\Java\jdk-17\bin\jli.dll
0x00007ffedd480000 - 0x00007ffedd532000 	C:\WINDOWS\System32\ADVAPI32.dll
0x00007ffedd320000 - 0x00007ffedd3c7000 	C:\WINDOWS\System32\msvcrt.dll
0x00007ffedd3d0000 - 0x00007ffedd479000 	C:\WINDOWS\System32\sechost.dll
0x00007ffedbf70000 - 0x00007ffedbf98000 	C:\WINDOWS\System32\bcrypt.dll
0x00007ffede560000 - 0x00007ffede674000 	C:\WINDOWS\System32\RPCRT4.dll
0x00007ffede370000 - 0x00007ffede51e000 	C:\WINDOWS\System32\USER32.dll
0x00007ffec5270000 - 0x00007ffec5503000 	C:\WINDOWS\WinSxS\amd64_microsoft.windows.common-controls_6595b64144ccf1df_6.0.22621.3672_none_2713b9d173822955\COMCTL32.dll
0x00007ffedbc70000 - 0x00007ffedbc96000 	C:\WINDOWS\System32\win32u.dll
0x00007ffede6c0000 - 0x00007ffede6e9000 	C:\WINDOWS\System32\GDI32.dll
0x00007ffedbe50000 - 0x00007ffedbf69000 	C:\WINDOWS\System32\gdi32full.dll
0x00007ffedba60000 - 0x00007ffedbafa000 	C:\WINDOWS\System32\msvcp_win.dll
0x00007ffed4aa0000 - 0x00007ffed4aaa000 	C:\WINDOWS\SYSTEM32\VERSION.dll
0x00007ffede520000 - 0x00007ffede551000 	C:\WINDOWS\System32\IMM32.DLL
0x00007ffed5230000 - 0x00007ffed523c000 	C:\Program Files\Java\jdk-17\bin\vcruntime140_1.dll
0x00007ffed50e0000 - 0x00007ffed516e000 	C:\Program Files\Java\jdk-17\bin\msvcp140.dll
0x00007ffe99760000 - 0x00007ffe9a33e000 	C:\Program Files\Java\jdk-17\bin\server\jvm.dll
0x00007ffedd7a0000 - 0x00007ffedd7a8000 	C:\WINDOWS\System32\PSAPI.DLL
0x00007ffeb9f50000 - 0x00007ffeb9f59000 	C:\WINDOWS\SYSTEM32\WSOCK32.dll
0x00007ffed5050000 - 0x00007ffed5084000 	C:\WINDOWS\SYSTEM32\WINMM.dll
0x00007ffede0d0000 - 0x00007ffede141000 	C:\WINDOWS\System32\WS2_32.dll
0x00007ffedaa90000 - 0x00007ffedaaa8000 	C:\WINDOWS\SYSTEM32\kernel.appcore.dll
0x00007ffed50d0000 - 0x00007ffed50da000 	C:\Program Files\Java\jdk-17\bin\jimage.dll
0x00007ffed0290000 - 0x00007ffed04c2000 	C:\WINDOWS\SYSTEM32\DBGHELP.DLL
0x00007ffeddd40000 - 0x00007ffede0c8000 	C:\WINDOWS\System32\combase.dll
0x00007ffedc470000 - 0x00007ffedc547000 	C:\WINDOWS\System32\OLEAUT32.dll
0x00007ffec11d0000 - 0x00007ffec1202000 	C:\WINDOWS\SYSTEM32\dbgcore.DLL
0x00007ffedbca0000 - 0x00007ffedbd1b000 	C:\WINDOWS\System32\bcryptPrimitives.dll
0x00007ffec75e0000 - 0x00007ffec75ee000 	C:\Program Files\Java\jdk-17\bin\instrument.dll
0x00007ffed1550000 - 0x00007ffed1575000 	C:\Program Files\Java\jdk-17\bin\java.dll
0x00007ffec78b0000 - 0x00007ffec7987000 	C:\Program Files\Java\jdk-17\bin\jsvml.dll
0x00007ffedc640000 - 0x00007ffedce9f000 	C:\WINDOWS\System32\SHELL32.dll
0x00007ffed99b0000 - 0x00007ffeda2ac000 	C:\WINDOWS\SYSTEM32\windows.storage.dll
0x00007ffed9870000 - 0x00007ffed99af000 	C:\WINDOWS\SYSTEM32\wintypes.dll
0x00007ffeddc30000 - 0x00007ffeddd24000 	C:\WINDOWS\System32\SHCORE.dll
0x00007ffedd690000 - 0x00007ffedd6ee000 	C:\WINDOWS\System32\shlwapi.dll
0x00007ffedb990000 - 0x00007ffedb9b1000 	C:\WINDOWS\SYSTEM32\profapi.dll
0x00007ffed5090000 - 0x00007ffed50a9000 	C:\Program Files\Java\jdk-17\bin\net.dll
0x00007ffed4c60000 - 0x00007ffed4d96000 	C:\WINDOWS\SYSTEM32\WINHTTP.dll
0x00007ffedaf70000 - 0x00007ffedafd9000 	C:\WINDOWS\system32\mswsock.dll
0x00007ffed15a0000 - 0x00007ffed15b6000 	C:\Program Files\Java\jdk-17\bin\nio.dll
0x00007ffed1500000 - 0x00007ffed1518000 	C:\Program Files\Java\jdk-17\bin\zip.dll
0x00007ffec7490000 - 0x00007ffec74aa000 	C:\Program Files\JetBrains\IntelliJ IDEA Community Edition 2024.1.4\bin\breakgen64.dll
0x00000220125f0000 - 0x00000220125f3000 	C:\Users\kelse\.openjfx\cache\13\api-ms-win-core-console-l1-1-0.dll
0x0000022012d00000 - 0x0000022012d03000 	C:\Users\kelse\.openjfx\cache\13\api-ms-win-core-datetime-l1-1-0.dll
0x0000022012d10000 - 0x0000022012d13000 	C:\Users\kelse\.openjfx\cache\13\api-ms-win-core-debug-l1-1-0.dll
0x0000022012d20000 - 0x0000022012d23000 	C:\Users\kelse\.openjfx\cache\13\api-ms-win-core-errorhandling-l1-1-0.dll
0x0000022012d30000 - 0x0000022012d34000 	C:\Users\kelse\.openjfx\cache\13\api-ms-win-core-file-l1-1-0.dll
0x0000022012d40000 - 0x0000022012d43000 	C:\Users\kelse\.openjfx\cache\13\api-ms-win-core-file-l1-2-0.dll
0x0000022012d50000 - 0x0000022012d53000 	C:\Users\kelse\.openjfx\cache\13\api-ms-win-core-file-l2-1-0.dll
0x0000022012d60000 - 0x0000022012d63000 	C:\Users\kelse\.openjfx\cache\13\api-ms-win-core-handle-l1-1-0.dll
0x0000022012d70000 - 0x0000022012d73000 	C:\Users\kelse\.openjfx\cache\13\api-ms-win-core-heap-l1-1-0.dll
0x0000022012d80000 - 0x0000022012d83000 	C:\Users\kelse\.openjfx\cache\13\api-ms-win-core-interlocked-l1-1-0.dll
0x0000022012d90000 - 0x0000022012d93000 	C:\Users\kelse\.openjfx\cache\13\api-ms-win-core-libraryloader-l1-1-0.dll
0x0000022012da0000 - 0x0000022012da3000 	C:\Users\kelse\.openjfx\cache\13\api-ms-win-core-localization-l1-2-0.dll
0x0000022012db0000 - 0x0000022012db3000 	C:\Users\kelse\.openjfx\cache\13\api-ms-win-core-memory-l1-1-0.dll
0x0000022012dc0000 - 0x0000022012dc3000 	C:\Users\kelse\.openjfx\cache\13\api-ms-win-core-namedpipe-l1-1-0.dll
0x0000022012dd0000 - 0x0000022012dd3000 	C:\Users\kelse\.openjfx\cache\13\api-ms-win-core-processenvironment-l1-1-0.dll
0x0000022012de0000 - 0x0000022012de3000 	C:\Users\kelse\.openjfx\cache\13\api-ms-win-core-processthreads-l1-1-0.dll
0x0000022012df0000 - 0x0000022012df3000 	C:\Users\kelse\.openjfx\cache\13\api-ms-win-core-processthreads-l1-1-1.dll
0x0000022012e00000 - 0x0000022012e03000 	C:\Users\kelse\.openjfx\cache\13\api-ms-win-core-profile-l1-1-0.dll
0x0000022012e10000 - 0x0000022012e13000 	C:\Users\kelse\.openjfx\cache\13\api-ms-win-core-rtlsupport-l1-1-0.dll
0x0000022012e20000 - 0x0000022012e23000 	C:\Users\kelse\.openjfx\cache\13\api-ms-win-core-string-l1-1-0.dll
0x0000022012e30000 - 0x0000022012e33000 	C:\Users\kelse\.openjfx\cache\13\api-ms-win-core-synch-l1-1-0.dll
0x0000022012e40000 - 0x0000022012e43000 	C:\Users\kelse\.openjfx\cache\13\api-ms-win-core-synch-l1-2-0.dll
0x0000022012e50000 - 0x0000022012e53000 	C:\Users\kelse\.openjfx\cache\13\api-ms-win-core-sysinfo-l1-1-0.dll
0x0000022012e60000 - 0x0000022012e63000 	C:\Users\kelse\.openjfx\cache\13\api-ms-win-core-timezone-l1-1-0.dll
0x0000022012e70000 - 0x0000022012e73000 	C:\Users\kelse\.openjfx\cache\13\api-ms-win-core-util-l1-1-0.dll
0x0000022012e80000 - 0x0000022012e83000 	C:\Users\kelse\.openjfx\cache\13\api-ms-win-crt-conio-l1-1-0.dll
0x0000022012e90000 - 0x0000022012e94000 	C:\Users\kelse\.openjfx\cache\13\api-ms-win-crt-convert-l1-1-0.dll
0x0000022012ea0000 - 0x0000022012ea3000 	C:\Users\kelse\.openjfx\cache\13\api-ms-win-crt-environment-l1-1-0.dll
0x0000022012eb0000 - 0x0000022012eb3000 	C:\Users\kelse\.openjfx\cache\13\api-ms-win-crt-filesystem-l1-1-0.dll
0x0000022012ec0000 - 0x0000022012ec3000 	C:\Users\kelse\.openjfx\cache\13\api-ms-win-crt-heap-l1-1-0.dll
0x0000022012ed0000 - 0x0000022012ed3000 	C:\Users\kelse\.openjfx\cache\13\api-ms-win-crt-locale-l1-1-0.dll
0x0000022012ee0000 - 0x0000022012ee5000 	C:\Users\kelse\.openjfx\cache\13\api-ms-win-crt-math-l1-1-0.dll
0x0000022012ef0000 - 0x0000022012ef5000 	C:\Users\kelse\.openjfx\cache\13\api-ms-win-crt-multibyte-l1-1-0.dll
0x0000022012f00000 - 0x0000022012f10000 	C:\Users\kelse\.openjfx\cache\13\api-ms-win-crt-private-l1-1-0.dll
0x0000022012f10000 - 0x0000022012f13000 	C:\Users\kelse\.openjfx\cache\13\api-ms-win-crt-process-l1-1-0.dll
0x0000022012f20000 - 0x0000022012f24000 	C:\Users\kelse\.openjfx\cache\13\api-ms-win-crt-runtime-l1-1-0.dll
0x0000022012f30000 - 0x0000022012f34000 	C:\Users\kelse\.openjfx\cache\13\api-ms-win-crt-stdio-l1-1-0.dll
0x0000022012f40000 - 0x0000022012f44000 	C:\Users\kelse\.openjfx\cache\13\api-ms-win-crt-string-l1-1-0.dll
0x0000022012f50000 - 0x0000022012f53000 	C:\Users\kelse\.openjfx\cache\13\api-ms-win-crt-time-l1-1-0.dll
0x0000022012f60000 - 0x0000022012f63000 	C:\Users\kelse\.openjfx\cache\13\api-ms-win-crt-utility-l1-1-0.dll
0x00007ffec3ec0000 - 0x00007ffec3fbc000 	C:\Users\kelse\.openjfx\cache\13\ucrtbase.dll
0x00007ffec7410000 - 0x00007ffec7425000 	C:\Users\kelse\.openjfx\cache\13\vcruntime140.dll
0x00007ffea1880000 - 0x00007ffea191b000 	C:\Users\kelse\.openjfx\cache\13\msvcp140.dll
0x00007ffec3e60000 - 0x00007ffec3eb1000 	C:\Users\kelse\.openjfx\cache\13\concrt140.dll
0x00007ffec6ca0000 - 0x00007ffec6cc3000 	C:\Users\kelse\.openjfx\cache\13\prism_d3d.dll
0x00007ffecae80000 - 0x00007ffecb028000 	C:\WINDOWS\system32\d3d9.dll
0x00007ffed9400000 - 0x00007ffed942b000 	C:\WINDOWS\SYSTEM32\dwmapi.dll
0x00007ffed90c0000 - 0x00007ffed90f9000 	C:\WINDOWS\SYSTEM32\dxcore.dll
0x00007ffed8fc0000 - 0x00007ffed906f000 	C:\WINDOWS\system32\uxtheme.dll
0x00007ffe38290000 - 0x00007ffe3845d000 	C:\WINDOWS\System32\DriverStore\FileRepository\iigd_dch.inf_amd64_7d6ad0397c5dc3fd\igdumdim64.dll
0x00007ffecdc70000 - 0x00007ffecdd90000 	C:\WINDOWS\System32\DriverStore\FileRepository\iigd_dch.inf_amd64_7d6ad0397c5dc3fd\igdgmm64.dll
0x00007ffe34670000 - 0x00007ffe38281000 	C:\WINDOWS\System32\DriverStore\FileRepository\iigd_dch.inf_amd64_7d6ad0397c5dc3fd\igd9dxva64.dll
0x00007ffedd070000 - 0x00007ffedd215000 	C:\WINDOWS\System32\OLE32.dll
0x00007ffed3cb0000 - 0x00007ffed3cf9000 	C:\WINDOWS\SYSTEM32\directxdatabasehelper.dll
0x00007ffec5ed0000 - 0x00007ffec5f15000 	C:\Users\kelse\.openjfx\cache\13\glass.dll
0x00007ffedd220000 - 0x00007ffedd318000 	C:\WINDOWS\System32\COMDLG32.dll
0x00007ffede150000 - 0x00007ffede2a3000 	C:\WINDOWS\System32\MSCTF.dll
0x00007ffed5240000 - 0x00007ffed5261000 	C:\WINDOWS\System32\DriverStore\FileRepository\iigd_dch.inf_amd64_7d6ad0397c5dc3fd\igdinfo64.dll
0x00007ffecb630000 - 0x00007ffecd990000 	C:\WINDOWS\System32\DriverStore\FileRepository\iigd_dch.inf_amd64_7d6ad0397c5dc3fd\igc64.dll
0x00007ffec72e0000 - 0x00007ffec72f2000 	C:\Program Files\Java\jdk-17\bin\jsound.dll
0x00007ffea17d0000 - 0x00007ffea1872000 	C:\WINDOWS\SYSTEM32\DSOUND.dll
0x00007ffedb0a0000 - 0x00007ffedb0ed000 	C:\WINDOWS\SYSTEM32\powrprof.dll
0x00007ffec1180000 - 0x00007ffec11a9000 	C:\WINDOWS\SYSTEM32\winmmbase.dll
0x00007ffe989d0000 - 0x00007ffe98a81000 	C:\WINDOWS\SYSTEM32\ResampleDmo.DLL
0x00007ffea7eb0000 - 0x00007ffea7ebb000 	C:\WINDOWS\SYSTEM32\msdmo.dll
0x00007ffedb080000 - 0x00007ffedb093000 	C:\WINDOWS\SYSTEM32\UMPDC.dll
0x00007ffedd6f0000 - 0x00007ffedd7a0000 	C:\WINDOWS\System32\clbcatq.dll
0x00007ffed1980000 - 0x00007ffed1a1d000 	C:\WINDOWS\System32\MMDevApi.dll
0x00007ffedb710000 - 0x00007ffedb73c000 	C:\WINDOWS\System32\DEVOBJ.dll
0x00007ffedb740000 - 0x00007ffedb78e000 	C:\WINDOWS\System32\CFGMGR32.dll
0x00007ffe93580000 - 0x00007ffe935c6000 	C:\WINDOWS\SYSTEM32\wdmaud.drv
0x00007ffec45c0000 - 0x00007ffec45c9000 	C:\WINDOWS\SYSTEM32\ksuser.dll
0x00007ffed6ab0000 - 0x00007ffed6abb000 	C:\WINDOWS\SYSTEM32\AVRT.dll
0x00007ffec8d80000 - 0x00007ffec8f6c000 	C:\WINDOWS\SYSTEM32\AUDIOSES.DLL
0x00007ffeba620000 - 0x00007ffeba62e000 	C:\WINDOWS\SYSTEM32\msacm32.drv
0x00007ffe93c20000 - 0x00007ffe93c3e000 	C:\WINDOWS\SYSTEM32\MSACM32.dll
0x00007ffeba520000 - 0x00007ffeba52b000 	C:\WINDOWS\SYSTEM32\midimap.dll
0x00007ffed0d20000 - 0x00007ffed0e95000 	C:\Windows\System32\Windows.UI.dll
0x00007ffed9480000 - 0x00007ffed9495000 	C:\WINDOWS\SYSTEM32\resourcepolicyclient.dll

dbghelp: loaded successfully - version: 4.0.5 - missing functions: none
symbol engine: initialized successfully - sym options: 0x614 - pdb path: .;C:\Program Files\Java\jdk-17\bin;C:\WINDOWS\SYSTEM32;C:\WINDOWS\WinSxS\amd64_microsoft.windows.common-controls_6595b64144ccf1df_6.0.22621.3672_none_2713b9d173822955;C:\Program Files\Java\jdk-17\bin\server;C:\Program Files\JetBrains\IntelliJ IDEA Community Edition 2024.1.4\bin;C:\Users\kelse\.openjfx\cache\13;C:\WINDOWS\System32\DriverStore\FileRepository\iigd_dch.inf_amd64_7d6ad0397c5dc3fd;C:\Program Files\Common Files\Microsoft Shared\Ink

VM Arguments:
jvm_args: -javaagent:C:\Program Files\JetBrains\IntelliJ IDEA Community Edition 2024.1.4\lib\idea_rt.jar=53149:C:\Program Files\JetBrains\IntelliJ IDEA Community Edition 2024.1.4\bin -Dfile.encoding=UTF-8 --module-path=C:\Users\kelse\.m2\repository\org\openjfx\javafx-controls\13\javafx-controls-13-win.jar;C:\Users\kelse\.m2\repository\org\openjfx\javafx-base\13\javafx-base-13-win.jar;C:\Users\kelse\OneDrive\Desktop\Advance Programming asgn\demo\target\classes;C:\Users\kelse\.m2\repository\org\openjfx\javafx-fxml\13\javafx-fxml-13-win.jar;C:\Users\kelse\.m2\repository\org\openjfx\javafx-graphics\13\javafx-graphics-13-win.jar -Djdk.module.main=com.example 
java_command: com.example/com.example.Game
java_class_path (initial): C:\Users\kelse\.m2\repository\org\openjfx\javafx-controls\13\javafx-controls-13.jar;C:\Users\kelse\.m2\repository\org\openjfx\javafx-graphics\13\javafx-graphics-13.jar;C:\Users\kelse\.m2\repository\org\openjfx\javafx-base\13\javafx-base-13.jar;C:\Users\kelse\.m2\repository\org\openjfx\javafx-fxml\13\javafx-fxml-13.jar
Launcher Type: SUN_STANDARD

[Global flags]
     intx CICompilerCount                          = 4                                         {product} {ergonomic}
     uint ConcGCThreads                            = 2                                         {product} {ergonomic}
     uint G1ConcRefinementThreads                  = 8                                         {product} {ergonomic}
   size_t G1HeapRegionSize                         = 1048576                                   {product} {ergonomic}
    uintx GCDrainStackTargetSize                   = 64                                        {product} {ergonomic}
   size_t InitialHeapSize                          = 65011712                                  {product} {ergonomic}
   size_t MarkStackSize                            = 4194304                                   {product} {ergonomic}
   size_t MaxHeapSize                              = 1033895936                                {product} {ergonomic}
   size_t MaxNewSize                               = 619708416                                 {product} {ergonomic}
   size_t MinHeapDeltaBytes                        = 1048576                                   {product} {ergonomic}
   size_t MinHeapSize                              = 8388608                                   {product} {ergonomic}
    uintx NonNMethodCodeHeapSize                   = 5839372                                {pd product} {ergonomic}
    uintx NonProfiledCodeHeapSize                  = 122909434                              {pd product} {ergonomic}
    uintx ProfiledCodeHeapSize                     = 122909434                              {pd product} {ergonomic}
    uintx ReservedCodeCacheSize                    = 251658240                              {pd product} {ergonomic}
     bool SegmentedCodeCache                       = true                                      {product} {ergonomic}
   size_t SoftMaxHeapSize                          = 1033895936                             {manageable} {ergonomic}
     bool UseCompressedClassPointers               = true                           {product lp64_product} {ergonomic}
     bool UseCompressedOops                        = true                           {product lp64_product} {ergonomic}
     bool UseG1GC                                  = true                                      {product} {ergonomic}
     bool UseLargePagesIndividualAllocation        = false                                  {pd product} {ergonomic}

Logging:
Log output configuration:
 #0: stdout all=warning uptime,level,tags
 #1: stderr all=off uptime,level,tags

Environment Variables:
JAVA_HOME=C:\Program Files\Java\jdk-17
PATH=C:\Program Files\Common Files\Oracle\Java\javapath;C:\Program Files\Python311\Scripts\;C:\Program Files\Python311\;C:\Windows\system32;C:\Windows;C:\Windows\System32\Wbem;C:\Windows\System32\WindowsPowerShell\v1.0\;C:\Windows\System32\OpenSSH\;C:\Program Files (x86)\NVIDIA Corporation\PhysX\Common;C:\Program Files\NVIDIA Corporation\NVIDIA NvDLISR;C:\WINDOWS\system32;C:\WINDOWS;C:\WINDOWS\System32\Wbem;C:\WINDOWS\System32\WindowsPowerShell\v1.0\;C:\WINDOWS\System32\OpenSSH\;C:\Program Files\Microsoft SQL Server\150\Tools\Binn\;C:\WINDOWS\system32;C:\WINDOWS;C:\WINDOWS\System32\Wbem;C:\WINDOWS\System32\WindowsPowerShell\v1.0\;C:\WINDOWS\System32\OpenSSH\;C:\Program Files (x86)\Windows Kits\10\Windows Performance Toolkit\;C:\Program Files\Git\cmd;C:\Program Files\MySQL\MySQL Shell 8.0\bin\;C:\Users\kelse\AppData\Local\Microsoft\WindowsApps;;C:\Users\kelse\AppData\Local\Programs\Microsoft VS Code\bin
USERNAME=kelse
OS=Windows_NT
PROCESSOR_IDENTIFIER=Intel64 Family 6 Model 158 Stepping 10, GenuineIntel



---------------  S Y S T E M  ---------------

OS:
 Windows 11 , 64 bit Build 22621 (10.0.22621.3672)
OS uptime: 0 days 21:03 hours

CPU: total 8 (initial active 8) (4 cores per cpu, 2 threads per core) family 6 model 158 stepping 10 microcode 0xde, cx8, cmov, fxsr, ht, mmx, 3dnowpref, sse, sse2, sse3, ssse3, sse4.1, sse4.2, popcnt, lzcnt, tsc, tscinvbit, avx, avx2, aes, erms, clmul, bmi1, bmi2, adx, fma, vzeroupper, clflush, clflushopt

Memory: 4k page, system-wide physical 3938M (329M free)
TotalPageFile size 16226M (AvailPageFile size 40M)
current process WorkingSet (physical memory assigned to process): 524M, peak: 524M
current process commit charge ("private bytes"): 973M, peak: 1019M

vm_info: Java HotSpot(TM) 64-Bit Server VM (17.0.8+9-LTS-211) for windows-amd64 JRE (17.0.8+9-LTS-211), built on Jun 14 2023 10:34:31 by "mach5one" with MS VC++ 17.1 (VS2022)

END.
