#
# A fatal error has been detected by the Java Runtime Environment:
#
#  EXCEPTION_ACCESS_VIOLATION (0xc0000005) at pc=0x00007fffee29bfb0, pid=18172, tid=13908
#
# JRE version: Java(TM) SE Runtime Environment (17.0.8+9) (build 17.0.8+9-LTS-211)
# Java VM: Java HotSpot(TM) 64-Bit Server VM (17.0.8+9-LTS-211, mixed mode, sharing, tiered, compressed oops, compressed class ptrs, g1 gc, windows-amd64)
# Problematic frame:
# V  [jvm.dll+0xbfb0]
#
# No core dump will be written. Minidumps are not enabled by default on client versions of Windows
#
# If you would like to submit a bug report, please visit:
#   https://bugreport.java.com/bugreport/crash.jsp
#

---------------  S U M M A R Y ------------

Command Line: -javaagent:C:\Program Files\JetBrains\IntelliJ IDEA Community Edition 2024.1.4\lib\idea_rt.jar=54872:C:\Program Files\JetBrains\IntelliJ IDEA Community Edition 2024.1.4\bin -Dfile.encoding=UTF-8 --module-path=C:\Users\kelse\OneDrive\Desktop\Advance Programming asgn\demo\target\classes;C:\Users\kelse\.m2\repository\org\openjfx\javafx-controls\13\javafx-controls-13-win.jar;C:\Users\kelse\.m2\repository\org\openjfx\javafx-graphics\13\javafx-graphics-13-win.jar;C:\Users\kelse\.m2\repository\org\openjfx\javafx-fxml\13\javafx-fxml-13-win.jar;C:\Users\kelse\.m2\repository\org\openjfx\javafx-base\13\javafx-base-13-win.jar -Djdk.module.main=com.example com.example/com.example.Game

Host: Intel(R) Core(TM) i5-9300H CPU @ 2.40GHz, 8 cores, 3G,  Windows 11 , 64 bit Build 22621 (10.0.22621.3672)
Time: Thu Jul 11 00:46:59 2024 Malay Peninsula Standard Time elapsed time: 228.679787 seconds (0d 0h 3m 48s)

---------------  T H R E A D  ---------------

Current thread (0x0000029efeabc880):  JavaThread "JavaFX Application Thread" [_thread_in_vm, id=13908, stack(0x000000d53ac00000,0x000000d53ad00000)]

Stack: [0x000000d53ac00000,0x000000d53ad00000],  sp=0x000000d53acfeee8,  free space=1019k
Native frames: (J=compiled Java code, j=interpreted, Vv=VM code, C=native code)
V  [jvm.dll+0xbfb0]

Java frames: (J=compiled Java code, j=interpreted, Vv=VM code)
j  com.sun.glass.ui.win.WinApplication._runLoop(Ljava/lang/Runnable;)V+0 javafx.graphics
j  com.sun.glass.ui.win.WinApplication.lambda$runLoop$3(ILjava/lang/Runnable;)V+8 javafx.graphics
j  com.sun.glass.ui.win.WinApplication$$Lambda$78+0x0000029e9002dd58.run()V+12 javafx.graphics
j  java.lang.Thread.run()V+11 java.base@17.0.8
v  ~StubRoutines::call_stub

siginfo: EXCEPTION_ACCESS_VIOLATION (0xc0000005), reading address 0x0000000000000000


Register to memory mapping:

RIP=0x00007fffee29bfb0 jvm.dll
RAX=0x000000d53acfef60 is pointing into the stack for thread: 0x0000029efeabc880
RBX=0x0000029efeabc880 is a thread
RCX=0x0 is NULL
RDX=0x0000029efea2d3d8 points into unknown readable memory: 0x0000029ed0d053f0 | f0 53 d0 d0 9e 02 00 00
RSP=0x000000d53acfeee8 is pointing into the stack for thread: 0x0000029efeabc880
RBP=0x000000d53acfeff8 is pointing into the stack for thread: 0x0000029efeabc880
RSI=0x0000029edc329540 points into unknown readable memory: 0x0000029ed0d053f0 | f0 53 d0 d0 9e 02 00 00
RDI=0x0 is NULL
R8 =0x0000000000000004 is an unknown value
R9 =0x0000000000000004 is an unknown value
R10=0x0000029efeabc820 points into unknown readable memory: 0x0000004000000003 | 03 00 00 00 40 00 00 00
R11={method} {0x0000029ed0d053f8} 'getInstance' '()Lcom/sun/glass/ui/win/WinDnDClipboard;' in 'com/sun/glass/ui/win/WinDnDClipboard'
R12=0x00007fffeeb9f038 jvm.dll
R13=0x0000029efeabcb28 points into unknown readable memory: 0x00007fffeed31660 | 60 16 d3 ee ff 7f 00 00
R14=0x0000029efeabcb28 points into unknown readable memory: 0x00007fffeed31660 | 60 16 d3 ee ff 7f 00 00
R15=0x00000000000000d4 is an unknown value


Registers:
RAX=0x000000d53acfef60, RBX=0x0000029efeabc880, RCX=0x0000000000000000, RDX=0x0000029efea2d3d8
RSP=0x000000d53acfeee8, RBP=0x000000d53acfeff8, RSI=0x0000029edc329540, RDI=0x0000000000000000
R8 =0x0000000000000004, R9 =0x0000000000000004, R10=0x0000029efeabc820, R11=0x0000029ed0d053f0
R12=0x00007fffeeb9f038, R13=0x0000029efeabcb28, R14=0x0000029efeabcb28, R15=0x00000000000000d4
RIP=0x00007fffee29bfb0, EFLAGS=0x0000000000010246

Top of Stack: (sp=0x000000d53acfeee8)
0x000000d53acfeee8:   00007fffee677ac7 0000029ed0d053f0
0x000000d53acfeef8:   0000029efeabc880 0000029edc329540
0x000000d53acfef08:   0000000000000000 00007664b4b26d9d
0x000000d53acfef18:   00007fffeea18c27 00000000000000d4
0x000000d53acfef28:   0000029efeabc880 000000d50000000c
0x000000d53acfef38:   00007fffee66c329 0000029efeabc880
0x000000d53acfef48:   0000000000000000 0000000000000004
0x000000d53acfef58:   0000029efea826a4 00007fffeeb9f038
0x000000d53acfef68:   0000029ed85e70f0 0000029e0000000c
0x000000d53acfef78:   0000000000000019 0000000000000000
0x000000d53acfef88:   000000d53acfeff8 0000029efea826a4
0x000000d53acfef98:   0000000000000001 0000000000000000
0x000000d53acfefa8:   00007fffcc0f274c 0000029efeabcb28
0x000000d53acfefb8:   000000d53acff150 0000000000000000
0x000000d53acfefc8:   000000d53acfefd0 0000000000000000
0x000000d53acfefd8:   00007fffcc104a6e 0000029efeabcb28 

Instructions: (pc=0x00007fffee29bfb0)
0x00007fffee29beb0:   6c b1 a8 00 48 83 c4 20 5b 48 ff e0 48 8d 05 ed
0x00007fffee29bec0:   00 00 00 48 8b cb 48 89 05 53 b1 a8 00 48 83 c4
0x00007fffee29bed0:   20 5b 48 ff e0 48 8d 05 d4 00 00 00 48 8b cb 48
0x00007fffee29bee0:   89 05 3a b1 a8 00 48 83 c4 20 5b 48 ff e0 48 8b
0x00007fffee29bef0:   0d 5b a6 ae 00 8b 51 10 83 ea 01 0f 84 91 00 00
0x00007fffee29bf00:   00 83 ea 01 74 73 83 ea 01 74 55 83 fa 01 74 37
0x00007fffee29bf10:   4c 8d 0d 39 cc 82 00 41 b8 e9 00 00 00 48 8d 15
0x00007fffee29bf20:   64 cc 82 00 b9 00 00 00 e0 e8 d2 99 23 00 e8 ed
0x00007fffee29bf30:   b8 66 00 33 c0 48 8b cb 48 89 05 e1 b0 a8 00 48
0x00007fffee29bf40:   83 c4 20 5b 48 ff e0 48 8d 05 72 00 00 00 48 8b
0x00007fffee29bf50:   cb 48 89 05 c8 b0 a8 00 48 83 c4 20 5b 48 ff e0
0x00007fffee29bf60:   48 8d 05 49 00 00 00 48 8b cb 48 89 05 af b0 a8
0x00007fffee29bf70:   00 48 83 c4 20 5b 48 ff e0 48 8d 05 30 00 00 00
0x00007fffee29bf80:   48 8b cb 48 89 05 96 b0 a8 00 48 83 c4 20 5b 48
0x00007fffee29bf90:   ff e0 48 8d 05 17 00 00 00 48 8b cb 48 89 05 7d
0x00007fffee29bfa0:   b0 a8 00 48 83 c4 20 5b 48 ff e0 cc cc cc cc cc
0x00007fffee29bfb0:   48 8b 01 c3 cc cc cc cc cc cc cc cc cc cc cc cc
0x00007fffee29bfc0:   48 89 5c 24 08 57 48 83 ec 20 48 8b 39 48 8b d9
0x00007fffee29bfd0:   48 85 3d c1 86 b3 00 75 0e 48 8b c7 48 8b 5c 24
0x00007fffee29bfe0:   30 48 83 c4 20 5f c3 48 8b cf e8 a1 e6 7f 00 48
0x00007fffee29bff0:   8b d0 48 85 c0 74 20 48 8b c7 f0 48 0f b1 13 74
0x00007fffee29c000:   16 48 85 05 90 86 b3 00 74 0d 48 8b c8 f0 48 0f
0x00007fffee29c010:   b1 13 48 3b c1 75 ea 48 8b 5c 24 30 48 8b c2 48
0x00007fffee29c020:   83 c4 20 5f c3 cc cc cc cc cc cc cc cc cc cc cc
0x00007fffee29c030:   8b 44 24 30 45 03 c9 44 2b 4c 24 28 83 c0 0b 44
0x00007fffee29c040:   03 ca 45 03 c8 41 03 c1 c3 cc cc cc cc cc cc cc
0x00007fffee29c050:   48 8b 41 08 0f b7 48 2a 0f b7 40 28 83 c0 48 03
0x00007fffee29c060:   c1 c3 cc cc cc cc cc cc cc cc cc cc cc cc cc cc
0x00007fffee29c070:   48 89 5c 24 08 57 48 83 ec 20 0f b6 05 ef 8d b3
0x00007fffee29c080:   00 48 8b fa 48 8b d9 84 c0 74 4f 48 85 15 06 86
0x00007fffee29c090:   b3 00 74 38 48 8b ca e8 04 e9 7f 00 48 8b d0 48
0x00007fffee29c0a0:   85 db 74 25 48 85 c0 74 20 48 8b c7 f0 48 0f b1 


Stack slot to memory mapping:
stack at sp + 0 slots: 0x00007fffee677ac7 jvm.dll
stack at sp + 1 slots: {method} {0x0000029ed0d053f8} 'getInstance' '()Lcom/sun/glass/ui/win/WinDnDClipboard;' in 'com/sun/glass/ui/win/WinDnDClipboard'
stack at sp + 2 slots: 0x0000029efeabc880 is a thread
stack at sp + 3 slots: 0x0000029edc329540 points into unknown readable memory: 0x0000029ed0d053f0 | f0 53 d0 d0 9e 02 00 00
stack at sp + 4 slots: 0x0 is NULL
stack at sp + 5 slots: 0x00007664b4b26d9d is an unknown value
stack at sp + 6 slots: 0x00007fffeea18c27 jvm.dll
stack at sp + 7 slots: 0x00000000000000d4 is an unknown value


---------------  P R O C E S S  ---------------

Threads class SMR info:
_java_thread_list=0x0000029ed9547250, length=26, elements={
0x0000029ef16e1c50, 0x0000029efe0fff60, 0x0000029efe102bf0, 0x0000029efe113480,
0x0000029efe113f40, 0x0000029efe117910, 0x0000029efe1182c0, 0x0000029efe11c550,
0x0000029efe125410, 0x0000029efe127e10, 0x0000029efe1dea90, 0x0000029efe495b50,
0x0000029efe4d4860, 0x0000029efe9eb3b0, 0x0000029efeabc880, 0x0000029efed032a0,
0x0000029efec14080, 0x0000029efed9af10, 0x0000029efed9b8b0, 0x0000029efed9b3e0,
0x0000029efed9bd80, 0x0000029efed9a570, 0x0000029efed9aa40, 0x0000029ed9374330,
0x0000029ed936fb00, 0x0000029ed9375670
}

Java Threads: ( => current thread )
  0x0000029ef16e1c50 JavaThread "main" [_thread_blocked, id=18436, stack(0x000000d539600000,0x000000d539700000)]
  0x0000029efe0fff60 JavaThread "Reference Handler" daemon [_thread_blocked, id=15460, stack(0x000000d539d00000,0x000000d539e00000)]
  0x0000029efe102bf0 JavaThread "Finalizer" daemon [_thread_blocked, id=19000, stack(0x000000d539e00000,0x000000d539f00000)]
  0x0000029efe113480 JavaThread "Signal Dispatcher" daemon [_thread_blocked, id=15312, stack(0x000000d539f00000,0x000000d53a000000)]
  0x0000029efe113f40 JavaThread "Attach Listener" daemon [_thread_blocked, id=19308, stack(0x000000d53a000000,0x000000d53a100000)]
  0x0000029efe117910 JavaThread "Service Thread" daemon [_thread_blocked, id=18664, stack(0x000000d53a100000,0x000000d53a200000)]
  0x0000029efe1182c0 JavaThread "Monitor Deflation Thread" daemon [_thread_blocked, id=18044, stack(0x000000d53a200000,0x000000d53a300000)]
  0x0000029efe11c550 JavaThread "C2 CompilerThread0" daemon [_thread_blocked, id=19800, stack(0x000000d53a300000,0x000000d53a400000)]
  0x0000029efe125410 JavaThread "C1 CompilerThread0" daemon [_thread_blocked, id=20916, stack(0x000000d53a400000,0x000000d53a500000)]
  0x0000029efe127e10 JavaThread "Sweeper thread" daemon [_thread_blocked, id=544, stack(0x000000d53a500000,0x000000d53a600000)]
  0x0000029efe1dea90 JavaThread "Common-Cleaner" daemon [_thread_blocked, id=11508, stack(0x000000d53a600000,0x000000d53a700000)]
  0x0000029efe495b50 JavaThread "Monitor Ctrl-Break" daemon [_thread_in_native, id=2476, stack(0x000000d53a700000,0x000000d53a800000)]
  0x0000029efe4d4860 JavaThread "Notification Thread" daemon [_thread_blocked, id=20848, stack(0x000000d53a800000,0x000000d53a900000)]
  0x0000029efe9eb3b0 JavaThread "QuantumRenderer-0" daemon [_thread_blocked, id=13800, stack(0x000000d53aa00000,0x000000d53ab00000)]
=>0x0000029efeabc880 JavaThread "JavaFX Application Thread" [_thread_in_vm, id=13908, stack(0x000000d53ac00000,0x000000d53ad00000)]
  0x0000029efed032a0 JavaThread "Thread-1" daemon [_thread_in_native, id=16672, stack(0x000000d53b000000,0x000000d53b100000)]
  0x0000029efec14080 JavaThread "JavaFX-Launcher" [_thread_blocked, id=10236, stack(0x000000d53b100000,0x000000d53b200000)]
  0x0000029efed9af10 JavaThread "Java Sound Event Dispatcher" daemon [_thread_blocked, id=17452, stack(0x000000d53bb00000,0x000000d53bc00000)]
  0x0000029efed9b8b0 JavaThread "Direct Clip" daemon [_thread_blocked, id=14856, stack(0x000000d53bf00000,0x000000d53c000000)]
  0x0000029efed9b3e0 JavaThread "Direct Clip" daemon [_thread_blocked, id=4088, stack(0x000000d53c000000,0x000000d53c100000)]
  0x0000029efed9bd80 JavaThread "Prism Font Disposer" daemon [_thread_blocked, id=3256, stack(0x000000d53c100000,0x000000d53c200000)]
  0x0000029efed9a570 JavaThread "Cleaner-0" daemon [_thread_blocked, id=16416, stack(0x000000d53c500000,0x000000d53c600000)]
  0x0000029efed9aa40 JavaThread "Direct Clip" daemon [_thread_blocked, id=2076, stack(0x000000d53ca00000,0x000000d53cb00000)]
  0x0000029ed9374330 JavaThread "Direct Clip" daemon [_thread_blocked, id=12856, stack(0x000000d53cb00000,0x000000d53cc00000)]
  0x0000029ed936fb00 JavaThread "Direct Clip" daemon [_thread_blocked, id=8684, stack(0x000000d53cf00000,0x000000d53d000000)]
  0x0000029ed9375670 JavaThread "Direct Clip" daemon [_thread_blocked, id=11728, stack(0x000000d53d000000,0x000000d53d100000)]

Other Threads:
  0x0000029ef17ad1b0 VMThread "VM Thread" [stack: 0x000000d539c00000,0x000000d539d00000] [id=15740]
  0x0000029ef1732ca0 WatcherThread [stack: 0x000000d53a900000,0x000000d53aa00000] [id=1872]
  0x0000029ef171d550 GCTaskThread "GC Thread#0" [stack: 0x000000d539700000,0x000000d539800000] [id=10092]
  0x0000029efecc6910 GCTaskThread "GC Thread#1" [stack: 0x000000d53b200000,0x000000d53b300000] [id=13172]
  0x0000029efeac9740 GCTaskThread "GC Thread#2" [stack: 0x000000d53b300000,0x000000d53b400000] [id=18712]
  0x0000029efed18020 GCTaskThread "GC Thread#3" [stack: 0x000000d53b400000,0x000000d53b500000] [id=18152]
  0x0000029efed18b60 GCTaskThread "GC Thread#4" [stack: 0x000000d53b500000,0x000000d53b600000] [id=19048]
  0x0000029efed18e10 GCTaskThread "GC Thread#5" [stack: 0x000000d53b600000,0x000000d53b700000] [id=10568]
  0x0000029efed02fb0 GCTaskThread "GC Thread#6" [stack: 0x000000d53b700000,0x000000d53b800000] [id=18488]
  0x0000029efec11950 GCTaskThread "GC Thread#7" [stack: 0x000000d53b800000,0x000000d53b900000] [id=1560]
  0x0000029ef1725fd0 ConcurrentGCThread "G1 Main Marker" [stack: 0x000000d539800000,0x000000d539900000] [id=1880]
  0x0000029ef1727180 ConcurrentGCThread "G1 Conc#0" [stack: 0x000000d539900000,0x000000d539a00000] [id=16616]
  0x0000029ed9338890 ConcurrentGCThread "G1 Conc#1" [stack: 0x000000d53c600000,0x000000d53c700000] [id=15780]
  0x0000029ef1778b40 ConcurrentGCThread "G1 Refine#0" [stack: 0x000000d539a00000,0x000000d539b00000] [id=17988]
  0x0000029ed930f480 ConcurrentGCThread "G1 Refine#1" [stack: 0x000000d53cc00000,0x000000d53cd00000] [id=16652]
  0x0000029ed930eec0 ConcurrentGCThread "G1 Refine#2" [stack: 0x000000d53cd00000,0x000000d53ce00000] [id=17628]
  0x0000029ed930e620 ConcurrentGCThread "G1 Refine#3" [stack: 0x000000d539300000,0x000000d539400000] [id=8400]
  0x0000029ed930fd20 ConcurrentGCThread "G1 Refine#4" [stack: 0x000000d539400000,0x000000d539500000] [id=7020]
  0x0000029ef177a570 ConcurrentGCThread "G1 Service" [stack: 0x000000d539b00000,0x000000d539c00000] [id=13236]

Threads with active compile tasks:

VM state: not at safepoint (normal execution)

VM Mutex/Monitor currently owned by a thread: None

OutOfMemory and StackOverflow Exception counts:
OutOfMemoryError java_heap_errors=17
LinkageErrors=32

Heap address: 0x00000000c2600000, size: 986 MB, Compressed Oops mode: 32-bit

CDS archive(s) mapped at: [0x0000029e8f000000-0x0000029e8fbd0000-0x0000029e8fbd0000), size 12386304, SharedBaseAddress: 0x0000029e8f000000, ArchiveRelocationMode: 1.
Compressed class space mapped at: 0x0000029e90000000-0x0000029ed0000000, reserved size: 1073741824
Narrow klass base: 0x0000029e8f000000, Narrow klass shift: 0, Narrow klass range: 0x100000000

GC Precious Log:
 CPUs: 8 total, 8 available
 Memory: 3938M
 Large Page Support: Disabled
 NUMA Support: Disabled
 Compressed Oops: Enabled (32-bit)
 Heap Region Size: 1M
 Heap Min Capacity: 8M
 Heap Initial Capacity: 62M
 Heap Max Capacity: 986M
 Pre-touch: Disabled
 Parallel Workers: 8
 Concurrent Workers: 2
 Concurrent Refinement Workers: 8
 Periodic GC: Disabled

Heap:
 garbage-first heap   total 1009664K, used 1008642K [0x00000000c2600000, 0x0000000100000000)
  region size 1024K, 0 young (0K), 0 survivors (0K)
 Metaspace       used 17575K, committed 17792K, reserved 1114112K
  class space    used 2343K, committed 2432K, reserved 1048576K

Heap Regions: E=young(eden), S=young(survivor), O=old, HS=humongous(starts), HC=humongous(continues), CS=collection set, F=free, OA=open archive, CA=closed archive, TAMS=top-at-mark-start (previous, next)
|   0|0x00000000c2600000, 0x00000000c2700000, 0x00000000c2700000|100%|HS|  |TAMS 0x00000000c2700000, 0x00000000c2600000| Untracked 
|   1|0x00000000c2700000, 0x00000000c2800000, 0x00000000c2800000|100%| O|  |TAMS 0x00000000c2700000, 0x00000000c2700000| Untracked 
|   2|0x00000000c2800000, 0x00000000c2900000, 0x00000000c2900000|100%|HS|  |TAMS 0x00000000c2900000, 0x00000000c2800000| Untracked 
|   3|0x00000000c2900000, 0x00000000c2a00000, 0x00000000c2a00000|100%|HS|  |TAMS 0x00000000c2a00000, 0x00000000c2900000| Untracked 
|   4|0x00000000c2a00000, 0x00000000c2b00000, 0x00000000c2b00000|100%|HS|  |TAMS 0x00000000c2b00000, 0x00000000c2a00000| Untracked 
|   5|0x00000000c2b00000, 0x00000000c2c00000, 0x00000000c2c00000|100%|HS|  |TAMS 0x00000000c2c00000, 0x00000000c2b00000| Untracked 
|   6|0x00000000c2c00000, 0x00000000c2d00000, 0x00000000c2d00000|100%|HS|  |TAMS 0x00000000c2d00000, 0x00000000c2c00000| Untracked 
|   7|0x00000000c2d00000, 0x00000000c2e00000, 0x00000000c2e00000|100%|HS|  |TAMS 0x00000000c2e00000, 0x00000000c2d00000| Untracked 
|   8|0x00000000c2e00000, 0x00000000c2f00000, 0x00000000c2f00000|100%|HS|  |TAMS 0x00000000c2f00000, 0x00000000c2e00000| Untracked 
|   9|0x00000000c2f00000, 0x00000000c3000000, 0x00000000c3000000|100%|HS|  |TAMS 0x00000000c3000000, 0x00000000c2f00000| Untracked 
|  10|0x00000000c3000000, 0x00000000c3100000, 0x00000000c3100000|100%|HC|  |TAMS 0x00000000c3100000, 0x00000000c3000000| Untracked 
|  11|0x00000000c3100000, 0x00000000c3200000, 0x00000000c3200000|100%|HC|  |TAMS 0x00000000c3200000, 0x00000000c3100000| Untracked 
|  12|0x00000000c3200000, 0x00000000c3300000, 0x00000000c3300000|100%|HC|  |TAMS 0x00000000c3300000, 0x00000000c3200000| Untracked 
|  13|0x00000000c3300000, 0x00000000c3400000, 0x00000000c3400000|100%|HC|  |TAMS 0x00000000c3400000, 0x00000000c3300000| Untracked 
|  14|0x00000000c3400000, 0x00000000c3500000, 0x00000000c3500000|100%|HC|  |TAMS 0x00000000c3500000, 0x00000000c3400000| Untracked 
|  15|0x00000000c3500000, 0x00000000c35ffff0, 0x00000000c3600000| 99%| O|  |TAMS 0x00000000c3500000, 0x00000000c3500000| Untracked 
|  16|0x00000000c3600000, 0x00000000c36fffe8, 0x00000000c3700000| 99%| O|  |TAMS 0x00000000c3600000, 0x00000000c3600000| Untracked 
|  17|0x00000000c3700000, 0x00000000c37fffe8, 0x00000000c3800000| 99%| O|  |TAMS 0x00000000c3700000, 0x00000000c3700000| Untracked 
|  18|0x00000000c3800000, 0x00000000c3900000, 0x00000000c3900000|100%|HS|  |TAMS 0x00000000c3900000, 0x00000000c3800000| Untracked 
|  19|0x00000000c3900000, 0x00000000c3a00000, 0x00000000c3a00000|100%|HS|  |TAMS 0x00000000c3a00000, 0x00000000c3900000| Untracked 
|  20|0x00000000c3a00000, 0x00000000c3b00000, 0x00000000c3b00000|100%|HS|  |TAMS 0x00000000c3b00000, 0x00000000c3a00000| Untracked 
|  21|0x00000000c3b00000, 0x00000000c3c00000, 0x00000000c3c00000|100%|HS|  |TAMS 0x00000000c3c00000, 0x00000000c3b00000| Untracked 
|  22|0x00000000c3c00000, 0x00000000c3cfffe0, 0x00000000c3d00000| 99%| O|  |TAMS 0x00000000c3c00000, 0x00000000c3c00000| Untracked 
|  23|0x00000000c3d00000, 0x00000000c3dfffb8, 0x00000000c3e00000| 99%| O|  |TAMS 0x00000000c3d00000, 0x00000000c3d00000| Untracked 
|  24|0x00000000c3e00000, 0x00000000c3f00000, 0x00000000c3f00000|100%|HS|  |TAMS 0x00000000c3f00000, 0x00000000c3e00000| Untracked 
|  25|0x00000000c3f00000, 0x00000000c4000000, 0x00000000c4000000|100%|HC|  |TAMS 0x00000000c4000000, 0x00000000c3f00000| Untracked 
|  26|0x00000000c4000000, 0x00000000c40ffff0, 0x00000000c4100000| 99%| O|  |TAMS 0x00000000c4000000, 0x00000000c4000000| Untracked 
|  27|0x00000000c4100000, 0x00000000c41fffe8, 0x00000000c4200000| 99%| O|  |TAMS 0x00000000c4100000, 0x00000000c4100000| Untracked 
|  28|0x00000000c4200000, 0x00000000c4300000, 0x00000000c4300000|100%| O|  |TAMS 0x00000000c4200000, 0x00000000c4200000| Untracked 
|  29|0x00000000c4300000, 0x00000000c4400000, 0x00000000c4400000|100%|HS|  |TAMS 0x00000000c4400000, 0x00000000c4300000| Untracked 
|  30|0x00000000c4400000, 0x00000000c44ffff8, 0x00000000c4500000| 99%| O|  |TAMS 0x00000000c4400000, 0x00000000c4400000| Untracked 
|  31|0x00000000c4500000, 0x00000000c4600000, 0x00000000c4600000|100%|HS|  |TAMS 0x00000000c4600000, 0x00000000c4500000| Untracked 
|  32|0x00000000c4600000, 0x00000000c46ffff8, 0x00000000c4700000| 99%| O|  |TAMS 0x00000000c4600000, 0x00000000c4600000| Untracked 
|  33|0x00000000c4700000, 0x00000000c47ffff8, 0x00000000c4800000| 99%| O|  |TAMS 0x00000000c4700000, 0x00000000c4700000| Untracked 
|  34|0x00000000c4800000, 0x00000000c4900000, 0x00000000c4900000|100%| O|  |TAMS 0x00000000c4800000, 0x00000000c4800000| Untracked 
|  35|0x00000000c4900000, 0x00000000c49ffff0, 0x00000000c4a00000| 99%| O|  |TAMS 0x00000000c4900000, 0x00000000c4900000| Untracked 
|  36|0x00000000c4a00000, 0x00000000c4b00000, 0x00000000c4b00000|100%| O|  |TAMS 0x00000000c4a00000, 0x00000000c4a00000| Untracked 
|  37|0x00000000c4b00000, 0x00000000c4bffff8, 0x00000000c4c00000| 99%| O|  |TAMS 0x00000000c4b00000, 0x00000000c4b00000| Untracked 
|  38|0x00000000c4c00000, 0x00000000c4d00000, 0x00000000c4d00000|100%| O|  |TAMS 0x00000000c4c00000, 0x00000000c4c00000| Untracked 
|  39|0x00000000c4d00000, 0x00000000c4dffff8, 0x00000000c4e00000| 99%| O|  |TAMS 0x00000000c4d00000, 0x00000000c4d00000| Untracked 
|  40|0x00000000c4e00000, 0x00000000c4effff8, 0x00000000c4f00000| 99%| O|  |TAMS 0x00000000c4e00000, 0x00000000c4e00000| Untracked 
|  41|0x00000000c4f00000, 0x00000000c4fffff8, 0x00000000c5000000| 99%| O|  |TAMS 0x00000000c4f00000, 0x00000000c4f00000| Untracked 
|  42|0x00000000c5000000, 0x00000000c50ffff8, 0x00000000c5100000| 99%| O|  |TAMS 0x00000000c5000000, 0x00000000c5000000| Untracked 
|  43|0x00000000c5100000, 0x00000000c51fffe0, 0x00000000c5200000| 99%| O|  |TAMS 0x00000000c5100000, 0x00000000c5100000| Untracked 
|  44|0x00000000c5200000, 0x00000000c52ffff8, 0x00000000c5300000| 99%| O|  |TAMS 0x00000000c5200000, 0x00000000c5200000| Untracked 
|  45|0x00000000c5300000, 0x00000000c53ffff8, 0x00000000c5400000| 99%| O|  |TAMS 0x00000000c5300000, 0x00000000c5300000| Untracked 
|  46|0x00000000c5400000, 0x00000000c54ffff0, 0x00000000c5500000| 99%| O|  |TAMS 0x00000000c5400000, 0x00000000c5400000| Untracked 
|  47|0x00000000c5500000, 0x00000000c5600000, 0x00000000c5600000|100%| O|  |TAMS 0x00000000c5500000, 0x00000000c5500000| Untracked 
|  48|0x00000000c5600000, 0x00000000c56ffff0, 0x00000000c5700000| 99%| O|  |TAMS 0x00000000c5600000, 0x00000000c5600000| Untracked 
|  49|0x00000000c5700000, 0x00000000c57fffe8, 0x00000000c5800000| 99%| O|  |TAMS 0x00000000c5700000, 0x00000000c5700000| Untracked 
|  50|0x00000000c5800000, 0x00000000c58ffff0, 0x00000000c5900000| 99%| O|  |TAMS 0x00000000c5800000, 0x00000000c5800000| Untracked 
|  51|0x00000000c5900000, 0x00000000c59fffe0, 0x00000000c5a00000| 99%| O|  |TAMS 0x00000000c5900000, 0x00000000c5900000| Untracked 
|  52|0x00000000c5a00000, 0x00000000c5b00000, 0x00000000c5b00000|100%|HS|  |TAMS 0x00000000c5b00000, 0x00000000c5a00000| Untracked 
|  53|0x00000000c5b00000, 0x00000000c5c00000, 0x00000000c5c00000|100%| O|  |TAMS 0x00000000c5b00000, 0x00000000c5b00000| Untracked 
|  54|0x00000000c5c00000, 0x00000000c5d00000, 0x00000000c5d00000|100%| O|  |TAMS 0x00000000c5c00000, 0x00000000c5c00000| Untracked 
|  55|0x00000000c5d00000, 0x00000000c5e00000, 0x00000000c5e00000|100%|HS|  |TAMS 0x00000000c5e00000, 0x00000000c5d00000| Untracked 
|  56|0x00000000c5e00000, 0x00000000c5f00000, 0x00000000c5f00000|100%|HS|  |TAMS 0x00000000c5f00000, 0x00000000c5e00000| Untracked 
|  57|0x00000000c5f00000, 0x00000000c6000000, 0x00000000c6000000|100%|HS|  |TAMS 0x00000000c6000000, 0x00000000c5f00000| Untracked 
|  58|0x00000000c6000000, 0x00000000c6100000, 0x00000000c6100000|100%|HS|  |TAMS 0x00000000c6100000, 0x00000000c6000000| Untracked 
|  59|0x00000000c6100000, 0x00000000c6200000, 0x00000000c6200000|100%|HS|  |TAMS 0x00000000c6200000, 0x00000000c6100000| Untracked 
|  60|0x00000000c6200000, 0x00000000c6300000, 0x00000000c6300000|100%|HS|  |TAMS 0x00000000c6300000, 0x00000000c6200000| Untracked 
|  61|0x00000000c6300000, 0x00000000c6400000, 0x00000000c6400000|100%|HS|  |TAMS 0x00000000c6400000, 0x00000000c6300000| Untracked 
|  62|0x00000000c6400000, 0x00000000c6500000, 0x00000000c6500000|100%|HS|  |TAMS 0x00000000c6500000, 0x00000000c6400000| Untracked 
|  63|0x00000000c6500000, 0x00000000c6600000, 0x00000000c6600000|100%|HS|  |TAMS 0x00000000c6600000, 0x00000000c6500000| Untracked 
|  64|0x00000000c6600000, 0x00000000c66fffe8, 0x00000000c6700000| 99%| O|  |TAMS 0x00000000c6600000, 0x00000000c6600000| Untracked 
|  65|0x00000000c6700000, 0x00000000c67ffff0, 0x00000000c6800000| 99%| O|  |TAMS 0x00000000c6700000, 0x00000000c6700000| Untracked 
|  66|0x00000000c6800000, 0x00000000c68ffff8, 0x00000000c6900000| 99%| O|  |TAMS 0x00000000c6800000, 0x00000000c6800000| Untracked 
|  67|0x00000000c6900000, 0x00000000c69ffff0, 0x00000000c6a00000| 99%| O|  |TAMS 0x00000000c6900000, 0x00000000c6900000| Untracked 
|  68|0x00000000c6a00000, 0x00000000c6afff50, 0x00000000c6b00000| 99%| O|  |TAMS 0x00000000c6a00000, 0x00000000c6a00000| Untracked 
|  69|0x00000000c6b00000, 0x00000000c6bffef0, 0x00000000c6c00000| 99%| O|  |TAMS 0x00000000c6b00000, 0x00000000c6b00000| Untracked 
|  70|0x00000000c6c00000, 0x00000000c6cffff8, 0x00000000c6d00000| 99%| O|  |TAMS 0x00000000c6c00000, 0x00000000c6c00000| Untracked 
|  71|0x00000000c6d00000, 0x00000000c6dffff8, 0x00000000c6e00000| 99%| O|  |TAMS 0x00000000c6d00000, 0x00000000c6d00000| Untracked 
|  72|0x00000000c6e00000, 0x00000000c6efffe8, 0x00000000c6f00000| 99%| O|  |TAMS 0x00000000c6e00000, 0x00000000c6e00000| Untracked 
|  73|0x00000000c6f00000, 0x00000000c6fffff8, 0x00000000c7000000| 99%| O|  |TAMS 0x00000000c6f00000, 0x00000000c6f00000| Untracked 
|  74|0x00000000c7000000, 0x00000000c70ffff8, 0x00000000c7100000| 99%| O|  |TAMS 0x00000000c7000000, 0x00000000c7000000| Untracked 
|  75|0x00000000c7100000, 0x00000000c71fffe8, 0x00000000c7200000| 99%| O|  |TAMS 0x00000000c7100000, 0x00000000c7100000| Untracked 
|  76|0x00000000c7200000, 0x00000000c7300000, 0x00000000c7300000|100%| O|  |TAMS 0x00000000c7200000, 0x00000000c7200000| Untracked 
|  77|0x00000000c7300000, 0x00000000c73ffff8, 0x00000000c7400000| 99%| O|  |TAMS 0x00000000c7300000, 0x00000000c7300000| Untracked 
|  78|0x00000000c7400000, 0x00000000c7500000, 0x00000000c7500000|100%| O|  |TAMS 0x00000000c7400000, 0x00000000c7400000| Untracked 
|  79|0x00000000c7500000, 0x00000000c7600000, 0x00000000c7600000|100%| O|  |TAMS 0x00000000c7500000, 0x00000000c7500000| Untracked 
|  80|0x00000000c7600000, 0x00000000c76ffff8, 0x00000000c7700000| 99%| O|  |TAMS 0x00000000c7600000, 0x00000000c7600000| Untracked 
|  81|0x00000000c7700000, 0x00000000c7800000, 0x00000000c7800000|100%| O|  |TAMS 0x00000000c7700000, 0x00000000c7700000| Untracked 
|  82|0x00000000c7800000, 0x00000000c78ffff0, 0x00000000c7900000| 99%| O|  |TAMS 0x00000000c7800000, 0x00000000c7800000| Untracked 
|  83|0x00000000c7900000, 0x00000000c79ffff8, 0x00000000c7a00000| 99%| O|  |TAMS 0x00000000c7900000, 0x00000000c7900000| Untracked 
|  84|0x00000000c7a00000, 0x00000000c7afffb0, 0x00000000c7b00000| 99%| O|  |TAMS 0x00000000c7a00000, 0x00000000c7a00000| Untracked 
|  85|0x00000000c7b00000, 0x00000000c7c00000, 0x00000000c7c00000|100%| O|  |TAMS 0x00000000c7b00000, 0x00000000c7b00000| Untracked 
|  86|0x00000000c7c00000, 0x00000000c7cffff8, 0x00000000c7d00000| 99%| O|  |TAMS 0x00000000c7c00000, 0x00000000c7c00000| Untracked 
|  87|0x00000000c7d00000, 0x00000000c7e00000, 0x00000000c7e00000|100%| O|  |TAMS 0x00000000c7d00000, 0x00000000c7d00000| Untracked 
|  88|0x00000000c7e00000, 0x00000000c7f00000, 0x00000000c7f00000|100%| O|  |TAMS 0x00000000c7e00000, 0x00000000c7e00000| Untracked 
|  89|0x00000000c7f00000, 0x00000000c7ffffe8, 0x00000000c8000000| 99%| O|  |TAMS 0x00000000c7f00000, 0x00000000c7f00000| Untracked 
|  90|0x00000000c8000000, 0x00000000c8100000, 0x00000000c8100000|100%| O|  |TAMS 0x00000000c8000000, 0x00000000c8000000| Untracked 
|  91|0x00000000c8100000, 0x00000000c81ffff0, 0x00000000c8200000| 99%| O|  |TAMS 0x00000000c8100000, 0x00000000c8100000| Untracked 
|  92|0x00000000c8200000, 0x00000000c82ffff8, 0x00000000c8300000| 99%| O|  |TAMS 0x00000000c8200000, 0x00000000c8200000| Untracked 
|  93|0x00000000c8300000, 0x00000000c83ffff0, 0x00000000c8400000| 99%| O|  |TAMS 0x00000000c8300000, 0x00000000c8300000| Untracked 
|  94|0x00000000c8400000, 0x00000000c8500000, 0x00000000c8500000|100%| O|  |TAMS 0x00000000c8400000, 0x00000000c8400000| Untracked 
|  95|0x00000000c8500000, 0x00000000c8600000, 0x00000000c8600000|100%| O|  |TAMS 0x00000000c8500000, 0x00000000c8500000| Untracked 
|  96|0x00000000c8600000, 0x00000000c86ffff0, 0x00000000c8700000| 99%| O|  |TAMS 0x00000000c8600000, 0x00000000c8600000| Untracked 
|  97|0x00000000c8700000, 0x00000000c8800000, 0x00000000c8800000|100%|HS|  |TAMS 0x00000000c8800000, 0x00000000c8700000| Untracked 
|  98|0x00000000c8800000, 0x00000000c8900000, 0x00000000c8900000|100%|HC|  |TAMS 0x00000000c8900000, 0x00000000c8800000| Untracked 
|  99|0x00000000c8900000, 0x00000000c8a00000, 0x00000000c8a00000|100%|HC|  |TAMS 0x00000000c8a00000, 0x00000000c8900000| Untracked 
| 100|0x00000000c8a00000, 0x00000000c8b00000, 0x00000000c8b00000|100%|HC|  |TAMS 0x00000000c8b00000, 0x00000000c8a00000| Untracked 
| 101|0x00000000c8b00000, 0x00000000c8c00000, 0x00000000c8c00000|100%|HC|  |TAMS 0x00000000c8c00000, 0x00000000c8b00000| Untracked 
| 102|0x00000000c8c00000, 0x00000000c8d00000, 0x00000000c8d00000|100%|HC|  |TAMS 0x00000000c8d00000, 0x00000000c8c00000| Untracked 
| 103|0x00000000c8d00000, 0x00000000c8e00000, 0x00000000c8e00000|100%|HC|  |TAMS 0x00000000c8e00000, 0x00000000c8d00000| Untracked 
| 104|0x00000000c8e00000, 0x00000000c8f00000, 0x00000000c8f00000|100%|HC|  |TAMS 0x00000000c8f00000, 0x00000000c8e00000| Untracked 
| 105|0x00000000c8f00000, 0x00000000c9000000, 0x00000000c9000000|100%|HC|  |TAMS 0x00000000c9000000, 0x00000000c8f00000| Untracked 
| 106|0x00000000c9000000, 0x00000000c9100000, 0x00000000c9100000|100%|HC|  |TAMS 0x00000000c9100000, 0x00000000c9000000| Untracked 
| 107|0x00000000c9100000, 0x00000000c9200000, 0x00000000c9200000|100%|HC|  |TAMS 0x00000000c9200000, 0x00000000c9100000| Untracked 
| 108|0x00000000c9200000, 0x00000000c9300000, 0x00000000c9300000|100%|HC|  |TAMS 0x00000000c9300000, 0x00000000c9200000| Untracked 
| 109|0x00000000c9300000, 0x00000000c9400000, 0x00000000c9400000|100%|HC|  |TAMS 0x00000000c9400000, 0x00000000c9300000| Untracked 
| 110|0x00000000c9400000, 0x00000000c9500000, 0x00000000c9500000|100%|HC|  |TAMS 0x00000000c9500000, 0x00000000c9400000| Untracked 
| 111|0x00000000c9500000, 0x00000000c9600000, 0x00000000c9600000|100%|HC|  |TAMS 0x00000000c9600000, 0x00000000c9500000| Untracked 
| 112|0x00000000c9600000, 0x00000000c9700000, 0x00000000c9700000|100%|HC|  |TAMS 0x00000000c9700000, 0x00000000c9600000| Untracked 
| 113|0x00000000c9700000, 0x00000000c9800000, 0x00000000c9800000|100%|HC|  |TAMS 0x00000000c9800000, 0x00000000c9700000| Untracked 
| 114|0x00000000c9800000, 0x00000000c9900000, 0x00000000c9900000|100%|HC|  |TAMS 0x00000000c9900000, 0x00000000c9800000| Untracked 
| 115|0x00000000c9900000, 0x00000000c9a00000, 0x00000000c9a00000|100%|HC|  |TAMS 0x00000000c9a00000, 0x00000000c9900000| Untracked 
| 116|0x00000000c9a00000, 0x00000000c9b00000, 0x00000000c9b00000|100%|HC|  |TAMS 0x00000000c9b00000, 0x00000000c9a00000| Untracked 
| 117|0x00000000c9b00000, 0x00000000c9c00000, 0x00000000c9c00000|100%|HC|  |TAMS 0x00000000c9c00000, 0x00000000c9b00000| Untracked 
| 118|0x00000000c9c00000, 0x00000000c9d00000, 0x00000000c9d00000|100%|HC|  |TAMS 0x00000000c9d00000, 0x00000000c9c00000| Untracked 
| 119|0x00000000c9d00000, 0x00000000c9e00000, 0x00000000c9e00000|100%|HC|  |TAMS 0x00000000c9e00000, 0x00000000c9d00000| Untracked 
| 120|0x00000000c9e00000, 0x00000000c9f00000, 0x00000000c9f00000|100%|HC|  |TAMS 0x00000000c9f00000, 0x00000000c9e00000| Untracked 
| 121|0x00000000c9f00000, 0x00000000ca000000, 0x00000000ca000000|100%|HC|  |TAMS 0x00000000ca000000, 0x00000000c9f00000| Untracked 
| 122|0x00000000ca000000, 0x00000000ca100000, 0x00000000ca100000|100%|HC|  |TAMS 0x00000000ca100000, 0x00000000ca000000| Untracked 
| 123|0x00000000ca100000, 0x00000000ca200000, 0x00000000ca200000|100%|HC|  |TAMS 0x00000000ca200000, 0x00000000ca100000| Untracked 
| 124|0x00000000ca200000, 0x00000000ca300000, 0x00000000ca300000|100%|HC|  |TAMS 0x00000000ca300000, 0x00000000ca200000| Untracked 
| 125|0x00000000ca300000, 0x00000000ca400000, 0x00000000ca400000|100%|HC|  |TAMS 0x00000000ca400000, 0x00000000ca300000| Untracked 
| 126|0x00000000ca400000, 0x00000000ca500000, 0x00000000ca500000|100%|HC|  |TAMS 0x00000000ca500000, 0x00000000ca400000| Untracked 
| 127|0x00000000ca500000, 0x00000000ca600000, 0x00000000ca600000|100%|HC|  |TAMS 0x00000000ca600000, 0x00000000ca500000| Untracked 
| 128|0x00000000ca600000, 0x00000000ca700000, 0x00000000ca700000|100%|HC|  |TAMS 0x00000000ca700000, 0x00000000ca600000| Untracked 
| 129|0x00000000ca700000, 0x00000000ca800000, 0x00000000ca800000|100%|HC|  |TAMS 0x00000000ca800000, 0x00000000ca700000| Untracked 
| 130|0x00000000ca800000, 0x00000000ca900000, 0x00000000ca900000|100%|HC|  |TAMS 0x00000000ca900000, 0x00000000ca800000| Untracked 
| 131|0x00000000ca900000, 0x00000000caa00000, 0x00000000caa00000|100%|HC|  |TAMS 0x00000000caa00000, 0x00000000ca900000| Untracked 
| 132|0x00000000caa00000, 0x00000000cab00000, 0x00000000cab00000|100%|HC|  |TAMS 0x00000000cab00000, 0x00000000caa00000| Untracked 
| 133|0x00000000cab00000, 0x00000000cac00000, 0x00000000cac00000|100%|HC|  |TAMS 0x00000000cac00000, 0x00000000cab00000| Untracked 
| 134|0x00000000cac00000, 0x00000000cad00000, 0x00000000cad00000|100%|HC|  |TAMS 0x00000000cad00000, 0x00000000cac00000| Untracked 
| 135|0x00000000cad00000, 0x00000000cae00000, 0x00000000cae00000|100%|HC|  |TAMS 0x00000000cae00000, 0x00000000cad00000| Untracked 
| 136|0x00000000cae00000, 0x00000000caf00000, 0x00000000caf00000|100%|HC|  |TAMS 0x00000000caf00000, 0x00000000cae00000| Untracked 
| 137|0x00000000caf00000, 0x00000000cb000000, 0x00000000cb000000|100%|HC|  |TAMS 0x00000000cb000000, 0x00000000caf00000| Untracked 
| 138|0x00000000cb000000, 0x00000000cb100000, 0x00000000cb100000|100%|HC|  |TAMS 0x00000000cb100000, 0x00000000cb000000| Untracked 
| 139|0x00000000cb100000, 0x00000000cb200000, 0x00000000cb200000|100%|HC|  |TAMS 0x00000000cb200000, 0x00000000cb100000| Untracked 
| 140|0x00000000cb200000, 0x00000000cb300000, 0x00000000cb300000|100%|HC|  |TAMS 0x00000000cb300000, 0x00000000cb200000| Untracked 
| 141|0x00000000cb300000, 0x00000000cb400000, 0x00000000cb400000|100%|HC|  |TAMS 0x00000000cb400000, 0x00000000cb300000| Untracked 
| 142|0x00000000cb400000, 0x00000000cb500000, 0x00000000cb500000|100%|HC|  |TAMS 0x00000000cb500000, 0x00000000cb400000| Untracked 
| 143|0x00000000cb500000, 0x00000000cb600000, 0x00000000cb600000|100%|HC|  |TAMS 0x00000000cb600000, 0x00000000cb500000| Untracked 
| 144|0x00000000cb600000, 0x00000000cb700000, 0x00000000cb700000|100%|HC|  |TAMS 0x00000000cb700000, 0x00000000cb600000| Untracked 
| 145|0x00000000cb700000, 0x00000000cb800000, 0x00000000cb800000|100%|HC|  |TAMS 0x00000000cb800000, 0x00000000cb700000| Untracked 
| 146|0x00000000cb800000, 0x00000000cb900000, 0x00000000cb900000|100%|HC|  |TAMS 0x00000000cb900000, 0x00000000cb800000| Untracked 
| 147|0x00000000cb900000, 0x00000000cba00000, 0x00000000cba00000|100%|HC|  |TAMS 0x00000000cba00000, 0x00000000cb900000| Untracked 
| 148|0x00000000cba00000, 0x00000000cbb00000, 0x00000000cbb00000|100%|HC|  |TAMS 0x00000000cbb00000, 0x00000000cba00000| Untracked 
| 149|0x00000000cbb00000, 0x00000000cbc00000, 0x00000000cbc00000|100%|HC|  |TAMS 0x00000000cbc00000, 0x00000000cbb00000| Untracked 
| 150|0x00000000cbc00000, 0x00000000cbd00000, 0x00000000cbd00000|100%|HC|  |TAMS 0x00000000cbd00000, 0x00000000cbc00000| Untracked 
| 151|0x00000000cbd00000, 0x00000000cbe00000, 0x00000000cbe00000|100%|HC|  |TAMS 0x00000000cbe00000, 0x00000000cbd00000| Untracked 
| 152|0x00000000cbe00000, 0x00000000cbf00000, 0x00000000cbf00000|100%|HC|  |TAMS 0x00000000cbf00000, 0x00000000cbe00000| Untracked 
| 153|0x00000000cbf00000, 0x00000000cc000000, 0x00000000cc000000|100%|HC|  |TAMS 0x00000000cc000000, 0x00000000cbf00000| Untracked 
| 154|0x00000000cc000000, 0x00000000cc100000, 0x00000000cc100000|100%|HC|  |TAMS 0x00000000cc100000, 0x00000000cc000000| Untracked 
| 155|0x00000000cc100000, 0x00000000cc200000, 0x00000000cc200000|100%|HC|  |TAMS 0x00000000cc200000, 0x00000000cc100000| Untracked 
| 156|0x00000000cc200000, 0x00000000cc300000, 0x00000000cc300000|100%|HC|  |TAMS 0x00000000cc300000, 0x00000000cc200000| Untracked 
| 157|0x00000000cc300000, 0x00000000cc400000, 0x00000000cc400000|100%|HC|  |TAMS 0x00000000cc400000, 0x00000000cc300000| Untracked 
| 158|0x00000000cc400000, 0x00000000cc500000, 0x00000000cc500000|100%|HC|  |TAMS 0x00000000cc500000, 0x00000000cc400000| Untracked 
| 159|0x00000000cc500000, 0x00000000cc600000, 0x00000000cc600000|100%|HC|  |TAMS 0x00000000cc600000, 0x00000000cc500000| Untracked 
| 160|0x00000000cc600000, 0x00000000cc700000, 0x00000000cc700000|100%|HC|  |TAMS 0x00000000cc700000, 0x00000000cc600000| Untracked 
| 161|0x00000000cc700000, 0x00000000cc800000, 0x00000000cc800000|100%|HC|  |TAMS 0x00000000cc800000, 0x00000000cc700000| Untracked 
| 162|0x00000000cc800000, 0x00000000cc900000, 0x00000000cc900000|100%|HC|  |TAMS 0x00000000cc900000, 0x00000000cc800000| Untracked 
| 163|0x00000000cc900000, 0x00000000cca00000, 0x00000000cca00000|100%|HC|  |TAMS 0x00000000cca00000, 0x00000000cc900000| Untracked 
| 164|0x00000000cca00000, 0x00000000ccb00000, 0x00000000ccb00000|100%|HC|  |TAMS 0x00000000ccb00000, 0x00000000cca00000| Untracked 
| 165|0x00000000ccb00000, 0x00000000ccbfffe8, 0x00000000ccc00000| 99%| O|  |TAMS 0x00000000ccb00000, 0x00000000ccb00000| Untracked 
| 166|0x00000000ccc00000, 0x00000000cccfff78, 0x00000000ccd00000| 99%| O|  |TAMS 0x00000000ccc00000, 0x00000000ccc00000| Untracked 
| 167|0x00000000ccd00000, 0x00000000ccdffff8, 0x00000000cce00000| 99%| O|  |TAMS 0x00000000ccd00000, 0x00000000ccd00000| Untracked 
| 168|0x00000000cce00000, 0x00000000cceffff8, 0x00000000ccf00000| 99%| O|  |TAMS 0x00000000cce00000, 0x00000000cce00000| Untracked 
| 169|0x00000000ccf00000, 0x00000000ccfffff8, 0x00000000cd000000| 99%| O|  |TAMS 0x00000000ccf00000, 0x00000000ccf00000| Untracked 
| 170|0x00000000cd000000, 0x00000000cd100000, 0x00000000cd100000|100%| O|  |TAMS 0x00000000cd000000, 0x00000000cd000000| Untracked 
| 171|0x00000000cd100000, 0x00000000cd1ffff8, 0x00000000cd200000| 99%| O|  |TAMS 0x00000000cd100000, 0x00000000cd100000| Untracked 
| 172|0x00000000cd200000, 0x00000000cd300000, 0x00000000cd300000|100%| O|  |TAMS 0x00000000cd200000, 0x00000000cd200000| Untracked 
| 173|0x00000000cd300000, 0x00000000cd3ffff8, 0x00000000cd400000| 99%| O|  |TAMS 0x00000000cd300000, 0x00000000cd300000| Untracked 
| 174|0x00000000cd400000, 0x00000000cd4fffe8, 0x00000000cd500000| 99%| O|  |TAMS 0x00000000cd400000, 0x00000000cd400000| Untracked 
| 175|0x00000000cd500000, 0x00000000cd5ffff8, 0x00000000cd600000| 99%| O|  |TAMS 0x00000000cd500000, 0x00000000cd500000| Untracked 
| 176|0x00000000cd600000, 0x00000000cd6ffff8, 0x00000000cd700000| 99%| O|  |TAMS 0x00000000cd600000, 0x00000000cd600000| Untracked 
| 177|0x00000000cd700000, 0x00000000cd7fffe0, 0x00000000cd800000| 99%| O|  |TAMS 0x00000000cd700000, 0x00000000cd700000| Untracked 
| 178|0x00000000cd800000, 0x00000000cd8fffe0, 0x00000000cd900000| 99%| O|  |TAMS 0x00000000cd800000, 0x00000000cd800000| Untracked 
| 179|0x00000000cd900000, 0x00000000cda00000, 0x00000000cda00000|100%| O|  |TAMS 0x00000000cd900000, 0x00000000cd900000| Untracked 
| 180|0x00000000cda00000, 0x00000000cdaffff8, 0x00000000cdb00000| 99%| O|  |TAMS 0x00000000cda00000, 0x00000000cda00000| Untracked 
| 181|0x00000000cdb00000, 0x00000000cdbffff8, 0x00000000cdc00000| 99%| O|  |TAMS 0x00000000cdb00000, 0x00000000cdb00000| Untracked 
| 182|0x00000000cdc00000, 0x00000000cdcffff8, 0x00000000cdd00000| 99%| O|  |TAMS 0x00000000cdc00000, 0x00000000cdc00000| Untracked 
| 183|0x00000000cdd00000, 0x00000000cde00000, 0x00000000cde00000|100%| O|  |TAMS 0x00000000cdd00000, 0x00000000cdd00000| Untracked 
| 184|0x00000000cde00000, 0x00000000cdf00000, 0x00000000cdf00000|100%| O|  |TAMS 0x00000000cde00000, 0x00000000cde00000| Untracked 
| 185|0x00000000cdf00000, 0x00000000cdfffff8, 0x00000000ce000000| 99%| O|  |TAMS 0x00000000cdf00000, 0x00000000cdf00000| Untracked 
| 186|0x00000000ce000000, 0x00000000ce0ffff0, 0x00000000ce100000| 99%| O|  |TAMS 0x00000000ce000000, 0x00000000ce000000| Untracked 
| 187|0x00000000ce100000, 0x00000000ce1ffff8, 0x00000000ce200000| 99%| O|  |TAMS 0x00000000ce100000, 0x00000000ce100000| Untracked 
| 188|0x00000000ce200000, 0x00000000ce2ffff0, 0x00000000ce300000| 99%| O|  |TAMS 0x00000000ce200000, 0x00000000ce200000| Untracked 
| 189|0x00000000ce300000, 0x00000000ce3ffff0, 0x00000000ce400000| 99%| O|  |TAMS 0x00000000ce300000, 0x00000000ce300000| Untracked 
| 190|0x00000000ce400000, 0x00000000ce4fffe0, 0x00000000ce500000| 99%| O|  |TAMS 0x00000000ce400000, 0x00000000ce400000| Untracked 
| 191|0x00000000ce500000, 0x00000000ce5ffff8, 0x00000000ce600000| 99%| O|  |TAMS 0x00000000ce500000, 0x00000000ce500000| Untracked 
| 192|0x00000000ce600000, 0x00000000ce6ffff8, 0x00000000ce700000| 99%| O|  |TAMS 0x00000000ce600000, 0x00000000ce600000| Untracked 
| 193|0x00000000ce700000, 0x00000000ce7ffff8, 0x00000000ce800000| 99%| O|  |TAMS 0x00000000ce700000, 0x00000000ce700000| Untracked 
| 194|0x00000000ce800000, 0x00000000ce900000, 0x00000000ce900000|100%| O|  |TAMS 0x00000000ce800000, 0x00000000ce800000| Untracked 
| 195|0x00000000ce900000, 0x00000000cea00000, 0x00000000cea00000|100%| O|  |TAMS 0x00000000ce900000, 0x00000000ce900000| Untracked 
| 196|0x00000000cea00000, 0x00000000ceb00000, 0x00000000ceb00000|100%| O|  |TAMS 0x00000000cea00000, 0x00000000cea00000| Untracked 
| 197|0x00000000ceb00000, 0x00000000cebffff0, 0x00000000cec00000| 99%| O|  |TAMS 0x00000000ceb00000, 0x00000000ceb00000| Untracked 
| 198|0x00000000cec00000, 0x00000000cecffff8, 0x00000000ced00000| 99%| O|  |TAMS 0x00000000cec00000, 0x00000000cec00000| Untracked 
| 199|0x00000000ced00000, 0x00000000cedfffe8, 0x00000000cee00000| 99%| O|  |TAMS 0x00000000ced00000, 0x00000000ced00000| Untracked 
| 200|0x00000000cee00000, 0x00000000ceeffff8, 0x00000000cef00000| 99%| O|  |TAMS 0x00000000cee00000, 0x00000000cee00000| Untracked 
| 201|0x00000000cef00000, 0x00000000cf000000, 0x00000000cf000000|100%| O|  |TAMS 0x00000000cef00000, 0x00000000cef00000| Untracked 
| 202|0x00000000cf000000, 0x00000000cf100000, 0x00000000cf100000|100%| O|  |TAMS 0x00000000cf000000, 0x00000000cf000000| Untracked 
| 203|0x00000000cf100000, 0x00000000cf1ffff8, 0x00000000cf200000| 99%| O|  |TAMS 0x00000000cf100000, 0x00000000cf100000| Untracked 
| 204|0x00000000cf200000, 0x00000000cf2ffff8, 0x00000000cf300000| 99%| O|  |TAMS 0x00000000cf200000, 0x00000000cf200000| Untracked 
| 205|0x00000000cf300000, 0x00000000cf3ffff0, 0x00000000cf400000| 99%| O|  |TAMS 0x00000000cf300000, 0x00000000cf300000| Untracked 
| 206|0x00000000cf400000, 0x00000000cf4fffe0, 0x00000000cf500000| 99%| O|  |TAMS 0x00000000cf400000, 0x00000000cf400000| Untracked 
| 207|0x00000000cf500000, 0x00000000cf5fffc0, 0x00000000cf600000| 99%| O|  |TAMS 0x00000000cf500000, 0x00000000cf500000| Untracked 
| 208|0x00000000cf600000, 0x00000000cf6ffff8, 0x00000000cf700000| 99%| O|  |TAMS 0x00000000cf600000, 0x00000000cf600000| Untracked 
| 209|0x00000000cf700000, 0x00000000cf7fffe8, 0x00000000cf800000| 99%| O|  |TAMS 0x00000000cf700000, 0x00000000cf700000| Untracked 
| 210|0x00000000cf800000, 0x00000000cf8ffff0, 0x00000000cf900000| 99%| O|  |TAMS 0x00000000cf800000, 0x00000000cf800000| Untracked 
| 211|0x00000000cf900000, 0x00000000cf9ffff8, 0x00000000cfa00000| 99%| O|  |TAMS 0x00000000cf900000, 0x00000000cf900000| Untracked 
| 212|0x00000000cfa00000, 0x00000000cfafffe8, 0x00000000cfb00000| 99%| O|  |TAMS 0x00000000cfa00000, 0x00000000cfa00000| Untracked 
| 213|0x00000000cfb00000, 0x00000000cfbffff0, 0x00000000cfc00000| 99%| O|  |TAMS 0x00000000cfb00000, 0x00000000cfb00000| Untracked 
| 214|0x00000000cfc00000, 0x00000000cfcffff8, 0x00000000cfd00000| 99%| O|  |TAMS 0x00000000cfc00000, 0x00000000cfc00000| Untracked 
| 215|0x00000000cfd00000, 0x00000000cfe00000, 0x00000000cfe00000|100%| O|  |TAMS 0x00000000cfd00000, 0x00000000cfd00000| Untracked 
| 216|0x00000000cfe00000, 0x00000000cfeffff8, 0x00000000cff00000| 99%| O|  |TAMS 0x00000000cfe00000, 0x00000000cfe00000| Untracked 
| 217|0x00000000cff00000, 0x00000000d0000000, 0x00000000d0000000|100%| O|  |TAMS 0x00000000cff00000, 0x00000000cff00000| Untracked 
| 218|0x00000000d0000000, 0x00000000d00ffff0, 0x00000000d0100000| 99%| O|  |TAMS 0x00000000d0000000, 0x00000000d0000000| Untracked 
| 219|0x00000000d0100000, 0x00000000d01ffff0, 0x00000000d0200000| 99%| O|  |TAMS 0x00000000d0100000, 0x00000000d0100000| Untracked 
| 220|0x00000000d0200000, 0x00000000d02ffff8, 0x00000000d0300000| 99%| O|  |TAMS 0x00000000d0200000, 0x00000000d0200000| Untracked 
| 221|0x00000000d0300000, 0x00000000d0400000, 0x00000000d0400000|100%| O|  |TAMS 0x00000000d0300000, 0x00000000d0300000| Untracked 
| 222|0x00000000d0400000, 0x00000000d0500000, 0x00000000d0500000|100%| O|  |TAMS 0x00000000d0400000, 0x00000000d0400000| Untracked 
| 223|0x00000000d0500000, 0x00000000d05ffff0, 0x00000000d0600000| 99%| O|  |TAMS 0x00000000d0500000, 0x00000000d0500000| Untracked 
| 224|0x00000000d0600000, 0x00000000d0700000, 0x00000000d0700000|100%| O|  |TAMS 0x00000000d0600000, 0x00000000d0600000| Untracked 
| 225|0x00000000d0700000, 0x00000000d07ffff8, 0x00000000d0800000| 99%| O|  |TAMS 0x00000000d0700000, 0x00000000d0700000| Untracked 
| 226|0x00000000d0800000, 0x00000000d0900000, 0x00000000d0900000|100%| O|  |TAMS 0x00000000d0800000, 0x00000000d0800000| Untracked 
| 227|0x00000000d0900000, 0x00000000d09ffff0, 0x00000000d0a00000| 99%| O|  |TAMS 0x00000000d0900000, 0x00000000d0900000| Untracked 
| 228|0x00000000d0a00000, 0x00000000d0affff0, 0x00000000d0b00000| 99%| O|  |TAMS 0x00000000d0a00000, 0x00000000d0a00000| Untracked 
| 229|0x00000000d0b00000, 0x00000000d0bffff8, 0x00000000d0c00000| 99%| O|  |TAMS 0x00000000d0b00000, 0x00000000d0b00000| Untracked 
| 230|0x00000000d0c00000, 0x00000000d0cffff0, 0x00000000d0d00000| 99%| O|  |TAMS 0x00000000d0c00000, 0x00000000d0c00000| Untracked 
| 231|0x00000000d0d00000, 0x00000000d0dffff8, 0x00000000d0e00000| 99%| O|  |TAMS 0x00000000d0d00000, 0x00000000d0d00000| Untracked 
| 232|0x00000000d0e00000, 0x00000000d0f00000, 0x00000000d0f00000|100%| O|  |TAMS 0x00000000d0e00000, 0x00000000d0e00000| Untracked 
| 233|0x00000000d0f00000, 0x00000000d0fffff0, 0x00000000d1000000| 99%| O|  |TAMS 0x00000000d0f00000, 0x00000000d0f00000| Untracked 
| 234|0x00000000d1000000, 0x00000000d10ffff0, 0x00000000d1100000| 99%| O|  |TAMS 0x00000000d1000000, 0x00000000d1000000| Untracked 
| 235|0x00000000d1100000, 0x00000000d11ffff8, 0x00000000d1200000| 99%| O|  |TAMS 0x00000000d1100000, 0x00000000d1100000| Untracked 
| 236|0x00000000d1200000, 0x00000000d12ffff8, 0x00000000d1300000| 99%| O|  |TAMS 0x00000000d1200000, 0x00000000d1200000| Untracked 
| 237|0x00000000d1300000, 0x00000000d13ffff8, 0x00000000d1400000| 99%| O|  |TAMS 0x00000000d1300000, 0x00000000d1300000| Untracked 
| 238|0x00000000d1400000, 0x00000000d14ffff8, 0x00000000d1500000| 99%| O|  |TAMS 0x00000000d1400000, 0x00000000d1400000| Untracked 
| 239|0x00000000d1500000, 0x00000000d1600000, 0x00000000d1600000|100%|HS|  |TAMS 0x00000000d1600000, 0x00000000d1500000| Untracked 
| 240|0x00000000d1600000, 0x00000000d1700000, 0x00000000d1700000|100%|HC|  |TAMS 0x00000000d1700000, 0x00000000d1600000| Untracked 
| 241|0x00000000d1700000, 0x00000000d1800000, 0x00000000d1800000|100%|HC|  |TAMS 0x00000000d1800000, 0x00000000d1700000| Untracked 
| 242|0x00000000d1800000, 0x00000000d1900000, 0x00000000d1900000|100%|HC|  |TAMS 0x00000000d1900000, 0x00000000d1800000| Untracked 
| 243|0x00000000d1900000, 0x00000000d1a00000, 0x00000000d1a00000|100%|HC|  |TAMS 0x00000000d1a00000, 0x00000000d1900000| Untracked 
| 244|0x00000000d1a00000, 0x00000000d1b00000, 0x00000000d1b00000|100%|HC|  |TAMS 0x00000000d1b00000, 0x00000000d1a00000| Untracked 
| 245|0x00000000d1b00000, 0x00000000d1bfffd8, 0x00000000d1c00000| 99%| O|  |TAMS 0x00000000d1b00000, 0x00000000d1b00000| Untracked 
| 246|0x00000000d1c00000, 0x00000000d1cffff8, 0x00000000d1d00000| 99%| O|  |TAMS 0x00000000d1c00000, 0x00000000d1c00000| Untracked 
| 247|0x00000000d1d00000, 0x00000000d1e00000, 0x00000000d1e00000|100%| O|  |TAMS 0x00000000d1d00000, 0x00000000d1d00000| Untracked 
| 248|0x00000000d1e00000, 0x00000000d1effff0, 0x00000000d1f00000| 99%| O|  |TAMS 0x00000000d1e00000, 0x00000000d1e00000| Untracked 
| 249|0x00000000d1f00000, 0x00000000d1ffffd8, 0x00000000d2000000| 99%| O|  |TAMS 0x00000000d1f00000, 0x00000000d1f00000| Untracked 
| 250|0x00000000d2000000, 0x00000000d20fff78, 0x00000000d2100000| 99%| O|  |TAMS 0x00000000d2000000, 0x00000000d2000000| Untracked 
| 251|0x00000000d2100000, 0x00000000d21fffd0, 0x00000000d2200000| 99%| O|  |TAMS 0x00000000d2100000, 0x00000000d2100000| Untracked 
| 252|0x00000000d2200000, 0x00000000d22fffd8, 0x00000000d2300000| 99%| O|  |TAMS 0x00000000d2200000, 0x00000000d2200000| Untracked 
| 253|0x00000000d2300000, 0x00000000d2400000, 0x00000000d2400000|100%| O|  |TAMS 0x00000000d2300000, 0x00000000d2300000| Untracked 
| 254|0x00000000d2400000, 0x00000000d24ffff0, 0x00000000d2500000| 99%| O|  |TAMS 0x00000000d2400000, 0x00000000d2400000| Untracked 
| 255|0x00000000d2500000, 0x00000000d2600000, 0x00000000d2600000|100%| O|  |TAMS 0x00000000d2500000, 0x00000000d2500000| Untracked 
| 256|0x00000000d2600000, 0x00000000d26ffff8, 0x00000000d2700000| 99%| O|  |TAMS 0x00000000d2600000, 0x00000000d2600000| Untracked 
| 257|0x00000000d2700000, 0x00000000d27fffe8, 0x00000000d2800000| 99%| O|  |TAMS 0x00000000d2700000, 0x00000000d2700000| Untracked 
| 258|0x00000000d2800000, 0x00000000d28ffff8, 0x00000000d2900000| 99%| O|  |TAMS 0x00000000d2800000, 0x00000000d2800000| Untracked 
| 259|0x00000000d2900000, 0x00000000d29ffff8, 0x00000000d2a00000| 99%| O|  |TAMS 0x00000000d2900000, 0x00000000d2900000| Untracked 
| 260|0x00000000d2a00000, 0x00000000d2b00000, 0x00000000d2b00000|100%| O|  |TAMS 0x00000000d2a00000, 0x00000000d2a00000| Untracked 
| 261|0x00000000d2b00000, 0x00000000d2c00000, 0x00000000d2c00000|100%| O|  |TAMS 0x00000000d2b00000, 0x00000000d2b00000| Untracked 
| 262|0x00000000d2c00000, 0x00000000d2cffff8, 0x00000000d2d00000| 99%| O|  |TAMS 0x00000000d2c00000, 0x00000000d2c00000| Untracked 
| 263|0x00000000d2d00000, 0x00000000d2dffff0, 0x00000000d2e00000| 99%| O|  |TAMS 0x00000000d2d00000, 0x00000000d2d00000| Untracked 
| 264|0x00000000d2e00000, 0x00000000d2effff8, 0x00000000d2f00000| 99%| O|  |TAMS 0x00000000d2e00000, 0x00000000d2e00000| Untracked 
| 265|0x00000000d2f00000, 0x00000000d3000000, 0x00000000d3000000|100%| O|  |TAMS 0x00000000d2f00000, 0x00000000d2f00000| Untracked 
| 266|0x00000000d3000000, 0x00000000d3100000, 0x00000000d3100000|100%| O|  |TAMS 0x00000000d3000000, 0x00000000d3000000| Untracked 
| 267|0x00000000d3100000, 0x00000000d31fffe0, 0x00000000d3200000| 99%| O|  |TAMS 0x00000000d3100000, 0x00000000d3100000| Untracked 
| 268|0x00000000d3200000, 0x00000000d32ffff8, 0x00000000d3300000| 99%| O|  |TAMS 0x00000000d3200000, 0x00000000d3200000| Untracked 
| 269|0x00000000d3300000, 0x00000000d3400000, 0x00000000d3400000|100%| O|  |TAMS 0x00000000d3300000, 0x00000000d3300000| Untracked 
| 270|0x00000000d3400000, 0x00000000d34ffff8, 0x00000000d3500000| 99%| O|  |TAMS 0x00000000d3400000, 0x00000000d3400000| Untracked 
| 271|0x00000000d3500000, 0x00000000d35ffff8, 0x00000000d3600000| 99%| O|  |TAMS 0x00000000d3500000, 0x00000000d3500000| Untracked 
| 272|0x00000000d3600000, 0x00000000d36ffff8, 0x00000000d3700000| 99%| O|  |TAMS 0x00000000d3600000, 0x00000000d3600000| Untracked 
| 273|0x00000000d3700000, 0x00000000d37fffe8, 0x00000000d3800000| 99%| O|  |TAMS 0x00000000d3700000, 0x00000000d3700000| Untracked 
| 274|0x00000000d3800000, 0x00000000d3900000, 0x00000000d3900000|100%| O|  |TAMS 0x00000000d3800000, 0x00000000d3800000| Untracked 
| 275|0x00000000d3900000, 0x00000000d39ffff0, 0x00000000d3a00000| 99%| O|  |TAMS 0x00000000d3900000, 0x00000000d3900000| Untracked 
| 276|0x00000000d3a00000, 0x00000000d3b00000, 0x00000000d3b00000|100%| O|  |TAMS 0x00000000d3a00000, 0x00000000d3a00000| Untracked 
| 277|0x00000000d3b00000, 0x00000000d3c00000, 0x00000000d3c00000|100%|HS|  |TAMS 0x00000000d3c00000, 0x00000000d3b00000| Untracked 
| 278|0x00000000d3c00000, 0x00000000d3d00000, 0x00000000d3d00000|100%|HC|  |TAMS 0x00000000d3d00000, 0x00000000d3c00000| Untracked 
| 279|0x00000000d3d00000, 0x00000000d3e00000, 0x00000000d3e00000|100%|HC|  |TAMS 0x00000000d3e00000, 0x00000000d3d00000| Untracked 
| 280|0x00000000d3e00000, 0x00000000d3f00000, 0x00000000d3f00000|100%|HC|  |TAMS 0x00000000d3f00000, 0x00000000d3e00000| Untracked 
| 281|0x00000000d3f00000, 0x00000000d4000000, 0x00000000d4000000|100%|HC|  |TAMS 0x00000000d4000000, 0x00000000d3f00000| Untracked 
| 282|0x00000000d4000000, 0x00000000d4100000, 0x00000000d4100000|100%|HC|  |TAMS 0x00000000d4100000, 0x00000000d4000000| Untracked 
| 283|0x00000000d4100000, 0x00000000d4200000, 0x00000000d4200000|100%|HC|  |TAMS 0x00000000d4200000, 0x00000000d4100000| Untracked 
| 284|0x00000000d4200000, 0x00000000d4300000, 0x00000000d4300000|100%|HC|  |TAMS 0x00000000d4300000, 0x00000000d4200000| Untracked 
| 285|0x00000000d4300000, 0x00000000d4400000, 0x00000000d4400000|100%|HC|  |TAMS 0x00000000d4400000, 0x00000000d4300000| Untracked 
| 286|0x00000000d4400000, 0x00000000d4500000, 0x00000000d4500000|100%|HC|  |TAMS 0x00000000d4500000, 0x00000000d4400000| Untracked 
| 287|0x00000000d4500000, 0x00000000d4600000, 0x00000000d4600000|100%|HC|  |TAMS 0x00000000d4600000, 0x00000000d4500000| Untracked 
| 288|0x00000000d4600000, 0x00000000d4700000, 0x00000000d4700000|100%|HC|  |TAMS 0x00000000d4700000, 0x00000000d4600000| Untracked 
| 289|0x00000000d4700000, 0x00000000d4800000, 0x00000000d4800000|100%|HC|  |TAMS 0x00000000d4800000, 0x00000000d4700000| Untracked 
| 290|0x00000000d4800000, 0x00000000d4900000, 0x00000000d4900000|100%|HC|  |TAMS 0x00000000d4900000, 0x00000000d4800000| Untracked 
| 291|0x00000000d4900000, 0x00000000d4a00000, 0x00000000d4a00000|100%|HC|  |TAMS 0x00000000d4a00000, 0x00000000d4900000| Untracked 
| 292|0x00000000d4a00000, 0x00000000d4b00000, 0x00000000d4b00000|100%|HC|  |TAMS 0x00000000d4b00000, 0x00000000d4a00000| Untracked 
| 293|0x00000000d4b00000, 0x00000000d4c00000, 0x00000000d4c00000|100%|HC|  |TAMS 0x00000000d4c00000, 0x00000000d4b00000| Untracked 
| 294|0x00000000d4c00000, 0x00000000d4d00000, 0x00000000d4d00000|100%|HC|  |TAMS 0x00000000d4d00000, 0x00000000d4c00000| Untracked 
| 295|0x00000000d4d00000, 0x00000000d4e00000, 0x00000000d4e00000|100%|HC|  |TAMS 0x00000000d4e00000, 0x00000000d4d00000| Untracked 
| 296|0x00000000d4e00000, 0x00000000d4f00000, 0x00000000d4f00000|100%|HC|  |TAMS 0x00000000d4f00000, 0x00000000d4e00000| Untracked 
| 297|0x00000000d4f00000, 0x00000000d5000000, 0x00000000d5000000|100%|HC|  |TAMS 0x00000000d5000000, 0x00000000d4f00000| Untracked 
| 298|0x00000000d5000000, 0x00000000d5100000, 0x00000000d5100000|100%|HC|  |TAMS 0x00000000d5100000, 0x00000000d5000000| Untracked 
| 299|0x00000000d5100000, 0x00000000d5200000, 0x00000000d5200000|100%|HC|  |TAMS 0x00000000d5200000, 0x00000000d5100000| Untracked 
| 300|0x00000000d5200000, 0x00000000d5300000, 0x00000000d5300000|100%|HC|  |TAMS 0x00000000d5300000, 0x00000000d5200000| Untracked 
| 301|0x00000000d5300000, 0x00000000d5400000, 0x00000000d5400000|100%|HC|  |TAMS 0x00000000d5400000, 0x00000000d5300000| Untracked 
| 302|0x00000000d5400000, 0x00000000d5500000, 0x00000000d5500000|100%|HC|  |TAMS 0x00000000d5500000, 0x00000000d5400000| Untracked 
| 303|0x00000000d5500000, 0x00000000d5600000, 0x00000000d5600000|100%|HC|  |TAMS 0x00000000d5600000, 0x00000000d5500000| Untracked 
| 304|0x00000000d5600000, 0x00000000d5700000, 0x00000000d5700000|100%|HC|  |TAMS 0x00000000d5700000, 0x00000000d5600000| Untracked 
| 305|0x00000000d5700000, 0x00000000d5800000, 0x00000000d5800000|100%|HC|  |TAMS 0x00000000d5800000, 0x00000000d5700000| Untracked 
| 306|0x00000000d5800000, 0x00000000d5900000, 0x00000000d5900000|100%|HC|  |TAMS 0x00000000d5900000, 0x00000000d5800000| Untracked 
| 307|0x00000000d5900000, 0x00000000d5a00000, 0x00000000d5a00000|100%|HC|  |TAMS 0x00000000d5a00000, 0x00000000d5900000| Untracked 
| 308|0x00000000d5a00000, 0x00000000d5b00000, 0x00000000d5b00000|100%|HC|  |TAMS 0x00000000d5b00000, 0x00000000d5a00000| Untracked 
| 309|0x00000000d5b00000, 0x00000000d5c00000, 0x00000000d5c00000|100%|HC|  |TAMS 0x00000000d5c00000, 0x00000000d5b00000| Untracked 
| 310|0x00000000d5c00000, 0x00000000d5d00000, 0x00000000d5d00000|100%|HC|  |TAMS 0x00000000d5d00000, 0x00000000d5c00000| Untracked 
| 311|0x00000000d5d00000, 0x00000000d5e00000, 0x00000000d5e00000|100%|HC|  |TAMS 0x00000000d5e00000, 0x00000000d5d00000| Untracked 
| 312|0x00000000d5e00000, 0x00000000d5f00000, 0x00000000d5f00000|100%|HC|  |TAMS 0x00000000d5f00000, 0x00000000d5e00000| Untracked 
| 313|0x00000000d5f00000, 0x00000000d6000000, 0x00000000d6000000|100%|HC|  |TAMS 0x00000000d6000000, 0x00000000d5f00000| Untracked 
| 314|0x00000000d6000000, 0x00000000d6100000, 0x00000000d6100000|100%|HC|  |TAMS 0x00000000d6100000, 0x00000000d6000000| Untracked 
| 315|0x00000000d6100000, 0x00000000d6200000, 0x00000000d6200000|100%|HC|  |TAMS 0x00000000d6200000, 0x00000000d6100000| Untracked 
| 316|0x00000000d6200000, 0x00000000d6300000, 0x00000000d6300000|100%|HC|  |TAMS 0x00000000d6300000, 0x00000000d6200000| Untracked 
| 317|0x00000000d6300000, 0x00000000d6400000, 0x00000000d6400000|100%|HC|  |TAMS 0x00000000d6400000, 0x00000000d6300000| Untracked 
| 318|0x00000000d6400000, 0x00000000d6500000, 0x00000000d6500000|100%|HC|  |TAMS 0x00000000d6500000, 0x00000000d6400000| Untracked 
| 319|0x00000000d6500000, 0x00000000d6600000, 0x00000000d6600000|100%|HC|  |TAMS 0x00000000d6600000, 0x00000000d6500000| Untracked 
| 320|0x00000000d6600000, 0x00000000d6700000, 0x00000000d6700000|100%|HC|  |TAMS 0x00000000d6700000, 0x00000000d6600000| Untracked 
| 321|0x00000000d6700000, 0x00000000d6800000, 0x00000000d6800000|100%|HC|  |TAMS 0x00000000d6800000, 0x00000000d6700000| Untracked 
| 322|0x00000000d6800000, 0x00000000d6900000, 0x00000000d6900000|100%|HC|  |TAMS 0x00000000d6900000, 0x00000000d6800000| Untracked 
| 323|0x00000000d6900000, 0x00000000d6a00000, 0x00000000d6a00000|100%|HC|  |TAMS 0x00000000d6a00000, 0x00000000d6900000| Untracked 
| 324|0x00000000d6a00000, 0x00000000d6b00000, 0x00000000d6b00000|100%|HC|  |TAMS 0x00000000d6b00000, 0x00000000d6a00000| Untracked 
| 325|0x00000000d6b00000, 0x00000000d6c00000, 0x00000000d6c00000|100%|HC|  |TAMS 0x00000000d6c00000, 0x00000000d6b00000| Untracked 
| 326|0x00000000d6c00000, 0x00000000d6d00000, 0x00000000d6d00000|100%|HC|  |TAMS 0x00000000d6d00000, 0x00000000d6c00000| Untracked 
| 327|0x00000000d6d00000, 0x00000000d6e00000, 0x00000000d6e00000|100%|HC|  |TAMS 0x00000000d6e00000, 0x00000000d6d00000| Untracked 
| 328|0x00000000d6e00000, 0x00000000d6f00000, 0x00000000d6f00000|100%|HC|  |TAMS 0x00000000d6f00000, 0x00000000d6e00000| Untracked 
| 329|0x00000000d6f00000, 0x00000000d7000000, 0x00000000d7000000|100%|HC|  |TAMS 0x00000000d7000000, 0x00000000d6f00000| Untracked 
| 330|0x00000000d7000000, 0x00000000d7100000, 0x00000000d7100000|100%|HC|  |TAMS 0x00000000d7100000, 0x00000000d7000000| Untracked 
| 331|0x00000000d7100000, 0x00000000d7200000, 0x00000000d7200000|100%|HC|  |TAMS 0x00000000d7200000, 0x00000000d7100000| Untracked 
| 332|0x00000000d7200000, 0x00000000d7300000, 0x00000000d7300000|100%|HC|  |TAMS 0x00000000d7300000, 0x00000000d7200000| Untracked 
| 333|0x00000000d7300000, 0x00000000d7400000, 0x00000000d7400000|100%|HC|  |TAMS 0x00000000d7400000, 0x00000000d7300000| Untracked 
| 334|0x00000000d7400000, 0x00000000d7500000, 0x00000000d7500000|100%|HC|  |TAMS 0x00000000d7500000, 0x00000000d7400000| Untracked 
| 335|0x00000000d7500000, 0x00000000d7600000, 0x00000000d7600000|100%|HC|  |TAMS 0x00000000d7600000, 0x00000000d7500000| Untracked 
| 336|0x00000000d7600000, 0x00000000d7700000, 0x00000000d7700000|100%|HC|  |TAMS 0x00000000d7700000, 0x00000000d7600000| Untracked 
| 337|0x00000000d7700000, 0x00000000d7800000, 0x00000000d7800000|100%|HC|  |TAMS 0x00000000d7800000, 0x00000000d7700000| Untracked 
| 338|0x00000000d7800000, 0x00000000d7900000, 0x00000000d7900000|100%|HC|  |TAMS 0x00000000d7900000, 0x00000000d7800000| Untracked 
| 339|0x00000000d7900000, 0x00000000d7a00000, 0x00000000d7a00000|100%|HC|  |TAMS 0x00000000d7a00000, 0x00000000d7900000| Untracked 
| 340|0x00000000d7a00000, 0x00000000d7b00000, 0x00000000d7b00000|100%|HC|  |TAMS 0x00000000d7b00000, 0x00000000d7a00000| Untracked 
| 341|0x00000000d7b00000, 0x00000000d7c00000, 0x00000000d7c00000|100%|HC|  |TAMS 0x00000000d7c00000, 0x00000000d7b00000| Untracked 
| 342|0x00000000d7c00000, 0x00000000d7d00000, 0x00000000d7d00000|100%|HC|  |TAMS 0x00000000d7d00000, 0x00000000d7c00000| Untracked 
| 343|0x00000000d7d00000, 0x00000000d7e00000, 0x00000000d7e00000|100%|HC|  |TAMS 0x00000000d7e00000, 0x00000000d7d00000| Untracked 
| 344|0x00000000d7e00000, 0x00000000d7f00000, 0x00000000d7f00000|100%|HC|  |TAMS 0x00000000d7f00000, 0x00000000d7e00000| Untracked 
| 345|0x00000000d7f00000, 0x00000000d8000000, 0x00000000d8000000|100%| O|  |TAMS 0x00000000d7f00000, 0x00000000d7f00000| Untracked 
| 346|0x00000000d8000000, 0x00000000d80ffff8, 0x00000000d8100000| 99%| O|  |TAMS 0x00000000d8000000, 0x00000000d8000000| Untracked 
| 347|0x00000000d8100000, 0x00000000d81ffff8, 0x00000000d8200000| 99%| O|  |TAMS 0x00000000d8100000, 0x00000000d8100000| Untracked 
| 348|0x00000000d8200000, 0x00000000d82ffff8, 0x00000000d8300000| 99%| O|  |TAMS 0x00000000d8200000, 0x00000000d8200000| Untracked 
| 349|0x00000000d8300000, 0x00000000d83ffff8, 0x00000000d8400000| 99%| O|  |TAMS 0x00000000d8300000, 0x00000000d8300000| Untracked 
| 350|0x00000000d8400000, 0x00000000d84ffff8, 0x00000000d8500000| 99%| O|  |TAMS 0x00000000d8400000, 0x00000000d8400000| Untracked 
| 351|0x00000000d8500000, 0x00000000d85fffe0, 0x00000000d8600000| 99%| O|  |TAMS 0x00000000d8500000, 0x00000000d8500000| Untracked 
| 352|0x00000000d8600000, 0x00000000d86ffff0, 0x00000000d8700000| 99%| O|  |TAMS 0x00000000d8600000, 0x00000000d8600000| Untracked 
| 353|0x00000000d8700000, 0x00000000d8800000, 0x00000000d8800000|100%| O|  |TAMS 0x00000000d8700000, 0x00000000d8700000| Untracked 
| 354|0x00000000d8800000, 0x00000000d8900000, 0x00000000d8900000|100%| O|  |TAMS 0x00000000d8800000, 0x00000000d8800000| Untracked 
| 355|0x00000000d8900000, 0x00000000d89ffff8, 0x00000000d8a00000| 99%| O|  |TAMS 0x00000000d8900000, 0x00000000d8900000| Untracked 
| 356|0x00000000d8a00000, 0x00000000d8afffe8, 0x00000000d8b00000| 99%| O|  |TAMS 0x00000000d8a00000, 0x00000000d8a00000| Untracked 
| 357|0x00000000d8b00000, 0x00000000d8c00000, 0x00000000d8c00000|100%| O|  |TAMS 0x00000000d8b00000, 0x00000000d8b00000| Untracked 
| 358|0x00000000d8c00000, 0x00000000d8cffff0, 0x00000000d8d00000| 99%| O|  |TAMS 0x00000000d8c00000, 0x00000000d8c00000| Untracked 
| 359|0x00000000d8d00000, 0x00000000d8e00000, 0x00000000d8e00000|100%| O|  |TAMS 0x00000000d8d00000, 0x00000000d8d00000| Untracked 
| 360|0x00000000d8e00000, 0x00000000d8f00000, 0x00000000d8f00000|100%| O|  |TAMS 0x00000000d8e00000, 0x00000000d8e00000| Untracked 
| 361|0x00000000d8f00000, 0x00000000d9000000, 0x00000000d9000000|100%| O|  |TAMS 0x00000000d8f00000, 0x00000000d8f00000| Untracked 
| 362|0x00000000d9000000, 0x00000000d90ffff8, 0x00000000d9100000| 99%| O|  |TAMS 0x00000000d9000000, 0x00000000d9000000| Untracked 
| 363|0x00000000d9100000, 0x00000000d9200000, 0x00000000d9200000|100%| O|  |TAMS 0x00000000d9100000, 0x00000000d9100000| Untracked 
| 364|0x00000000d9200000, 0x00000000d92ffff0, 0x00000000d9300000| 99%| O|  |TAMS 0x00000000d9200000, 0x00000000d9200000| Untracked 
| 365|0x00000000d9300000, 0x00000000d93ffff0, 0x00000000d9400000| 99%| O|  |TAMS 0x00000000d9300000, 0x00000000d9300000| Untracked 
| 366|0x00000000d9400000, 0x00000000d94fffe0, 0x00000000d9500000| 99%| O|  |TAMS 0x00000000d9400000, 0x00000000d9400000| Untracked 
| 367|0x00000000d9500000, 0x00000000d95fffa0, 0x00000000d9600000| 99%| O|  |TAMS 0x00000000d9500000, 0x00000000d9500000| Untracked 
| 368|0x00000000d9600000, 0x00000000d96ffff8, 0x00000000d9700000| 99%| O|  |TAMS 0x00000000d9600000, 0x00000000d9600000| Untracked 
| 369|0x00000000d9700000, 0x00000000d9800000, 0x00000000d9800000|100%| O|  |TAMS 0x00000000d9700000, 0x00000000d9700000| Untracked 
| 370|0x00000000d9800000, 0x00000000d9900000, 0x00000000d9900000|100%| O|  |TAMS 0x00000000d9800000, 0x00000000d9800000| Untracked 
| 371|0x00000000d9900000, 0x00000000d99ffff8, 0x00000000d9a00000| 99%| O|  |TAMS 0x00000000d9900000, 0x00000000d9900000| Untracked 
| 372|0x00000000d9a00000, 0x00000000d9afffe8, 0x00000000d9b00000| 99%| O|  |TAMS 0x00000000d9a00000, 0x00000000d9a00000| Untracked 
| 373|0x00000000d9b00000, 0x00000000d9c00000, 0x00000000d9c00000|100%| O|  |TAMS 0x00000000d9b00000, 0x00000000d9b00000| Untracked 
| 374|0x00000000d9c00000, 0x00000000d9cfff58, 0x00000000d9d00000| 99%| O|  |TAMS 0x00000000d9c00000, 0x00000000d9c00000| Untracked 
| 375|0x00000000d9d00000, 0x00000000d9e00000, 0x00000000d9e00000|100%| O|  |TAMS 0x00000000d9d00000, 0x00000000d9d00000| Untracked 
| 376|0x00000000d9e00000, 0x00000000d9effff0, 0x00000000d9f00000| 99%| O|  |TAMS 0x00000000d9e00000, 0x00000000d9e00000| Untracked 
| 377|0x00000000d9f00000, 0x00000000d9fffff8, 0x00000000da000000| 99%| O|  |TAMS 0x00000000d9f00000, 0x00000000d9f00000| Untracked 
| 378|0x00000000da000000, 0x00000000da0ffff0, 0x00000000da100000| 99%| O|  |TAMS 0x00000000da000000, 0x00000000da000000| Untracked 
| 379|0x00000000da100000, 0x00000000da1fff70, 0x00000000da200000| 99%| O|  |TAMS 0x00000000da100000, 0x00000000da100000| Untracked 
| 380|0x00000000da200000, 0x00000000da300000, 0x00000000da300000|100%| O|  |TAMS 0x00000000da200000, 0x00000000da200000| Untracked 
| 381|0x00000000da300000, 0x00000000da3ffff0, 0x00000000da400000| 99%| O|  |TAMS 0x00000000da300000, 0x00000000da300000| Untracked 
| 382|0x00000000da400000, 0x00000000da4ffff8, 0x00000000da500000| 99%| O|  |TAMS 0x00000000da400000, 0x00000000da400000| Untracked 
| 383|0x00000000da500000, 0x00000000da5ffff0, 0x00000000da600000| 99%| O|  |TAMS 0x00000000da500000, 0x00000000da500000| Untracked 
| 384|0x00000000da600000, 0x00000000da700000, 0x00000000da700000|100%| O|  |TAMS 0x00000000da600000, 0x00000000da600000| Untracked 
| 385|0x00000000da700000, 0x00000000da7fffe0, 0x00000000da800000| 99%| O|  |TAMS 0x00000000da700000, 0x00000000da700000| Untracked 
| 386|0x00000000da800000, 0x00000000da900000, 0x00000000da900000|100%| O|  |TAMS 0x00000000da800000, 0x00000000da800000| Untracked 
| 387|0x00000000da900000, 0x00000000da9fffb0, 0x00000000daa00000| 99%| O|  |TAMS 0x00000000da900000, 0x00000000da900000| Untracked 
| 388|0x00000000daa00000, 0x00000000dab00000, 0x00000000dab00000|100%| O|  |TAMS 0x00000000daa00000, 0x00000000daa00000| Untracked 
| 389|0x00000000dab00000, 0x00000000dabfffd0, 0x00000000dac00000| 99%| O|  |TAMS 0x00000000dab00000, 0x00000000dab00000| Untracked 
| 390|0x00000000dac00000, 0x00000000dacffff0, 0x00000000dad00000| 99%| O|  |TAMS 0x00000000dac00000, 0x00000000dac00000| Untracked 
| 391|0x00000000dad00000, 0x00000000dae00000, 0x00000000dae00000|100%| O|  |TAMS 0x00000000dad00000, 0x00000000dad00000| Untracked 
| 392|0x00000000dae00000, 0x00000000daf00000, 0x00000000daf00000|100%| O|  |TAMS 0x00000000dae00000, 0x00000000dae00000| Untracked 
| 393|0x00000000daf00000, 0x00000000db000000, 0x00000000db000000|100%| O|  |TAMS 0x00000000daf00000, 0x00000000daf00000| Untracked 
| 394|0x00000000db000000, 0x00000000db0ffff8, 0x00000000db100000| 99%| O|  |TAMS 0x00000000db000000, 0x00000000db000000| Untracked 
| 395|0x00000000db100000, 0x00000000db1fffe8, 0x00000000db200000| 99%| O|  |TAMS 0x00000000db100000, 0x00000000db100000| Untracked 
| 396|0x00000000db200000, 0x00000000db2ffff8, 0x00000000db300000| 99%| O|  |TAMS 0x00000000db200000, 0x00000000db200000| Untracked 
| 397|0x00000000db300000, 0x00000000db3ffff8, 0x00000000db400000| 99%| O|  |TAMS 0x00000000db300000, 0x00000000db300000| Untracked 
| 398|0x00000000db400000, 0x00000000db4fffe8, 0x00000000db500000| 99%| O|  |TAMS 0x00000000db400000, 0x00000000db400000| Untracked 
| 399|0x00000000db500000, 0x00000000db600000, 0x00000000db600000|100%| O|  |TAMS 0x00000000db500000, 0x00000000db500000| Untracked 
| 400|0x00000000db600000, 0x00000000db700000, 0x00000000db700000|100%| O|  |TAMS 0x00000000db600000, 0x00000000db600000| Untracked 
| 401|0x00000000db700000, 0x00000000db7ffff8, 0x00000000db800000| 99%| O|  |TAMS 0x00000000db700000, 0x00000000db700000| Untracked 
| 402|0x00000000db800000, 0x00000000db900000, 0x00000000db900000|100%| O|  |TAMS 0x00000000db800000, 0x00000000db800000| Untracked 
| 403|0x00000000db900000, 0x00000000db9fffe0, 0x00000000dba00000| 99%| O|  |TAMS 0x00000000db900000, 0x00000000db900000| Untracked 
| 404|0x00000000dba00000, 0x00000000dbb00000, 0x00000000dbb00000|100%| O|  |TAMS 0x00000000dba00000, 0x00000000dba00000| Untracked 
| 405|0x00000000dbb00000, 0x00000000dbc00000, 0x00000000dbc00000|100%| O|  |TAMS 0x00000000dbb00000, 0x00000000dbb00000| Untracked 
| 406|0x00000000dbc00000, 0x00000000dbd00000, 0x00000000dbd00000|100%| O|  |TAMS 0x00000000dbc00000, 0x00000000dbc00000| Untracked 
| 407|0x00000000dbd00000, 0x00000000dbe00000, 0x00000000dbe00000|100%| O|  |TAMS 0x00000000dbd00000, 0x00000000dbd00000| Untracked 
| 408|0x00000000dbe00000, 0x00000000dbefff08, 0x00000000dbf00000| 99%| O|  |TAMS 0x00000000dbe00000, 0x00000000dbe00000| Untracked 
| 409|0x00000000dbf00000, 0x00000000dbffff08, 0x00000000dc000000| 99%| O|  |TAMS 0x00000000dbf00000, 0x00000000dbf00000| Untracked 
| 410|0x00000000dc000000, 0x00000000dc100000, 0x00000000dc100000|100%| O|  |TAMS 0x00000000dc000000, 0x00000000dc000000| Untracked 
| 411|0x00000000dc100000, 0x00000000dc1ffff8, 0x00000000dc200000| 99%| O|  |TAMS 0x00000000dc100000, 0x00000000dc100000| Untracked 
| 412|0x00000000dc200000, 0x00000000dc2fffe8, 0x00000000dc300000| 99%| O|  |TAMS 0x00000000dc200000, 0x00000000dc200000| Untracked 
| 413|0x00000000dc300000, 0x00000000dc400000, 0x00000000dc400000|100%| O|  |TAMS 0x00000000dc300000, 0x00000000dc300000| Untracked 
| 414|0x00000000dc400000, 0x00000000dc4fffe8, 0x00000000dc500000| 99%| O|  |TAMS 0x00000000dc400000, 0x00000000dc400000| Untracked 
| 415|0x00000000dc500000, 0x00000000dc5ffff8, 0x00000000dc600000| 99%| O|  |TAMS 0x00000000dc500000, 0x00000000dc500000| Untracked 
| 416|0x00000000dc600000, 0x00000000dc6ffff8, 0x00000000dc700000| 99%| O|  |TAMS 0x00000000dc600000, 0x00000000dc600000| Untracked 
| 417|0x00000000dc700000, 0x00000000dc7ffff8, 0x00000000dc800000| 99%| O|  |TAMS 0x00000000dc700000, 0x00000000dc700000| Untracked 
| 418|0x00000000dc800000, 0x00000000dc8fffb0, 0x00000000dc900000| 99%| O|  |TAMS 0x00000000dc800000, 0x00000000dc800000| Untracked 
| 419|0x00000000dc900000, 0x00000000dc9fffa8, 0x00000000dca00000| 99%| O|  |TAMS 0x00000000dc900000, 0x00000000dc900000| Untracked 
| 420|0x00000000dca00000, 0x00000000dcaffff8, 0x00000000dcb00000| 99%| O|  |TAMS 0x00000000dca00000, 0x00000000dca00000| Untracked 
| 421|0x00000000dcb00000, 0x00000000dcbffff8, 0x00000000dcc00000| 99%| O|  |TAMS 0x00000000dcb00000, 0x00000000dcb00000| Untracked 
| 422|0x00000000dcc00000, 0x00000000dcd00000, 0x00000000dcd00000|100%| O|  |TAMS 0x00000000dcc00000, 0x00000000dcc00000| Untracked 
| 423|0x00000000dcd00000, 0x00000000dcdffff0, 0x00000000dce00000| 99%| O|  |TAMS 0x00000000dcd00000, 0x00000000dcd00000| Untracked 
| 424|0x00000000dce00000, 0x00000000dcf00000, 0x00000000dcf00000|100%| O|  |TAMS 0x00000000dce00000, 0x00000000dce00000| Untracked 
| 425|0x00000000dcf00000, 0x00000000dcfffff0, 0x00000000dd000000| 99%| O|  |TAMS 0x00000000dcf00000, 0x00000000dcf00000| Untracked 
| 426|0x00000000dd000000, 0x00000000dd100000, 0x00000000dd100000|100%| O|  |TAMS 0x00000000dd000000, 0x00000000dd000000| Untracked 
| 427|0x00000000dd100000, 0x00000000dd1ffff0, 0x00000000dd200000| 99%| O|  |TAMS 0x00000000dd100000, 0x00000000dd100000| Untracked 
| 428|0x00000000dd200000, 0x00000000dd300000, 0x00000000dd300000|100%| O|  |TAMS 0x00000000dd200000, 0x00000000dd200000| Untracked 
| 429|0x00000000dd300000, 0x00000000dd400000, 0x00000000dd400000|100%| O|  |TAMS 0x00000000dd300000, 0x00000000dd300000| Untracked 
| 430|0x00000000dd400000, 0x00000000dd4ffff8, 0x00000000dd500000| 99%| O|  |TAMS 0x00000000dd400000, 0x00000000dd400000| Untracked 
| 431|0x00000000dd500000, 0x00000000dd600000, 0x00000000dd600000|100%| O|  |TAMS 0x00000000dd500000, 0x00000000dd500000| Untracked 
| 432|0x00000000dd600000, 0x00000000dd6ffff0, 0x00000000dd700000| 99%| O|  |TAMS 0x00000000dd600000, 0x00000000dd600000| Untracked 
| 433|0x00000000dd700000, 0x00000000dd7ffff8, 0x00000000dd800000| 99%| O|  |TAMS 0x00000000dd700000, 0x00000000dd700000| Untracked 
| 434|0x00000000dd800000, 0x00000000dd8ffff0, 0x00000000dd900000| 99%| O|  |TAMS 0x00000000dd800000, 0x00000000dd800000| Untracked 
| 435|0x00000000dd900000, 0x00000000dd9fffe0, 0x00000000dda00000| 99%| O|  |TAMS 0x00000000dd900000, 0x00000000dd900000| Untracked 
| 436|0x00000000dda00000, 0x00000000ddaffff0, 0x00000000ddb00000| 99%| O|  |TAMS 0x00000000dda00000, 0x00000000dda00000| Untracked 
| 437|0x00000000ddb00000, 0x00000000ddc00000, 0x00000000ddc00000|100%| O|  |TAMS 0x00000000ddb00000, 0x00000000ddb00000| Untracked 
| 438|0x00000000ddc00000, 0x00000000ddd00000, 0x00000000ddd00000|100%| O|  |TAMS 0x00000000ddc00000, 0x00000000ddc00000| Untracked 
| 439|0x00000000ddd00000, 0x00000000dddffff8, 0x00000000dde00000| 99%| O|  |TAMS 0x00000000ddd00000, 0x00000000ddd00000| Untracked 
| 440|0x00000000dde00000, 0x00000000ddf00000, 0x00000000ddf00000|100%| O|  |TAMS 0x00000000dde00000, 0x00000000dde00000| Untracked 
| 441|0x00000000ddf00000, 0x00000000ddfffff8, 0x00000000de000000| 99%| O|  |TAMS 0x00000000ddf00000, 0x00000000ddf00000| Untracked 
| 442|0x00000000de000000, 0x00000000de0ffff8, 0x00000000de100000| 99%| O|  |TAMS 0x00000000de000000, 0x00000000de000000| Untracked 
| 443|0x00000000de100000, 0x00000000de1ffff8, 0x00000000de200000| 99%| O|  |TAMS 0x00000000de100000, 0x00000000de100000| Untracked 
| 444|0x00000000de200000, 0x00000000de2ffff0, 0x00000000de300000| 99%| O|  |TAMS 0x00000000de200000, 0x00000000de200000| Untracked 
| 445|0x00000000de300000, 0x00000000de3ffff0, 0x00000000de400000| 99%| O|  |TAMS 0x00000000de300000, 0x00000000de300000| Untracked 
| 446|0x00000000de400000, 0x00000000de4ffff8, 0x00000000de500000| 99%| O|  |TAMS 0x00000000de400000, 0x00000000de400000| Untracked 
| 447|0x00000000de500000, 0x00000000de5fffe0, 0x00000000de600000| 99%| O|  |TAMS 0x00000000de500000, 0x00000000de500000| Untracked 
| 448|0x00000000de600000, 0x00000000de700000, 0x00000000de700000|100%| O|  |TAMS 0x00000000de600000, 0x00000000de600000| Untracked 
| 449|0x00000000de700000, 0x00000000de800000, 0x00000000de800000|100%| O|  |TAMS 0x00000000de700000, 0x00000000de700000| Untracked 
| 450|0x00000000de800000, 0x00000000de8ffff0, 0x00000000de900000| 99%| O|  |TAMS 0x00000000de800000, 0x00000000de800000| Untracked 
| 451|0x00000000de900000, 0x00000000dea00000, 0x00000000dea00000|100%| O|  |TAMS 0x00000000de900000, 0x00000000de900000| Untracked 
| 452|0x00000000dea00000, 0x00000000deaffff8, 0x00000000deb00000| 99%| O|  |TAMS 0x00000000dea00000, 0x00000000dea00000| Untracked 
| 453|0x00000000deb00000, 0x00000000dec00000, 0x00000000dec00000|100%| O|  |TAMS 0x00000000deb00000, 0x00000000deb00000| Untracked 
| 454|0x00000000dec00000, 0x00000000decffff8, 0x00000000ded00000| 99%| O|  |TAMS 0x00000000dec00000, 0x00000000dec00000| Untracked 
| 455|0x00000000ded00000, 0x00000000dedfff28, 0x00000000dee00000| 99%| O|  |TAMS 0x00000000ded00000, 0x00000000ded00000| Untracked 
| 456|0x00000000dee00000, 0x00000000deeffff8, 0x00000000def00000| 99%| O|  |TAMS 0x00000000dee00000, 0x00000000dee00000| Untracked 
| 457|0x00000000def00000, 0x00000000deffffe8, 0x00000000df000000| 99%| O|  |TAMS 0x00000000def00000, 0x00000000def00000| Untracked 
| 458|0x00000000df000000, 0x00000000df100000, 0x00000000df100000|100%| O|  |TAMS 0x00000000df000000, 0x00000000df000000| Untracked 
| 459|0x00000000df100000, 0x00000000df200000, 0x00000000df200000|100%| O|  |TAMS 0x00000000df100000, 0x00000000df100000| Untracked 
| 460|0x00000000df200000, 0x00000000df2ffff0, 0x00000000df300000| 99%| O|  |TAMS 0x00000000df200000, 0x00000000df200000| Untracked 
| 461|0x00000000df300000, 0x00000000df400000, 0x00000000df400000|100%| O|  |TAMS 0x00000000df300000, 0x00000000df300000| Untracked 
| 462|0x00000000df400000, 0x00000000df4ffff8, 0x00000000df500000| 99%| O|  |TAMS 0x00000000df400000, 0x00000000df400000| Untracked 
| 463|0x00000000df500000, 0x00000000df5ffff8, 0x00000000df600000| 99%| O|  |TAMS 0x00000000df500000, 0x00000000df500000| Untracked 
| 464|0x00000000df600000, 0x00000000df6ffff8, 0x00000000df700000| 99%| O|  |TAMS 0x00000000df600000, 0x00000000df600000| Untracked 
| 465|0x00000000df700000, 0x00000000df7ffff0, 0x00000000df800000| 99%| O|  |TAMS 0x00000000df700000, 0x00000000df700000| Untracked 
| 466|0x00000000df800000, 0x00000000df8ffff0, 0x00000000df900000| 99%| O|  |TAMS 0x00000000df800000, 0x00000000df800000| Untracked 
| 467|0x00000000df900000, 0x00000000dfa00000, 0x00000000dfa00000|100%| O|  |TAMS 0x00000000df900000, 0x00000000df900000| Untracked 
| 468|0x00000000dfa00000, 0x00000000dfaffff8, 0x00000000dfb00000| 99%| O|  |TAMS 0x00000000dfa00000, 0x00000000dfa00000| Untracked 
| 469|0x00000000dfb00000, 0x00000000dfbffff8, 0x00000000dfc00000| 99%| O|  |TAMS 0x00000000dfb00000, 0x00000000dfb00000| Untracked 
| 470|0x00000000dfc00000, 0x00000000dfd00000, 0x00000000dfd00000|100%| O|  |TAMS 0x00000000dfc00000, 0x00000000dfc00000| Untracked 
| 471|0x00000000dfd00000, 0x00000000dfdffff8, 0x00000000dfe00000| 99%| O|  |TAMS 0x00000000dfd00000, 0x00000000dfd00000| Untracked 
| 472|0x00000000dfe00000, 0x00000000dfeffff8, 0x00000000dff00000| 99%| O|  |TAMS 0x00000000dfe00000, 0x00000000dfe00000| Untracked 
| 473|0x00000000dff00000, 0x00000000dffffff0, 0x00000000e0000000| 99%| O|  |TAMS 0x00000000dff00000, 0x00000000dff00000| Untracked 
| 474|0x00000000e0000000, 0x00000000e0100000, 0x00000000e0100000|100%| O|  |TAMS 0x00000000e0000000, 0x00000000e0000000| Untracked 
| 475|0x00000000e0100000, 0x00000000e01ffff0, 0x00000000e0200000| 99%| O|  |TAMS 0x00000000e0100000, 0x00000000e0100000| Untracked 
| 476|0x00000000e0200000, 0x00000000e02ffff8, 0x00000000e0300000| 99%| O|  |TAMS 0x00000000e0200000, 0x00000000e0200000| Untracked 
| 477|0x00000000e0300000, 0x00000000e0400000, 0x00000000e0400000|100%| O|  |TAMS 0x00000000e0300000, 0x00000000e0300000| Untracked 
| 478|0x00000000e0400000, 0x00000000e04ffff0, 0x00000000e0500000| 99%| O|  |TAMS 0x00000000e0400000, 0x00000000e0400000| Untracked 
| 479|0x00000000e0500000, 0x00000000e0600000, 0x00000000e0600000|100%| O|  |TAMS 0x00000000e0500000, 0x00000000e0500000| Untracked 
| 480|0x00000000e0600000, 0x00000000e06fffc8, 0x00000000e0700000| 99%| O|  |TAMS 0x00000000e0600000, 0x00000000e0600000| Untracked 
| 481|0x00000000e0700000, 0x00000000e07fff78, 0x00000000e0800000| 99%| O|  |TAMS 0x00000000e0700000, 0x00000000e0700000| Untracked 
| 482|0x00000000e0800000, 0x00000000e0900000, 0x00000000e0900000|100%| O|  |TAMS 0x00000000e0800000, 0x00000000e0800000| Untracked 
| 483|0x00000000e0900000, 0x00000000e09fffe0, 0x00000000e0a00000| 99%| O|  |TAMS 0x00000000e0900000, 0x00000000e0900000| Untracked 
| 484|0x00000000e0a00000, 0x00000000e0afff08, 0x00000000e0b00000| 99%| O|  |TAMS 0x00000000e0a00000, 0x00000000e0a00000| Untracked 
| 485|0x00000000e0b00000, 0x00000000e0bffff8, 0x00000000e0c00000| 99%| O|  |TAMS 0x00000000e0b00000, 0x00000000e0b00000| Untracked 
| 486|0x00000000e0c00000, 0x00000000e0cfffc8, 0x00000000e0d00000| 99%| O|  |TAMS 0x00000000e0c00000, 0x00000000e0c00000| Untracked 
| 487|0x00000000e0d00000, 0x00000000e0e00000, 0x00000000e0e00000|100%| O|  |TAMS 0x00000000e0d00000, 0x00000000e0d00000| Untracked 
| 488|0x00000000e0e00000, 0x00000000e0f00000, 0x00000000e0f00000|100%| O|  |TAMS 0x00000000e0e00000, 0x00000000e0e00000| Untracked 
| 489|0x00000000e0f00000, 0x00000000e0ffffe0, 0x00000000e1000000| 99%| O|  |TAMS 0x00000000e0f00000, 0x00000000e0f00000| Untracked 
| 490|0x00000000e1000000, 0x00000000e10ffff0, 0x00000000e1100000| 99%| O|  |TAMS 0x00000000e1000000, 0x00000000e1000000| Untracked 
| 491|0x00000000e1100000, 0x00000000e1200000, 0x00000000e1200000|100%| O|  |TAMS 0x00000000e1100000, 0x00000000e1100000| Untracked 
| 492|0x00000000e1200000, 0x00000000e12ffff8, 0x00000000e1300000| 99%| O|  |TAMS 0x00000000e1200000, 0x00000000e1200000| Untracked 
| 493|0x00000000e1300000, 0x00000000e13ffff0, 0x00000000e1400000| 99%| O|  |TAMS 0x00000000e1300000, 0x00000000e1300000| Untracked 
| 494|0x00000000e1400000, 0x00000000e14ffff0, 0x00000000e1500000| 99%| O|  |TAMS 0x00000000e1400000, 0x00000000e1400000| Untracked 
| 495|0x00000000e1500000, 0x00000000e1600000, 0x00000000e1600000|100%| O|  |TAMS 0x00000000e1500000, 0x00000000e1500000| Untracked 
| 496|0x00000000e1600000, 0x00000000e16ffff0, 0x00000000e1700000| 99%| O|  |TAMS 0x00000000e1600000, 0x00000000e1600000| Untracked 
| 497|0x00000000e1700000, 0x00000000e1800000, 0x00000000e1800000|100%| O|  |TAMS 0x00000000e1700000, 0x00000000e1700000| Untracked 
| 498|0x00000000e1800000, 0x00000000e1900000, 0x00000000e1900000|100%| O|  |TAMS 0x00000000e1800000, 0x00000000e1800000| Untracked 
| 499|0x00000000e1900000, 0x00000000e1a00000, 0x00000000e1a00000|100%| O|  |TAMS 0x00000000e1900000, 0x00000000e1900000| Untracked 
| 500|0x00000000e1a00000, 0x00000000e1affff8, 0x00000000e1b00000| 99%| O|  |TAMS 0x00000000e1a00000, 0x00000000e1a00000| Untracked 
| 501|0x00000000e1b00000, 0x00000000e1bffff0, 0x00000000e1c00000| 99%| O|  |TAMS 0x00000000e1b00000, 0x00000000e1b00000| Untracked 
| 502|0x00000000e1c00000, 0x00000000e1d00000, 0x00000000e1d00000|100%| O|  |TAMS 0x00000000e1c00000, 0x00000000e1c00000| Untracked 
| 503|0x00000000e1d00000, 0x00000000e1e00000, 0x00000000e1e00000|100%| O|  |TAMS 0x00000000e1d00000, 0x00000000e1d00000| Untracked 
| 504|0x00000000e1e00000, 0x00000000e1f00000, 0x00000000e1f00000|100%| O|  |TAMS 0x00000000e1e00000, 0x00000000e1e00000| Untracked 
| 505|0x00000000e1f00000, 0x00000000e2000000, 0x00000000e2000000|100%| O|  |TAMS 0x00000000e1f00000, 0x00000000e1f00000| Untracked 
| 506|0x00000000e2000000, 0x00000000e20ffff0, 0x00000000e2100000| 99%| O|  |TAMS 0x00000000e2000000, 0x00000000e2000000| Untracked 
| 507|0x00000000e2100000, 0x00000000e21ffff0, 0x00000000e2200000| 99%| O|  |TAMS 0x00000000e2100000, 0x00000000e2100000| Untracked 
| 508|0x00000000e2200000, 0x00000000e22fffe0, 0x00000000e2300000| 99%| O|  |TAMS 0x00000000e2200000, 0x00000000e2200000| Untracked 
| 509|0x00000000e2300000, 0x00000000e23ffff0, 0x00000000e2400000| 99%| O|  |TAMS 0x00000000e2300000, 0x00000000e2300000| Untracked 
| 510|0x00000000e2400000, 0x00000000e2500000, 0x00000000e2500000|100%| O|  |TAMS 0x00000000e2400000, 0x00000000e2400000| Untracked 
| 511|0x00000000e2500000, 0x00000000e2600000, 0x00000000e2600000|100%| O|  |TAMS 0x00000000e2500000, 0x00000000e2500000| Untracked 
| 512|0x00000000e2600000, 0x00000000e26ffff8, 0x00000000e2700000| 99%| O|  |TAMS 0x00000000e2600000, 0x00000000e2600000| Untracked 
| 513|0x00000000e2700000, 0x00000000e2800000, 0x00000000e2800000|100%| O|  |TAMS 0x00000000e2700000, 0x00000000e2700000| Untracked 
| 514|0x00000000e2800000, 0x00000000e28ffff8, 0x00000000e2900000| 99%| O|  |TAMS 0x00000000e2800000, 0x00000000e2800000| Untracked 
| 515|0x00000000e2900000, 0x00000000e29ffff8, 0x00000000e2a00000| 99%| O|  |TAMS 0x00000000e2900000, 0x00000000e2900000| Untracked 
| 516|0x00000000e2a00000, 0x00000000e2affff8, 0x00000000e2b00000| 99%| O|  |TAMS 0x00000000e2a00000, 0x00000000e2a00000| Untracked 
| 517|0x00000000e2b00000, 0x00000000e2bffff8, 0x00000000e2c00000| 99%| O|  |TAMS 0x00000000e2b00000, 0x00000000e2b00000| Untracked 
| 518|0x00000000e2c00000, 0x00000000e2cffff8, 0x00000000e2d00000| 99%| O|  |TAMS 0x00000000e2c00000, 0x00000000e2c00000| Untracked 
| 519|0x00000000e2d00000, 0x00000000e2dffff8, 0x00000000e2e00000| 99%| O|  |TAMS 0x00000000e2d00000, 0x00000000e2d00000| Untracked 
| 520|0x00000000e2e00000, 0x00000000e2effff0, 0x00000000e2f00000| 99%| O|  |TAMS 0x00000000e2e00000, 0x00000000e2e00000| Untracked 
| 521|0x00000000e2f00000, 0x00000000e2fffff8, 0x00000000e3000000| 99%| O|  |TAMS 0x00000000e2f00000, 0x00000000e2f00000| Untracked 
| 522|0x00000000e3000000, 0x00000000e30ffff0, 0x00000000e3100000| 99%| O|  |TAMS 0x00000000e3000000, 0x00000000e3000000| Untracked 
| 523|0x00000000e3100000, 0x00000000e3200000, 0x00000000e3200000|100%| O|  |TAMS 0x00000000e3100000, 0x00000000e3100000| Untracked 
| 524|0x00000000e3200000, 0x00000000e32fff38, 0x00000000e3300000| 99%| O|  |TAMS 0x00000000e3200000, 0x00000000e3200000| Untracked 
| 525|0x00000000e3300000, 0x00000000e33fffd0, 0x00000000e3400000| 99%| O|  |TAMS 0x00000000e3300000, 0x00000000e3300000| Untracked 
| 526|0x00000000e3400000, 0x00000000e3500000, 0x00000000e3500000|100%| O|  |TAMS 0x00000000e3400000, 0x00000000e3400000| Untracked 
| 527|0x00000000e3500000, 0x00000000e3600000, 0x00000000e3600000|100%| O|  |TAMS 0x00000000e3500000, 0x00000000e3500000| Untracked 
| 528|0x00000000e3600000, 0x00000000e36fff18, 0x00000000e3700000| 99%| O|  |TAMS 0x00000000e3600000, 0x00000000e3600000| Untracked 
| 529|0x00000000e3700000, 0x00000000e3800000, 0x00000000e3800000|100%| O|  |TAMS 0x00000000e3700000, 0x00000000e3700000| Untracked 
| 530|0x00000000e3800000, 0x00000000e38ffff8, 0x00000000e3900000| 99%| O|  |TAMS 0x00000000e3800000, 0x00000000e3800000| Untracked 
| 531|0x00000000e3900000, 0x00000000e3a00000, 0x00000000e3a00000|100%| O|  |TAMS 0x00000000e3900000, 0x00000000e3900000| Untracked 
| 532|0x00000000e3a00000, 0x00000000e3b00000, 0x00000000e3b00000|100%| O|  |TAMS 0x00000000e3a00000, 0x00000000e3a00000| Untracked 
| 533|0x00000000e3b00000, 0x00000000e3bffff8, 0x00000000e3c00000| 99%| O|  |TAMS 0x00000000e3b00000, 0x00000000e3b00000| Untracked 
| 534|0x00000000e3c00000, 0x00000000e3cffff8, 0x00000000e3d00000| 99%| O|  |TAMS 0x00000000e3c00000, 0x00000000e3c00000| Untracked 
| 535|0x00000000e3d00000, 0x00000000e3dffff8, 0x00000000e3e00000| 99%| O|  |TAMS 0x00000000e3d00000, 0x00000000e3d00000| Untracked 
| 536|0x00000000e3e00000, 0x00000000e3effff0, 0x00000000e3f00000| 99%| O|  |TAMS 0x00000000e3e00000, 0x00000000e3e00000| Untracked 
| 537|0x00000000e3f00000, 0x00000000e3ffff80, 0x00000000e4000000| 99%| O|  |TAMS 0x00000000e3f00000, 0x00000000e3f00000| Untracked 
| 538|0x00000000e4000000, 0x00000000e40fff88, 0x00000000e4100000| 99%| O|  |TAMS 0x00000000e4000000, 0x00000000e4000000| Untracked 
| 539|0x00000000e4100000, 0x00000000e41ffff8, 0x00000000e4200000| 99%| O|  |TAMS 0x00000000e4100000, 0x00000000e4100000| Untracked 
| 540|0x00000000e4200000, 0x00000000e42ffff8, 0x00000000e4300000| 99%| O|  |TAMS 0x00000000e4200000, 0x00000000e4200000| Untracked 
| 541|0x00000000e4300000, 0x00000000e43fffe8, 0x00000000e4400000| 99%| O|  |TAMS 0x00000000e4300000, 0x00000000e4300000| Untracked 
| 542|0x00000000e4400000, 0x00000000e44fffe8, 0x00000000e4500000| 99%| O|  |TAMS 0x00000000e4400000, 0x00000000e4400000| Untracked 
| 543|0x00000000e4500000, 0x00000000e45ffff8, 0x00000000e4600000| 99%| O|  |TAMS 0x00000000e4500000, 0x00000000e4500000| Untracked 
| 544|0x00000000e4600000, 0x00000000e46ffff8, 0x00000000e4700000| 99%| O|  |TAMS 0x00000000e4600000, 0x00000000e4600000| Untracked 
| 545|0x00000000e4700000, 0x00000000e4800000, 0x00000000e4800000|100%| O|  |TAMS 0x00000000e4700000, 0x00000000e4700000| Untracked 
| 546|0x00000000e4800000, 0x00000000e48ffff8, 0x00000000e4900000| 99%| O|  |TAMS 0x00000000e4800000, 0x00000000e4800000| Untracked 
| 547|0x00000000e4900000, 0x00000000e4a00000, 0x00000000e4a00000|100%| O|  |TAMS 0x00000000e4900000, 0x00000000e4900000| Untracked 
| 548|0x00000000e4a00000, 0x00000000e4affff0, 0x00000000e4b00000| 99%| O|  |TAMS 0x00000000e4a00000, 0x00000000e4a00000| Untracked 
| 549|0x00000000e4b00000, 0x00000000e4c00000, 0x00000000e4c00000|100%| O|  |TAMS 0x00000000e4b00000, 0x00000000e4b00000| Untracked 
| 550|0x00000000e4c00000, 0x00000000e4cffff8, 0x00000000e4d00000| 99%| O|  |TAMS 0x00000000e4c00000, 0x00000000e4c00000| Untracked 
| 551|0x00000000e4d00000, 0x00000000e4dffff8, 0x00000000e4e00000| 99%| O|  |TAMS 0x00000000e4d00000, 0x00000000e4d00000| Untracked 
| 552|0x00000000e4e00000, 0x00000000e4f00000, 0x00000000e4f00000|100%| O|  |TAMS 0x00000000e4e00000, 0x00000000e4e00000| Untracked 
| 553|0x00000000e4f00000, 0x00000000e4ffffe8, 0x00000000e5000000| 99%| O|  |TAMS 0x00000000e4f00000, 0x00000000e4f00000| Untracked 
| 554|0x00000000e5000000, 0x00000000e5100000, 0x00000000e5100000|100%| O|  |TAMS 0x00000000e5000000, 0x00000000e5000000| Untracked 
| 555|0x00000000e5100000, 0x00000000e51ffff8, 0x00000000e5200000| 99%| O|  |TAMS 0x00000000e5100000, 0x00000000e5100000| Untracked 
| 556|0x00000000e5200000, 0x00000000e5300000, 0x00000000e5300000|100%| O|  |TAMS 0x00000000e5200000, 0x00000000e5200000| Untracked 
| 557|0x00000000e5300000, 0x00000000e53ffff0, 0x00000000e5400000| 99%| O|  |TAMS 0x00000000e5300000, 0x00000000e5300000| Untracked 
| 558|0x00000000e5400000, 0x00000000e54fffe0, 0x00000000e5500000| 99%| O|  |TAMS 0x00000000e5400000, 0x00000000e5400000| Untracked 
| 559|0x00000000e5500000, 0x00000000e55ffff8, 0x00000000e5600000| 99%| O|  |TAMS 0x00000000e5500000, 0x00000000e5500000| Untracked 
| 560|0x00000000e5600000, 0x00000000e56fffe0, 0x00000000e5700000| 99%| O|  |TAMS 0x00000000e5600000, 0x00000000e5600000| Untracked 
| 561|0x00000000e5700000, 0x00000000e57ffff0, 0x00000000e5800000| 99%| O|  |TAMS 0x00000000e5700000, 0x00000000e5700000| Untracked 
| 562|0x00000000e5800000, 0x00000000e5900000, 0x00000000e5900000|100%| O|  |TAMS 0x00000000e5800000, 0x00000000e5800000| Untracked 
| 563|0x00000000e5900000, 0x00000000e59ffff0, 0x00000000e5a00000| 99%| O|  |TAMS 0x00000000e5900000, 0x00000000e5900000| Untracked 
| 564|0x00000000e5a00000, 0x00000000e5afff58, 0x00000000e5b00000| 99%| O|  |TAMS 0x00000000e5a00000, 0x00000000e5a00000| Untracked 
| 565|0x00000000e5b00000, 0x00000000e5bfffe0, 0x00000000e5c00000| 99%| O|  |TAMS 0x00000000e5b00000, 0x00000000e5b00000| Untracked 
| 566|0x00000000e5c00000, 0x00000000e5d00000, 0x00000000e5d00000|100%| O|  |TAMS 0x00000000e5c00000, 0x00000000e5c00000| Untracked 
| 567|0x00000000e5d00000, 0x00000000e5dfff88, 0x00000000e5e00000| 99%| O|  |TAMS 0x00000000e5d00000, 0x00000000e5d00000| Untracked 
| 568|0x00000000e5e00000, 0x00000000e5f00000, 0x00000000e5f00000|100%| O|  |TAMS 0x00000000e5e00000, 0x00000000e5e00000| Untracked 
| 569|0x00000000e5f00000, 0x00000000e5fffff8, 0x00000000e6000000| 99%| O|  |TAMS 0x00000000e5f00000, 0x00000000e5f00000| Untracked 
| 570|0x00000000e6000000, 0x00000000e60ffff8, 0x00000000e6100000| 99%| O|  |TAMS 0x00000000e6000000, 0x00000000e6000000| Untracked 
| 571|0x00000000e6100000, 0x00000000e6200000, 0x00000000e6200000|100%| O|  |TAMS 0x00000000e6100000, 0x00000000e6100000| Untracked 
| 572|0x00000000e6200000, 0x00000000e62ffff8, 0x00000000e6300000| 99%| O|  |TAMS 0x00000000e6200000, 0x00000000e6200000| Untracked 
| 573|0x00000000e6300000, 0x00000000e6400000, 0x00000000e6400000|100%| O|  |TAMS 0x00000000e6300000, 0x00000000e6300000| Untracked 
| 574|0x00000000e6400000, 0x00000000e64ffff0, 0x00000000e6500000| 99%| O|  |TAMS 0x00000000e6400000, 0x00000000e6400000| Untracked 
| 575|0x00000000e6500000, 0x00000000e65ffff8, 0x00000000e6600000| 99%| O|  |TAMS 0x00000000e6500000, 0x00000000e6500000| Untracked 
| 576|0x00000000e6600000, 0x00000000e66ffff0, 0x00000000e6700000| 99%| O|  |TAMS 0x00000000e6600000, 0x00000000e6600000| Untracked 
| 577|0x00000000e6700000, 0x00000000e6800000, 0x00000000e6800000|100%| O|  |TAMS 0x00000000e6700000, 0x00000000e6700000| Untracked 
| 578|0x00000000e6800000, 0x00000000e68fffe0, 0x00000000e6900000| 99%| O|  |TAMS 0x00000000e6800000, 0x00000000e6800000| Untracked 
| 579|0x00000000e6900000, 0x00000000e6a00000, 0x00000000e6a00000|100%| O|  |TAMS 0x00000000e6900000, 0x00000000e6900000| Untracked 
| 580|0x00000000e6a00000, 0x00000000e6affff8, 0x00000000e6b00000| 99%| O|  |TAMS 0x00000000e6a00000, 0x00000000e6a00000| Untracked 
| 581|0x00000000e6b00000, 0x00000000e6bffff8, 0x00000000e6c00000| 99%| O|  |TAMS 0x00000000e6b00000, 0x00000000e6b00000| Untracked 
| 582|0x00000000e6c00000, 0x00000000e6cffff8, 0x00000000e6d00000| 99%| O|  |TAMS 0x00000000e6c00000, 0x00000000e6c00000| Untracked 
| 583|0x00000000e6d00000, 0x00000000e6dffff0, 0x00000000e6e00000| 99%| O|  |TAMS 0x00000000e6d00000, 0x00000000e6d00000| Untracked 
| 584|0x00000000e6e00000, 0x00000000e6effff8, 0x00000000e6f00000| 99%| O|  |TAMS 0x00000000e6e00000, 0x00000000e6e00000| Untracked 
| 585|0x00000000e6f00000, 0x00000000e6fffff8, 0x00000000e7000000| 99%| O|  |TAMS 0x00000000e6f00000, 0x00000000e6f00000| Untracked 
| 586|0x00000000e7000000, 0x00000000e7100000, 0x00000000e7100000|100%| O|  |TAMS 0x00000000e7000000, 0x00000000e7000000| Untracked 
| 587|0x00000000e7100000, 0x00000000e71ffff8, 0x00000000e7200000| 99%| O|  |TAMS 0x00000000e7100000, 0x00000000e7100000| Untracked 
| 588|0x00000000e7200000, 0x00000000e72fffe8, 0x00000000e7300000| 99%| O|  |TAMS 0x00000000e7200000, 0x00000000e7200000| Untracked 
| 589|0x00000000e7300000, 0x00000000e73ffff0, 0x00000000e7400000| 99%| O|  |TAMS 0x00000000e7300000, 0x00000000e7300000| Untracked 
| 590|0x00000000e7400000, 0x00000000e7500000, 0x00000000e7500000|100%| O|  |TAMS 0x00000000e7400000, 0x00000000e7400000| Untracked 
| 591|0x00000000e7500000, 0x00000000e75ffff8, 0x00000000e7600000| 99%| O|  |TAMS 0x00000000e7500000, 0x00000000e7500000| Untracked 
| 592|0x00000000e7600000, 0x00000000e7700000, 0x00000000e7700000|100%| O|  |TAMS 0x00000000e7600000, 0x00000000e7600000| Untracked 
| 593|0x00000000e7700000, 0x00000000e77ffff8, 0x00000000e7800000| 99%| O|  |TAMS 0x00000000e7700000, 0x00000000e7700000| Untracked 
| 594|0x00000000e7800000, 0x00000000e78ffff8, 0x00000000e7900000| 99%| O|  |TAMS 0x00000000e7800000, 0x00000000e7800000| Untracked 
| 595|0x00000000e7900000, 0x00000000e79ffff8, 0x00000000e7a00000| 99%| O|  |TAMS 0x00000000e7900000, 0x00000000e7900000| Untracked 
| 596|0x00000000e7a00000, 0x00000000e7affff8, 0x00000000e7b00000| 99%| O|  |TAMS 0x00000000e7a00000, 0x00000000e7a00000| Untracked 
| 597|0x00000000e7b00000, 0x00000000e7bfffe0, 0x00000000e7c00000| 99%| O|  |TAMS 0x00000000e7b00000, 0x00000000e7b00000| Untracked 
| 598|0x00000000e7c00000, 0x00000000e7cffff8, 0x00000000e7d00000| 99%| O|  |TAMS 0x00000000e7c00000, 0x00000000e7c00000| Untracked 
| 599|0x00000000e7d00000, 0x00000000e7e00000, 0x00000000e7e00000|100%| O|  |TAMS 0x00000000e7d00000, 0x00000000e7d00000| Untracked 
| 600|0x00000000e7e00000, 0x00000000e7efffe8, 0x00000000e7f00000| 99%| O|  |TAMS 0x00000000e7e00000, 0x00000000e7e00000| Untracked 
| 601|0x00000000e7f00000, 0x00000000e7ffffd8, 0x00000000e8000000| 99%| O|  |TAMS 0x00000000e7f00000, 0x00000000e7f00000| Untracked 
| 602|0x00000000e8000000, 0x00000000e80ffff0, 0x00000000e8100000| 99%| O|  |TAMS 0x00000000e8000000, 0x00000000e8000000| Untracked 
| 603|0x00000000e8100000, 0x00000000e81ffff8, 0x00000000e8200000| 99%| O|  |TAMS 0x00000000e8100000, 0x00000000e8100000| Untracked 
| 604|0x00000000e8200000, 0x00000000e8300000, 0x00000000e8300000|100%| O|  |TAMS 0x00000000e8200000, 0x00000000e8200000| Untracked 
| 605|0x00000000e8300000, 0x00000000e83ffff8, 0x00000000e8400000| 99%| O|  |TAMS 0x00000000e8300000, 0x00000000e8300000| Untracked 
| 606|0x00000000e8400000, 0x00000000e84fffe8, 0x00000000e8500000| 99%| O|  |TAMS 0x00000000e8400000, 0x00000000e8400000| Untracked 
| 607|0x00000000e8500000, 0x00000000e85ffff0, 0x00000000e8600000| 99%| O|  |TAMS 0x00000000e8500000, 0x00000000e8500000| Untracked 
| 608|0x00000000e8600000, 0x00000000e86ffff8, 0x00000000e8700000| 99%| O|  |TAMS 0x00000000e8600000, 0x00000000e8600000| Untracked 
| 609|0x00000000e8700000, 0x00000000e8800000, 0x00000000e8800000|100%| O|  |TAMS 0x00000000e8700000, 0x00000000e8700000| Untracked 
| 610|0x00000000e8800000, 0x00000000e88ffff8, 0x00000000e8900000| 99%| O|  |TAMS 0x00000000e8800000, 0x00000000e8800000| Untracked 
| 611|0x00000000e8900000, 0x00000000e89ffff8, 0x00000000e8a00000| 99%| O|  |TAMS 0x00000000e8900000, 0x00000000e8900000| Untracked 
| 612|0x00000000e8a00000, 0x00000000e8affff8, 0x00000000e8b00000| 99%| O|  |TAMS 0x00000000e8a00000, 0x00000000e8a00000| Untracked 
| 613|0x00000000e8b00000, 0x00000000e8bffff8, 0x00000000e8c00000| 99%| O|  |TAMS 0x00000000e8b00000, 0x00000000e8b00000| Untracked 
| 614|0x00000000e8c00000, 0x00000000e8d00000, 0x00000000e8d00000|100%| O|  |TAMS 0x00000000e8c00000, 0x00000000e8c00000| Untracked 
| 615|0x00000000e8d00000, 0x00000000e8dffff8, 0x00000000e8e00000| 99%| O|  |TAMS 0x00000000e8d00000, 0x00000000e8d00000| Untracked 
| 616|0x00000000e8e00000, 0x00000000e8effff8, 0x00000000e8f00000| 99%| O|  |TAMS 0x00000000e8e00000, 0x00000000e8e00000| Untracked 
| 617|0x00000000e8f00000, 0x00000000e8ffffe8, 0x00000000e9000000| 99%| O|  |TAMS 0x00000000e8f00000, 0x00000000e8f00000| Untracked 
| 618|0x00000000e9000000, 0x00000000e90ffff0, 0x00000000e9100000| 99%| O|  |TAMS 0x00000000e9000000, 0x00000000e9000000| Untracked 
| 619|0x00000000e9100000, 0x00000000e91ffff0, 0x00000000e9200000| 99%| O|  |TAMS 0x00000000e9100000, 0x00000000e9100000| Untracked 
| 620|0x00000000e9200000, 0x00000000e92ffff0, 0x00000000e9300000| 99%| O|  |TAMS 0x00000000e9200000, 0x00000000e9200000| Untracked 
| 621|0x00000000e9300000, 0x00000000e93ffff8, 0x00000000e9400000| 99%| O|  |TAMS 0x00000000e9300000, 0x00000000e9300000| Untracked 
| 622|0x00000000e9400000, 0x00000000e9500000, 0x00000000e9500000|100%| O|  |TAMS 0x00000000e9400000, 0x00000000e9400000| Untracked 
| 623|0x00000000e9500000, 0x00000000e95fffe0, 0x00000000e9600000| 99%| O|  |TAMS 0x00000000e9500000, 0x00000000e9500000| Untracked 
| 624|0x00000000e9600000, 0x00000000e96fffe8, 0x00000000e9700000| 99%| O|  |TAMS 0x00000000e9600000, 0x00000000e9600000| Untracked 
| 625|0x00000000e9700000, 0x00000000e9800000, 0x00000000e9800000|100%| O|  |TAMS 0x00000000e9700000, 0x00000000e9700000| Untracked 
| 626|0x00000000e9800000, 0x00000000e98ffff8, 0x00000000e9900000| 99%| O|  |TAMS 0x00000000e9800000, 0x00000000e9800000| Untracked 
| 627|0x00000000e9900000, 0x00000000e99ffff0, 0x00000000e9a00000| 99%| O|  |TAMS 0x00000000e9900000, 0x00000000e9900000| Untracked 
| 628|0x00000000e9a00000, 0x00000000e9b00000, 0x00000000e9b00000|100%| O|  |TAMS 0x00000000e9a00000, 0x00000000e9a00000| Untracked 
| 629|0x00000000e9b00000, 0x00000000e9c00000, 0x00000000e9c00000|100%| O|  |TAMS 0x00000000e9b00000, 0x00000000e9b00000| Untracked 
| 630|0x00000000e9c00000, 0x00000000e9d00000, 0x00000000e9d00000|100%| O|  |TAMS 0x00000000e9c00000, 0x00000000e9c00000| Untracked 
| 631|0x00000000e9d00000, 0x00000000e9dfffd0, 0x00000000e9e00000| 99%| O|  |TAMS 0x00000000e9d00000, 0x00000000e9d00000| Untracked 
| 632|0x00000000e9e00000, 0x00000000e9effff8, 0x00000000e9f00000| 99%| O|  |TAMS 0x00000000e9e00000, 0x00000000e9e00000| Untracked 
| 633|0x00000000e9f00000, 0x00000000e9fffff0, 0x00000000ea000000| 99%| O|  |TAMS 0x00000000e9f00000, 0x00000000e9f00000| Untracked 
| 634|0x00000000ea000000, 0x00000000ea0ffff0, 0x00000000ea100000| 99%| O|  |TAMS 0x00000000ea000000, 0x00000000ea000000| Untracked 
| 635|0x00000000ea100000, 0x00000000ea1ffee8, 0x00000000ea200000| 99%| O|  |TAMS 0x00000000ea100000, 0x00000000ea100000| Untracked 
| 636|0x00000000ea200000, 0x00000000ea300000, 0x00000000ea300000|100%| O|  |TAMS 0x00000000ea200000, 0x00000000ea200000| Untracked 
| 637|0x00000000ea300000, 0x00000000ea3fffc0, 0x00000000ea400000| 99%| O|  |TAMS 0x00000000ea300000, 0x00000000ea300000| Untracked 
| 638|0x00000000ea400000, 0x00000000ea4ffff8, 0x00000000ea500000| 99%| O|  |TAMS 0x00000000ea400000, 0x00000000ea400000| Untracked 
| 639|0x00000000ea500000, 0x00000000ea5ffff8, 0x00000000ea600000| 99%| O|  |TAMS 0x00000000ea500000, 0x00000000ea500000| Untracked 
| 640|0x00000000ea600000, 0x00000000ea6ffff8, 0x00000000ea700000| 99%| O|  |TAMS 0x00000000ea600000, 0x00000000ea600000| Untracked 
| 641|0x00000000ea700000, 0x00000000ea7ffff8, 0x00000000ea800000| 99%| O|  |TAMS 0x00000000ea700000, 0x00000000ea700000| Untracked 
| 642|0x00000000ea800000, 0x00000000ea8ffff0, 0x00000000ea900000| 99%| O|  |TAMS 0x00000000ea800000, 0x00000000ea800000| Untracked 
| 643|0x00000000ea900000, 0x00000000eaa00000, 0x00000000eaa00000|100%| O|  |TAMS 0x00000000ea900000, 0x00000000ea900000| Untracked 
| 644|0x00000000eaa00000, 0x00000000eab00000, 0x00000000eab00000|100%| O|  |TAMS 0x00000000eaa00000, 0x00000000eaa00000| Untracked 
| 645|0x00000000eab00000, 0x00000000eabffff8, 0x00000000eac00000| 99%| O|  |TAMS 0x00000000eab00000, 0x00000000eab00000| Untracked 
| 646|0x00000000eac00000, 0x00000000eacffff8, 0x00000000ead00000| 99%| O|  |TAMS 0x00000000eac00000, 0x00000000eac00000| Untracked 
| 647|0x00000000ead00000, 0x00000000eae00000, 0x00000000eae00000|100%| O|  |TAMS 0x00000000ead00000, 0x00000000ead00000| Untracked 
| 648|0x00000000eae00000, 0x00000000eaeffff8, 0x00000000eaf00000| 99%| O|  |TAMS 0x00000000eae00000, 0x00000000eae00000| Untracked 
| 649|0x00000000eaf00000, 0x00000000eafffff0, 0x00000000eb000000| 99%| O|  |TAMS 0x00000000eaf00000, 0x00000000eaf00000| Untracked 
| 650|0x00000000eb000000, 0x00000000eb0ffff0, 0x00000000eb100000| 99%| O|  |TAMS 0x00000000eb000000, 0x00000000eb000000| Untracked 
| 651|0x00000000eb100000, 0x00000000eb1ffff8, 0x00000000eb200000| 99%| O|  |TAMS 0x00000000eb100000, 0x00000000eb100000| Untracked 
| 652|0x00000000eb200000, 0x00000000eb2fffe8, 0x00000000eb300000| 99%| O|  |TAMS 0x00000000eb200000, 0x00000000eb200000| Untracked 
| 653|0x00000000eb300000, 0x00000000eb400000, 0x00000000eb400000|100%| O|  |TAMS 0x00000000eb300000, 0x00000000eb300000| Untracked 
| 654|0x00000000eb400000, 0x00000000eb4ffff0, 0x00000000eb500000| 99%| O|  |TAMS 0x00000000eb400000, 0x00000000eb400000| Untracked 
| 655|0x00000000eb500000, 0x00000000eb600000, 0x00000000eb600000|100%| O|  |TAMS 0x00000000eb500000, 0x00000000eb500000| Untracked 
| 656|0x00000000eb600000, 0x00000000eb700000, 0x00000000eb700000|100%| O|  |TAMS 0x00000000eb600000, 0x00000000eb600000| Untracked 
| 657|0x00000000eb700000, 0x00000000eb7fffe8, 0x00000000eb800000| 99%| O|  |TAMS 0x00000000eb700000, 0x00000000eb700000| Untracked 
| 658|0x00000000eb800000, 0x00000000eb900000, 0x00000000eb900000|100%| O|  |TAMS 0x00000000eb800000, 0x00000000eb800000| Untracked 
| 659|0x00000000eb900000, 0x00000000eb9ffff0, 0x00000000eba00000| 99%| O|  |TAMS 0x00000000eb900000, 0x00000000eb900000| Untracked 
| 660|0x00000000eba00000, 0x00000000ebb00000, 0x00000000ebb00000|100%| O|  |TAMS 0x00000000eba00000, 0x00000000eba00000| Untracked 
| 661|0x00000000ebb00000, 0x00000000ebbffff8, 0x00000000ebc00000| 99%| O|  |TAMS 0x00000000ebb00000, 0x00000000ebb00000| Untracked 
| 662|0x00000000ebc00000, 0x00000000ebd00000, 0x00000000ebd00000|100%| O|  |TAMS 0x00000000ebc00000, 0x00000000ebc00000| Untracked 
| 663|0x00000000ebd00000, 0x00000000ebdffff0, 0x00000000ebe00000| 99%| O|  |TAMS 0x00000000ebd00000, 0x00000000ebd00000| Untracked 
| 664|0x00000000ebe00000, 0x00000000ebeffff0, 0x00000000ebf00000| 99%| O|  |TAMS 0x00000000ebe00000, 0x00000000ebe00000| Untracked 
| 665|0x00000000ebf00000, 0x00000000ec000000, 0x00000000ec000000|100%| O|  |TAMS 0x00000000ebf00000, 0x00000000ebf00000| Untracked 
| 666|0x00000000ec000000, 0x00000000ec0ffff8, 0x00000000ec100000| 99%| O|  |TAMS 0x00000000ec000000, 0x00000000ec000000| Untracked 
| 667|0x00000000ec100000, 0x00000000ec1ffff8, 0x00000000ec200000| 99%| O|  |TAMS 0x00000000ec100000, 0x00000000ec100000| Untracked 
| 668|0x00000000ec200000, 0x00000000ec300000, 0x00000000ec300000|100%| O|  |TAMS 0x00000000ec200000, 0x00000000ec200000| Untracked 
| 669|0x00000000ec300000, 0x00000000ec3ffff8, 0x00000000ec400000| 99%| O|  |TAMS 0x00000000ec300000, 0x00000000ec300000| Untracked 
| 670|0x00000000ec400000, 0x00000000ec4fffe8, 0x00000000ec500000| 99%| O|  |TAMS 0x00000000ec400000, 0x00000000ec400000| Untracked 
| 671|0x00000000ec500000, 0x00000000ec5fffd0, 0x00000000ec600000| 99%| O|  |TAMS 0x00000000ec500000, 0x00000000ec500000| Untracked 
| 672|0x00000000ec600000, 0x00000000ec700000, 0x00000000ec700000|100%| O|  |TAMS 0x00000000ec600000, 0x00000000ec600000| Untracked 
| 673|0x00000000ec700000, 0x00000000ec7fff78, 0x00000000ec800000| 99%| O|  |TAMS 0x00000000ec700000, 0x00000000ec700000| Untracked 
| 674|0x00000000ec800000, 0x00000000ec8ffff0, 0x00000000ec900000| 99%| O|  |TAMS 0x00000000ec800000, 0x00000000ec800000| Untracked 
| 675|0x00000000ec900000, 0x00000000ec9ffff8, 0x00000000eca00000| 99%| O|  |TAMS 0x00000000ec900000, 0x00000000ec900000| Untracked 
| 676|0x00000000eca00000, 0x00000000ecaffff8, 0x00000000ecb00000| 99%| O|  |TAMS 0x00000000eca00000, 0x00000000eca00000| Untracked 
| 677|0x00000000ecb00000, 0x00000000ecbfffe8, 0x00000000ecc00000| 99%| O|  |TAMS 0x00000000ecb00000, 0x00000000ecb00000| Untracked 
| 678|0x00000000ecc00000, 0x00000000eccfffe8, 0x00000000ecd00000| 99%| O|  |TAMS 0x00000000ecc00000, 0x00000000ecc00000| Untracked 
| 679|0x00000000ecd00000, 0x00000000ece00000, 0x00000000ece00000|100%| O|  |TAMS 0x00000000ecd00000, 0x00000000ecd00000| Untracked 
| 680|0x00000000ece00000, 0x00000000eceffff8, 0x00000000ecf00000| 99%| O|  |TAMS 0x00000000ece00000, 0x00000000ece00000| Untracked 
| 681|0x00000000ecf00000, 0x00000000ed000000, 0x00000000ed000000|100%| O|  |TAMS 0x00000000ecf00000, 0x00000000ecf00000| Untracked 
| 682|0x00000000ed000000, 0x00000000ed0fffe8, 0x00000000ed100000| 99%| O|  |TAMS 0x00000000ed000000, 0x00000000ed000000| Untracked 
| 683|0x00000000ed100000, 0x00000000ed1fffb0, 0x00000000ed200000| 99%| O|  |TAMS 0x00000000ed100000, 0x00000000ed100000| Untracked 
| 684|0x00000000ed200000, 0x00000000ed2fffe8, 0x00000000ed300000| 99%| O|  |TAMS 0x00000000ed200000, 0x00000000ed200000| Untracked 
| 685|0x00000000ed300000, 0x00000000ed400000, 0x00000000ed400000|100%| O|  |TAMS 0x00000000ed300000, 0x00000000ed300000| Untracked 
| 686|0x00000000ed400000, 0x00000000ed4fffe0, 0x00000000ed500000| 99%| O|  |TAMS 0x00000000ed400000, 0x00000000ed400000| Untracked 
| 687|0x00000000ed500000, 0x00000000ed5ffff0, 0x00000000ed600000| 99%| O|  |TAMS 0x00000000ed500000, 0x00000000ed500000| Untracked 
| 688|0x00000000ed600000, 0x00000000ed700000, 0x00000000ed700000|100%| O|  |TAMS 0x00000000ed600000, 0x00000000ed600000| Untracked 
| 689|0x00000000ed700000, 0x00000000ed800000, 0x00000000ed800000|100%| O|  |TAMS 0x00000000ed700000, 0x00000000ed700000| Untracked 
| 690|0x00000000ed800000, 0x00000000ed8fffe8, 0x00000000ed900000| 99%| O|  |TAMS 0x00000000ed800000, 0x00000000ed800000| Untracked 
| 691|0x00000000ed900000, 0x00000000ed9ffff8, 0x00000000eda00000| 99%| O|  |TAMS 0x00000000ed900000, 0x00000000ed900000| Untracked 
| 692|0x00000000eda00000, 0x00000000edb00000, 0x00000000edb00000|100%| O|  |TAMS 0x00000000eda00000, 0x00000000eda00000| Untracked 
| 693|0x00000000edb00000, 0x00000000edbfffe8, 0x00000000edc00000| 99%| O|  |TAMS 0x00000000edb00000, 0x00000000edb00000| Untracked 
| 694|0x00000000edc00000, 0x00000000edcfffe8, 0x00000000edd00000| 99%| O|  |TAMS 0x00000000edc00000, 0x00000000edc00000| Untracked 
| 695|0x00000000edd00000, 0x00000000ede00000, 0x00000000ede00000|100%| O|  |TAMS 0x00000000edd00000, 0x00000000edd00000| Untracked 
| 696|0x00000000ede00000, 0x00000000edefffe0, 0x00000000edf00000| 99%| O|  |TAMS 0x00000000ede00000, 0x00000000ede00000| Untracked 
| 697|0x00000000edf00000, 0x00000000edffffd8, 0x00000000ee000000| 99%| O|  |TAMS 0x00000000edf00000, 0x00000000edf00000| Untracked 
| 698|0x00000000ee000000, 0x00000000ee0ffff0, 0x00000000ee100000| 99%| O|  |TAMS 0x00000000ee000000, 0x00000000ee000000| Untracked 
| 699|0x00000000ee100000, 0x00000000ee200000, 0x00000000ee200000|100%| O|  |TAMS 0x00000000ee100000, 0x00000000ee100000| Untracked 
| 700|0x00000000ee200000, 0x00000000ee300000, 0x00000000ee300000|100%| O|  |TAMS 0x00000000ee200000, 0x00000000ee200000| Untracked 
| 701|0x00000000ee300000, 0x00000000ee400000, 0x00000000ee400000|100%| O|  |TAMS 0x00000000ee300000, 0x00000000ee300000| Untracked 
| 702|0x00000000ee400000, 0x00000000ee4fffb0, 0x00000000ee500000| 99%| O|  |TAMS 0x00000000ee400000, 0x00000000ee400000| Untracked 
| 703|0x00000000ee500000, 0x00000000ee5ffff0, 0x00000000ee600000| 99%| O|  |TAMS 0x00000000ee500000, 0x00000000ee500000| Untracked 
| 704|0x00000000ee600000, 0x00000000ee6ffff0, 0x00000000ee700000| 99%| O|  |TAMS 0x00000000ee600000, 0x00000000ee600000| Untracked 
| 705|0x00000000ee700000, 0x00000000ee7ffff0, 0x00000000ee800000| 99%| O|  |TAMS 0x00000000ee700000, 0x00000000ee700000| Untracked 
| 706|0x00000000ee800000, 0x00000000ee900000, 0x00000000ee900000|100%| O|  |TAMS 0x00000000ee800000, 0x00000000ee800000| Untracked 
| 707|0x00000000ee900000, 0x00000000eea00000, 0x00000000eea00000|100%| O|  |TAMS 0x00000000ee900000, 0x00000000ee900000| Untracked 
| 708|0x00000000eea00000, 0x00000000eeb00000, 0x00000000eeb00000|100%| O|  |TAMS 0x00000000eea00000, 0x00000000eea00000| Untracked 
| 709|0x00000000eeb00000, 0x00000000eebffff8, 0x00000000eec00000| 99%| O|  |TAMS 0x00000000eeb00000, 0x00000000eeb00000| Untracked 
| 710|0x00000000eec00000, 0x00000000eed00000, 0x00000000eed00000|100%| O|  |TAMS 0x00000000eec00000, 0x00000000eec00000| Untracked 
| 711|0x00000000eed00000, 0x00000000eedfffe8, 0x00000000eee00000| 99%| O|  |TAMS 0x00000000eed00000, 0x00000000eed00000| Untracked 
| 712|0x00000000eee00000, 0x00000000eeefffe8, 0x00000000eef00000| 99%| O|  |TAMS 0x00000000eee00000, 0x00000000eee00000| Untracked 
| 713|0x00000000eef00000, 0x00000000ef000000, 0x00000000ef000000|100%| O|  |TAMS 0x00000000eef00000, 0x00000000eef00000| Untracked 
| 714|0x00000000ef000000, 0x00000000ef0fffe0, 0x00000000ef100000| 99%| O|  |TAMS 0x00000000ef000000, 0x00000000ef000000| Untracked 
| 715|0x00000000ef100000, 0x00000000ef1ffff0, 0x00000000ef200000| 99%| O|  |TAMS 0x00000000ef100000, 0x00000000ef100000| Untracked 
| 716|0x00000000ef200000, 0x00000000ef2fff78, 0x00000000ef300000| 99%| O|  |TAMS 0x00000000ef200000, 0x00000000ef200000| Untracked 
| 717|0x00000000ef300000, 0x00000000ef3fffe8, 0x00000000ef400000| 99%| O|  |TAMS 0x00000000ef300000, 0x00000000ef300000| Untracked 
| 718|0x00000000ef400000, 0x00000000ef4ffff8, 0x00000000ef500000| 99%| O|  |TAMS 0x00000000ef400000, 0x00000000ef400000| Untracked 
| 719|0x00000000ef500000, 0x00000000ef600000, 0x00000000ef600000|100%| O|  |TAMS 0x00000000ef500000, 0x00000000ef500000| Untracked 
| 720|0x00000000ef600000, 0x00000000ef6ffff8, 0x00000000ef700000| 99%| O|  |TAMS 0x00000000ef600000, 0x00000000ef600000| Untracked 
| 721|0x00000000ef700000, 0x00000000ef800000, 0x00000000ef800000|100%| O|  |TAMS 0x00000000ef700000, 0x00000000ef700000| Untracked 
| 722|0x00000000ef800000, 0x00000000ef8ffff0, 0x00000000ef900000| 99%| O|  |TAMS 0x00000000ef800000, 0x00000000ef800000| Untracked 
| 723|0x00000000ef900000, 0x00000000efa00000, 0x00000000efa00000|100%| O|  |TAMS 0x00000000ef900000, 0x00000000ef900000| Untracked 
| 724|0x00000000efa00000, 0x00000000efafffe8, 0x00000000efb00000| 99%| O|  |TAMS 0x00000000efa00000, 0x00000000efa00000| Untracked 
| 725|0x00000000efb00000, 0x00000000efbfffe0, 0x00000000efc00000| 99%| O|  |TAMS 0x00000000efb00000, 0x00000000efb00000| Untracked 
| 726|0x00000000efc00000, 0x00000000efcfff88, 0x00000000efd00000| 99%| O|  |TAMS 0x00000000efc00000, 0x00000000efc00000| Untracked 
| 727|0x00000000efd00000, 0x00000000efdffff0, 0x00000000efe00000| 99%| O|  |TAMS 0x00000000efd00000, 0x00000000efd00000| Untracked 
| 728|0x00000000efe00000, 0x00000000eff00000, 0x00000000eff00000|100%| O|  |TAMS 0x00000000efe00000, 0x00000000efe00000| Untracked 
| 729|0x00000000eff00000, 0x00000000effffff0, 0x00000000f0000000| 99%| O|  |TAMS 0x00000000eff00000, 0x00000000eff00000| Untracked 
| 730|0x00000000f0000000, 0x00000000f0100000, 0x00000000f0100000|100%| O|  |TAMS 0x00000000f0000000, 0x00000000f0000000| Untracked 
| 731|0x00000000f0100000, 0x00000000f0200000, 0x00000000f0200000|100%| O|  |TAMS 0x00000000f0100000, 0x00000000f0100000| Untracked 
| 732|0x00000000f0200000, 0x00000000f02ffff8, 0x00000000f0300000| 99%| O|  |TAMS 0x00000000f0200000, 0x00000000f0200000| Untracked 
| 733|0x00000000f0300000, 0x00000000f03ffff8, 0x00000000f0400000| 99%| O|  |TAMS 0x00000000f0300000, 0x00000000f0300000| Untracked 
| 734|0x00000000f0400000, 0x00000000f0500000, 0x00000000f0500000|100%| O|  |TAMS 0x00000000f0400000, 0x00000000f0400000| Untracked 
| 735|0x00000000f0500000, 0x00000000f05ffff8, 0x00000000f0600000| 99%| O|  |TAMS 0x00000000f0500000, 0x00000000f0500000| Untracked 
| 736|0x00000000f0600000, 0x00000000f06fffe8, 0x00000000f0700000| 99%| O|  |TAMS 0x00000000f0600000, 0x00000000f0600000| Untracked 
| 737|0x00000000f0700000, 0x00000000f07ffff0, 0x00000000f0800000| 99%| O|  |TAMS 0x00000000f0700000, 0x00000000f0700000| Untracked 
| 738|0x00000000f0800000, 0x00000000f08ffff8, 0x00000000f0900000| 99%| O|  |TAMS 0x00000000f0800000, 0x00000000f0800000| Untracked 
| 739|0x00000000f0900000, 0x00000000f09ffff0, 0x00000000f0a00000| 99%| O|  |TAMS 0x00000000f0900000, 0x00000000f0900000| Untracked 
| 740|0x00000000f0a00000, 0x00000000f0b00000, 0x00000000f0b00000|100%| O|  |TAMS 0x00000000f0a00000, 0x00000000f0a00000| Untracked 
| 741|0x00000000f0b00000, 0x00000000f0bffff0, 0x00000000f0c00000| 99%| O|  |TAMS 0x00000000f0b00000, 0x00000000f0b00000| Untracked 
| 742|0x00000000f0c00000, 0x00000000f0cfff28, 0x00000000f0d00000| 99%| O|  |TAMS 0x00000000f0c00000, 0x00000000f0c00000| Untracked 
| 743|0x00000000f0d00000, 0x00000000f0dffff0, 0x00000000f0e00000| 99%| O|  |TAMS 0x00000000f0d00000, 0x00000000f0d00000| Untracked 
| 744|0x00000000f0e00000, 0x00000000f0effef0, 0x00000000f0f00000| 99%| O|  |TAMS 0x00000000f0e00000, 0x00000000f0e00000| Untracked 
| 745|0x00000000f0f00000, 0x00000000f0fffff8, 0x00000000f1000000| 99%| O|  |TAMS 0x00000000f0f00000, 0x00000000f0f00000| Untracked 
| 746|0x00000000f1000000, 0x00000000f10ffff0, 0x00000000f1100000| 99%| O|  |TAMS 0x00000000f1000000, 0x00000000f1000000| Untracked 
| 747|0x00000000f1100000, 0x00000000f11ffff8, 0x00000000f1200000| 99%| O|  |TAMS 0x00000000f1100000, 0x00000000f1100000| Untracked 
| 748|0x00000000f1200000, 0x00000000f12ffff8, 0x00000000f1300000| 99%| O|  |TAMS 0x00000000f1200000, 0x00000000f1200000| Untracked 
| 749|0x00000000f1300000, 0x00000000f1400000, 0x00000000f1400000|100%| O|  |TAMS 0x00000000f1300000, 0x00000000f1300000| Untracked 
| 750|0x00000000f1400000, 0x00000000f14ffff8, 0x00000000f1500000| 99%| O|  |TAMS 0x00000000f1400000, 0x00000000f1400000| Untracked 
| 751|0x00000000f1500000, 0x00000000f15ffff8, 0x00000000f1600000| 99%| O|  |TAMS 0x00000000f1500000, 0x00000000f1500000| Untracked 
| 752|0x00000000f1600000, 0x00000000f1700000, 0x00000000f1700000|100%| O|  |TAMS 0x00000000f1600000, 0x00000000f1600000| Untracked 
| 753|0x00000000f1700000, 0x00000000f1800000, 0x00000000f1800000|100%| O|  |TAMS 0x00000000f1700000, 0x00000000f1700000| Untracked 
| 754|0x00000000f1800000, 0x00000000f18fff78, 0x00000000f1900000| 99%| O|  |TAMS 0x00000000f1800000, 0x00000000f1800000| Untracked 
| 755|0x00000000f1900000, 0x00000000f19ffff0, 0x00000000f1a00000| 99%| O|  |TAMS 0x00000000f1900000, 0x00000000f1900000| Untracked 
| 756|0x00000000f1a00000, 0x00000000f1affff8, 0x00000000f1b00000| 99%| O|  |TAMS 0x00000000f1a00000, 0x00000000f1a00000| Untracked 
| 757|0x00000000f1b00000, 0x00000000f1bffff8, 0x00000000f1c00000| 99%| O|  |TAMS 0x00000000f1b00000, 0x00000000f1b00000| Untracked 
| 758|0x00000000f1c00000, 0x00000000f1cffff8, 0x00000000f1d00000| 99%| O|  |TAMS 0x00000000f1c00000, 0x00000000f1c00000| Untracked 
| 759|0x00000000f1d00000, 0x00000000f1e00000, 0x00000000f1e00000|100%| O|  |TAMS 0x00000000f1d00000, 0x00000000f1d00000| Untracked 
| 760|0x00000000f1e00000, 0x00000000f1effff8, 0x00000000f1f00000| 99%| O|  |TAMS 0x00000000f1e00000, 0x00000000f1e00000| Untracked 
| 761|0x00000000f1f00000, 0x00000000f2000000, 0x00000000f2000000|100%| O|  |TAMS 0x00000000f1f00000, 0x00000000f1f00000| Untracked 
| 762|0x00000000f2000000, 0x00000000f2100000, 0x00000000f2100000|100%| O|  |TAMS 0x00000000f2000000, 0x00000000f2000000| Untracked 
| 763|0x00000000f2100000, 0x00000000f2200000, 0x00000000f2200000|100%| O|  |TAMS 0x00000000f2100000, 0x00000000f2100000| Untracked 
| 764|0x00000000f2200000, 0x00000000f22ffff8, 0x00000000f2300000| 99%| O|  |TAMS 0x00000000f2200000, 0x00000000f2200000| Untracked 
| 765|0x00000000f2300000, 0x00000000f2400000, 0x00000000f2400000|100%| O|  |TAMS 0x00000000f2300000, 0x00000000f2300000| Untracked 
| 766|0x00000000f2400000, 0x00000000f2500000, 0x00000000f2500000|100%| O|  |TAMS 0x00000000f2400000, 0x00000000f2400000| Untracked 
| 767|0x00000000f2500000, 0x00000000f25fffe8, 0x00000000f2600000| 99%| O|  |TAMS 0x00000000f2500000, 0x00000000f2500000| Untracked 
| 768|0x00000000f2600000, 0x00000000f26ffff0, 0x00000000f2700000| 99%| O|  |TAMS 0x00000000f2600000, 0x00000000f2600000| Untracked 
| 769|0x00000000f2700000, 0x00000000f27ffff0, 0x00000000f2800000| 99%| O|  |TAMS 0x00000000f2700000, 0x00000000f2700000| Untracked 
| 770|0x00000000f2800000, 0x00000000f28ffff8, 0x00000000f2900000| 99%| O|  |TAMS 0x00000000f2800000, 0x00000000f2800000| Untracked 
| 771|0x00000000f2900000, 0x00000000f29ffff8, 0x00000000f2a00000| 99%| O|  |TAMS 0x00000000f2900000, 0x00000000f2900000| Untracked 
| 772|0x00000000f2a00000, 0x00000000f2affff8, 0x00000000f2b00000| 99%| O|  |TAMS 0x00000000f2a00000, 0x00000000f2a00000| Untracked 
| 773|0x00000000f2b00000, 0x00000000f2bffff8, 0x00000000f2c00000| 99%| O|  |TAMS 0x00000000f2b00000, 0x00000000f2b00000| Untracked 
| 774|0x00000000f2c00000, 0x00000000f2cfff78, 0x00000000f2d00000| 99%| O|  |TAMS 0x00000000f2c00000, 0x00000000f2c00000| Untracked 
| 775|0x00000000f2d00000, 0x00000000f2dfff80, 0x00000000f2e00000| 99%| O|  |TAMS 0x00000000f2d00000, 0x00000000f2d00000| Untracked 
| 776|0x00000000f2e00000, 0x00000000f2f00000, 0x00000000f2f00000|100%| O|  |TAMS 0x00000000f2e00000, 0x00000000f2e00000| Untracked 
| 777|0x00000000f2f00000, 0x00000000f3000000, 0x00000000f3000000|100%| O|  |TAMS 0x00000000f2f00000, 0x00000000f2f00000| Untracked 
| 778|0x00000000f3000000, 0x00000000f30ffff0, 0x00000000f3100000| 99%| O|  |TAMS 0x00000000f3000000, 0x00000000f3000000| Untracked 
| 779|0x00000000f3100000, 0x00000000f3200000, 0x00000000f3200000|100%| O|  |TAMS 0x00000000f3100000, 0x00000000f3100000| Untracked 
| 780|0x00000000f3200000, 0x00000000f3300000, 0x00000000f3300000|100%| O|  |TAMS 0x00000000f3200000, 0x00000000f3200000| Untracked 
| 781|0x00000000f3300000, 0x00000000f33ffff8, 0x00000000f3400000| 99%| O|  |TAMS 0x00000000f3300000, 0x00000000f3300000| Untracked 
| 782|0x00000000f3400000, 0x00000000f34ffff8, 0x00000000f3500000| 99%| O|  |TAMS 0x00000000f3400000, 0x00000000f3400000| Untracked 
| 783|0x00000000f3500000, 0x00000000f35ffff8, 0x00000000f3600000| 99%| O|  |TAMS 0x00000000f3500000, 0x00000000f3500000| Untracked 
| 784|0x00000000f3600000, 0x00000000f36fffe0, 0x00000000f3700000| 99%| O|  |TAMS 0x00000000f3600000, 0x00000000f3600000| Untracked 
| 785|0x00000000f3700000, 0x00000000f3800000, 0x00000000f3800000|100%| O|  |TAMS 0x00000000f3700000, 0x00000000f3700000| Untracked 
| 786|0x00000000f3800000, 0x00000000f3900000, 0x00000000f3900000|100%| O|  |TAMS 0x00000000f3800000, 0x00000000f3800000| Untracked 
| 787|0x00000000f3900000, 0x00000000f39fffe0, 0x00000000f3a00000| 99%| O|  |TAMS 0x00000000f3900000, 0x00000000f3900000| Untracked 
| 788|0x00000000f3a00000, 0x00000000f3affff8, 0x00000000f3b00000| 99%| O|  |TAMS 0x00000000f3a00000, 0x00000000f3a00000| Untracked 
| 789|0x00000000f3b00000, 0x00000000f3c00000, 0x00000000f3c00000|100%| O|  |TAMS 0x00000000f3b00000, 0x00000000f3b00000| Untracked 
| 790|0x00000000f3c00000, 0x00000000f3cfffe8, 0x00000000f3d00000| 99%| O|  |TAMS 0x00000000f3c00000, 0x00000000f3c00000| Untracked 
| 791|0x00000000f3d00000, 0x00000000f3e00000, 0x00000000f3e00000|100%| O|  |TAMS 0x00000000f3d00000, 0x00000000f3d00000| Untracked 
| 792|0x00000000f3e00000, 0x00000000f3f00000, 0x00000000f3f00000|100%| O|  |TAMS 0x00000000f3e00000, 0x00000000f3e00000| Untracked 
| 793|0x00000000f3f00000, 0x00000000f3fffff8, 0x00000000f4000000| 99%| O|  |TAMS 0x00000000f3f00000, 0x00000000f3f00000| Untracked 
| 794|0x00000000f4000000, 0x00000000f40fff60, 0x00000000f4100000| 99%| O|  |TAMS 0x00000000f4000000, 0x00000000f4000000| Untracked 
| 795|0x00000000f4100000, 0x00000000f41ffff0, 0x00000000f4200000| 99%| O|  |TAMS 0x00000000f4100000, 0x00000000f4100000| Untracked 
| 796|0x00000000f4200000, 0x00000000f42ffff0, 0x00000000f4300000| 99%| O|  |TAMS 0x00000000f4200000, 0x00000000f4200000| Untracked 
| 797|0x00000000f4300000, 0x00000000f4400000, 0x00000000f4400000|100%| O|  |TAMS 0x00000000f4300000, 0x00000000f4300000| Untracked 
| 798|0x00000000f4400000, 0x00000000f44ffff0, 0x00000000f4500000| 99%| O|  |TAMS 0x00000000f4400000, 0x00000000f4400000| Untracked 
| 799|0x00000000f4500000, 0x00000000f45ffff0, 0x00000000f4600000| 99%| O|  |TAMS 0x00000000f4500000, 0x00000000f4500000| Untracked 
| 800|0x00000000f4600000, 0x00000000f46fffe0, 0x00000000f4700000| 99%| O|  |TAMS 0x00000000f4600000, 0x00000000f4600000| Untracked 
| 801|0x00000000f4700000, 0x00000000f47ffff8, 0x00000000f4800000| 99%| O|  |TAMS 0x00000000f4700000, 0x00000000f4700000| Untracked 
| 802|0x00000000f4800000, 0x00000000f4900000, 0x00000000f4900000|100%| O|  |TAMS 0x00000000f4800000, 0x00000000f4800000| Untracked 
| 803|0x00000000f4900000, 0x00000000f49ffff8, 0x00000000f4a00000| 99%| O|  |TAMS 0x00000000f4900000, 0x00000000f4900000| Untracked 
| 804|0x00000000f4a00000, 0x00000000f4b00000, 0x00000000f4b00000|100%| O|  |TAMS 0x00000000f4a00000, 0x00000000f4a00000| Untracked 
| 805|0x00000000f4b00000, 0x00000000f4bffff8, 0x00000000f4c00000| 99%| O|  |TAMS 0x00000000f4b00000, 0x00000000f4b00000| Untracked 
| 806|0x00000000f4c00000, 0x00000000f4cffff8, 0x00000000f4d00000| 99%| O|  |TAMS 0x00000000f4c00000, 0x00000000f4c00000| Untracked 
| 807|0x00000000f4d00000, 0x00000000f4e00000, 0x00000000f4e00000|100%| O|  |TAMS 0x00000000f4d00000, 0x00000000f4d00000| Untracked 
| 808|0x00000000f4e00000, 0x00000000f4f00000, 0x00000000f4f00000|100%| O|  |TAMS 0x00000000f4e00000, 0x00000000f4e00000| Untracked 
| 809|0x00000000f4f00000, 0x00000000f5000000, 0x00000000f5000000|100%| O|  |TAMS 0x00000000f4f00000, 0x00000000f4f00000| Untracked 
| 810|0x00000000f5000000, 0x00000000f50ffff8, 0x00000000f5100000| 99%| O|  |TAMS 0x00000000f5000000, 0x00000000f5000000| Untracked 
| 811|0x00000000f5100000, 0x00000000f51ffff8, 0x00000000f5200000| 99%| O|  |TAMS 0x00000000f5100000, 0x00000000f5100000| Untracked 
| 812|0x00000000f5200000, 0x00000000f52ffff8, 0x00000000f5300000| 99%| O|  |TAMS 0x00000000f5200000, 0x00000000f5200000| Untracked 
| 813|0x00000000f5300000, 0x00000000f53ffff8, 0x00000000f5400000| 99%| O|  |TAMS 0x00000000f5300000, 0x00000000f5300000| Untracked 
| 814|0x00000000f5400000, 0x00000000f5500000, 0x00000000f5500000|100%| O|  |TAMS 0x00000000f5400000, 0x00000000f5400000| Untracked 
| 815|0x00000000f5500000, 0x00000000f55ffff8, 0x00000000f5600000| 99%| O|  |TAMS 0x00000000f5500000, 0x00000000f5500000| Untracked 
| 816|0x00000000f5600000, 0x00000000f56ffff8, 0x00000000f5700000| 99%| O|  |TAMS 0x00000000f5600000, 0x00000000f5600000| Untracked 
| 817|0x00000000f5700000, 0x00000000f57fffe0, 0x00000000f5800000| 99%| O|  |TAMS 0x00000000f5700000, 0x00000000f5700000| Untracked 
| 818|0x00000000f5800000, 0x00000000f58fffe8, 0x00000000f5900000| 99%| O|  |TAMS 0x00000000f5800000, 0x00000000f5800000| Untracked 
| 819|0x00000000f5900000, 0x00000000f5a00000, 0x00000000f5a00000|100%| O|  |TAMS 0x00000000f5900000, 0x00000000f5900000| Untracked 
| 820|0x00000000f5a00000, 0x00000000f5affff8, 0x00000000f5b00000| 99%| O|  |TAMS 0x00000000f5a00000, 0x00000000f5a00000| Untracked 
| 821|0x00000000f5b00000, 0x00000000f5bffff0, 0x00000000f5c00000| 99%| O|  |TAMS 0x00000000f5b00000, 0x00000000f5b00000| Untracked 
| 822|0x00000000f5c00000, 0x00000000f5cffff8, 0x00000000f5d00000| 99%| O|  |TAMS 0x00000000f5c00000, 0x00000000f5c00000| Untracked 
| 823|0x00000000f5d00000, 0x00000000f5dffff8, 0x00000000f5e00000| 99%| O|  |TAMS 0x00000000f5d00000, 0x00000000f5d00000| Untracked 
| 824|0x00000000f5e00000, 0x00000000f5f00000, 0x00000000f5f00000|100%| O|  |TAMS 0x00000000f5e00000, 0x00000000f5e00000| Untracked 
| 825|0x00000000f5f00000, 0x00000000f6000000, 0x00000000f6000000|100%| O|  |TAMS 0x00000000f5f00000, 0x00000000f5f00000| Untracked 
| 826|0x00000000f6000000, 0x00000000f60ffee0, 0x00000000f6100000| 99%| O|  |TAMS 0x00000000f6000000, 0x00000000f6000000| Untracked 
| 827|0x00000000f6100000, 0x00000000f61ffff8, 0x00000000f6200000| 99%| O|  |TAMS 0x00000000f6100000, 0x00000000f6100000| Untracked 
| 828|0x00000000f6200000, 0x00000000f62ffff8, 0x00000000f6300000| 99%| O|  |TAMS 0x00000000f6200000, 0x00000000f6200000| Untracked 
| 829|0x00000000f6300000, 0x00000000f63fffe8, 0x00000000f6400000| 99%| O|  |TAMS 0x00000000f6300000, 0x00000000f6300000| Untracked 
| 830|0x00000000f6400000, 0x00000000f6500000, 0x00000000f6500000|100%|HS|  |TAMS 0x00000000f6500000, 0x00000000f6400000| Untracked 
| 831|0x00000000f6500000, 0x00000000f6600000, 0x00000000f6600000|100%|HC|  |TAMS 0x00000000f6600000, 0x00000000f6500000| Untracked 
| 832|0x00000000f6600000, 0x00000000f6700000, 0x00000000f6700000|100%| O|  |TAMS 0x00000000f6600000, 0x00000000f6600000| Untracked 
| 833|0x00000000f6700000, 0x00000000f67fffd8, 0x00000000f6800000| 99%| O|  |TAMS 0x00000000f6700000, 0x00000000f6700000| Untracked 
| 834|0x00000000f6800000, 0x00000000f68fffd8, 0x00000000f6900000| 99%| O|  |TAMS 0x00000000f6800000, 0x00000000f6800000| Untracked 
| 835|0x00000000f6900000, 0x00000000f69ffff0, 0x00000000f6a00000| 99%| O|  |TAMS 0x00000000f6900000, 0x00000000f6900000| Untracked 
| 836|0x00000000f6a00000, 0x00000000f6affff0, 0x00000000f6b00000| 99%| O|  |TAMS 0x00000000f6a00000, 0x00000000f6a00000| Untracked 
| 837|0x00000000f6b00000, 0x00000000f6c00000, 0x00000000f6c00000|100%| O|  |TAMS 0x00000000f6b00000, 0x00000000f6b00000| Untracked 
| 838|0x00000000f6c00000, 0x00000000f6cffff8, 0x00000000f6d00000| 99%| O|  |TAMS 0x00000000f6c00000, 0x00000000f6c00000| Untracked 
| 839|0x00000000f6d00000, 0x00000000f6e00000, 0x00000000f6e00000|100%| O|  |TAMS 0x00000000f6d00000, 0x00000000f6d00000| Untracked 
| 840|0x00000000f6e00000, 0x00000000f6effff8, 0x00000000f6f00000| 99%| O|  |TAMS 0x00000000f6e00000, 0x00000000f6e00000| Untracked 
| 841|0x00000000f6f00000, 0x00000000f7000000, 0x00000000f7000000|100%| O|  |TAMS 0x00000000f6f00000, 0x00000000f6f00000| Untracked 
| 842|0x00000000f7000000, 0x00000000f7100000, 0x00000000f7100000|100%| O|  |TAMS 0x00000000f7000000, 0x00000000f7000000| Untracked 
| 843|0x00000000f7100000, 0x00000000f71fffe8, 0x00000000f7200000| 99%| O|  |TAMS 0x00000000f7100000, 0x00000000f7100000| Untracked 
| 844|0x00000000f7200000, 0x00000000f72ffff0, 0x00000000f7300000| 99%| O|  |TAMS 0x00000000f7200000, 0x00000000f7200000| Untracked 
| 845|0x00000000f7300000, 0x00000000f7400000, 0x00000000f7400000|100%| O|  |TAMS 0x00000000f7300000, 0x00000000f7300000| Untracked 
| 846|0x00000000f7400000, 0x00000000f74ffff8, 0x00000000f7500000| 99%| O|  |TAMS 0x00000000f7400000, 0x00000000f7400000| Untracked 
| 847|0x00000000f7500000, 0x00000000f7600000, 0x00000000f7600000|100%| O|  |TAMS 0x00000000f7500000, 0x00000000f7500000| Untracked 
| 848|0x00000000f7600000, 0x00000000f76fffe8, 0x00000000f7700000| 99%| O|  |TAMS 0x00000000f7600000, 0x00000000f7600000| Untracked 
| 849|0x00000000f7700000, 0x00000000f77ffff8, 0x00000000f7800000| 99%| O|  |TAMS 0x00000000f7700000, 0x00000000f7700000| Untracked 
| 850|0x00000000f7800000, 0x00000000f7900000, 0x00000000f7900000|100%| O|  |TAMS 0x00000000f7800000, 0x00000000f7800000| Untracked 
| 851|0x00000000f7900000, 0x00000000f79fff40, 0x00000000f7a00000| 99%| O|  |TAMS 0x00000000f7900000, 0x00000000f7900000| Untracked 
| 852|0x00000000f7a00000, 0x00000000f7b00000, 0x00000000f7b00000|100%| O|  |TAMS 0x00000000f7a00000, 0x00000000f7a00000| Untracked 
| 853|0x00000000f7b00000, 0x00000000f7bffff8, 0x00000000f7c00000| 99%| O|  |TAMS 0x00000000f7b00000, 0x00000000f7b00000| Untracked 
| 854|0x00000000f7c00000, 0x00000000f7d00000, 0x00000000f7d00000|100%| O|  |TAMS 0x00000000f7c00000, 0x00000000f7c00000| Untracked 
| 855|0x00000000f7d00000, 0x00000000f7dfffe8, 0x00000000f7e00000| 99%| O|  |TAMS 0x00000000f7d00000, 0x00000000f7d00000| Untracked 
| 856|0x00000000f7e00000, 0x00000000f7effff0, 0x00000000f7f00000| 99%| O|  |TAMS 0x00000000f7e00000, 0x00000000f7e00000| Untracked 
| 857|0x00000000f7f00000, 0x00000000f8000000, 0x00000000f8000000|100%| O|  |TAMS 0x00000000f7f00000, 0x00000000f7f00000| Untracked 
| 858|0x00000000f8000000, 0x00000000f80ffff8, 0x00000000f8100000| 99%| O|  |TAMS 0x00000000f8000000, 0x00000000f8000000| Untracked 
| 859|0x00000000f8100000, 0x00000000f8200000, 0x00000000f8200000|100%| O|  |TAMS 0x00000000f8100000, 0x00000000f8100000| Untracked 
| 860|0x00000000f8200000, 0x00000000f8300000, 0x00000000f8300000|100%| O|  |TAMS 0x00000000f8200000, 0x00000000f8200000| Untracked 
| 861|0x00000000f8300000, 0x00000000f83ffff8, 0x00000000f8400000| 99%| O|  |TAMS 0x00000000f8300000, 0x00000000f8300000| Untracked 
| 862|0x00000000f8400000, 0x00000000f84fffe8, 0x00000000f8500000| 99%| O|  |TAMS 0x00000000f8400000, 0x00000000f8400000| Untracked 
| 863|0x00000000f8500000, 0x00000000f85ffff0, 0x00000000f8600000| 99%| O|  |TAMS 0x00000000f8500000, 0x00000000f8500000| Untracked 
| 864|0x00000000f8600000, 0x00000000f86fffe8, 0x00000000f8700000| 99%| O|  |TAMS 0x00000000f8600000, 0x00000000f8600000| Untracked 
| 865|0x00000000f8700000, 0x00000000f87fff68, 0x00000000f8800000| 99%| O|  |TAMS 0x00000000f8700000, 0x00000000f8700000| Untracked 
| 866|0x00000000f8800000, 0x00000000f8900000, 0x00000000f8900000|100%| O|  |TAMS 0x00000000f8800000, 0x00000000f8800000| Untracked 
| 867|0x00000000f8900000, 0x00000000f89ffff8, 0x00000000f8a00000| 99%| O|  |TAMS 0x00000000f8900000, 0x00000000f8900000| Untracked 
| 868|0x00000000f8a00000, 0x00000000f8b00000, 0x00000000f8b00000|100%| O|  |TAMS 0x00000000f8a00000, 0x00000000f8a00000| Untracked 
| 869|0x00000000f8b00000, 0x00000000f8c00000, 0x00000000f8c00000|100%| O|  |TAMS 0x00000000f8b00000, 0x00000000f8b00000| Untracked 
| 870|0x00000000f8c00000, 0x00000000f8cffff8, 0x00000000f8d00000| 99%| O|  |TAMS 0x00000000f8c00000, 0x00000000f8c00000| Untracked 
| 871|0x00000000f8d00000, 0x00000000f8dffff8, 0x00000000f8e00000| 99%| O|  |TAMS 0x00000000f8d00000, 0x00000000f8d00000| Untracked 
| 872|0x00000000f8e00000, 0x00000000f8f00000, 0x00000000f8f00000|100%| O|  |TAMS 0x00000000f8e00000, 0x00000000f8e00000| Untracked 
| 873|0x00000000f8f00000, 0x00000000f8fffff0, 0x00000000f9000000| 99%| O|  |TAMS 0x00000000f8f00000, 0x00000000f8f00000| Untracked 
| 874|0x00000000f9000000, 0x00000000f90fffe8, 0x00000000f9100000| 99%| O|  |TAMS 0x00000000f9000000, 0x00000000f9000000| Untracked 
| 875|0x00000000f9100000, 0x00000000f91fffc8, 0x00000000f9200000| 99%| O|  |TAMS 0x00000000f9100000, 0x00000000f9100000| Untracked 
| 876|0x00000000f9200000, 0x00000000f92fffe8, 0x00000000f9300000| 99%| O|  |TAMS 0x00000000f9200000, 0x00000000f9200000| Untracked 
| 877|0x00000000f9300000, 0x00000000f93ffff8, 0x00000000f9400000| 99%| O|  |TAMS 0x00000000f9300000, 0x00000000f9300000| Untracked 
| 878|0x00000000f9400000, 0x00000000f94fffe8, 0x00000000f9500000| 99%| O|  |TAMS 0x00000000f9400000, 0x00000000f9400000| Untracked 
| 879|0x00000000f9500000, 0x00000000f95ffff8, 0x00000000f9600000| 99%| O|  |TAMS 0x00000000f9500000, 0x00000000f9500000| Untracked 
| 880|0x00000000f9600000, 0x00000000f96ffff0, 0x00000000f9700000| 99%| O|  |TAMS 0x00000000f9600000, 0x00000000f9600000| Untracked 
| 881|0x00000000f9700000, 0x00000000f97ffff8, 0x00000000f9800000| 99%| O|  |TAMS 0x00000000f9700000, 0x00000000f9700000| Untracked 
| 882|0x00000000f9800000, 0x00000000f9900000, 0x00000000f9900000|100%| O|  |TAMS 0x00000000f9800000, 0x00000000f9800000| Untracked 
| 883|0x00000000f9900000, 0x00000000f99ffff8, 0x00000000f9a00000| 99%| O|  |TAMS 0x00000000f9900000, 0x00000000f9900000| Untracked 
| 884|0x00000000f9a00000, 0x00000000f9afffe8, 0x00000000f9b00000| 99%| O|  |TAMS 0x00000000f9a00000, 0x00000000f9a00000| Untracked 
| 885|0x00000000f9b00000, 0x00000000f9bffff8, 0x00000000f9c00000| 99%| O|  |TAMS 0x00000000f9b00000, 0x00000000f9b00000| Untracked 
| 886|0x00000000f9c00000, 0x00000000f9d00000, 0x00000000f9d00000|100%| O|  |TAMS 0x00000000f9c00000, 0x00000000f9c00000| Untracked 
| 887|0x00000000f9d00000, 0x00000000f9dfffe8, 0x00000000f9e00000| 99%| O|  |TAMS 0x00000000f9d00000, 0x00000000f9d00000| Untracked 
| 888|0x00000000f9e00000, 0x00000000f9effff0, 0x00000000f9f00000| 99%| O|  |TAMS 0x00000000f9e00000, 0x00000000f9e00000| Untracked 
| 889|0x00000000f9f00000, 0x00000000f9fffff8, 0x00000000fa000000| 99%| O|  |TAMS 0x00000000f9f00000, 0x00000000f9f00000| Untracked 
| 890|0x00000000fa000000, 0x00000000fa0ffff8, 0x00000000fa100000| 99%| O|  |TAMS 0x00000000fa000000, 0x00000000fa000000| Untracked 
| 891|0x00000000fa100000, 0x00000000fa1ffff0, 0x00000000fa200000| 99%| O|  |TAMS 0x00000000fa100000, 0x00000000fa100000| Untracked 
| 892|0x00000000fa200000, 0x00000000fa2ffff0, 0x00000000fa300000| 99%| O|  |TAMS 0x00000000fa200000, 0x00000000fa200000| Untracked 
| 893|0x00000000fa300000, 0x00000000fa3ffff8, 0x00000000fa400000| 99%| O|  |TAMS 0x00000000fa300000, 0x00000000fa300000| Untracked 
| 894|0x00000000fa400000, 0x00000000fa4fffe8, 0x00000000fa500000| 99%| O|  |TAMS 0x00000000fa400000, 0x00000000fa400000| Untracked 
| 895|0x00000000fa500000, 0x00000000fa5ffff8, 0x00000000fa600000| 99%| O|  |TAMS 0x00000000fa500000, 0x00000000fa500000| Untracked 
| 896|0x00000000fa600000, 0x00000000fa6fff28, 0x00000000fa700000| 99%| O|  |TAMS 0x00000000fa600000, 0x00000000fa600000| Untracked 
| 897|0x00000000fa700000, 0x00000000fa800000, 0x00000000fa800000|100%| O|  |TAMS 0x00000000fa700000, 0x00000000fa700000| Untracked 
| 898|0x00000000fa800000, 0x00000000fa900000, 0x00000000fa900000|100%| O|  |TAMS 0x00000000fa800000, 0x00000000fa800000| Untracked 
| 899|0x00000000fa900000, 0x00000000fa9ffff8, 0x00000000faa00000| 99%| O|  |TAMS 0x00000000fa900000, 0x00000000fa900000| Untracked 
| 900|0x00000000faa00000, 0x00000000faaffff0, 0x00000000fab00000| 99%| O|  |TAMS 0x00000000faa00000, 0x00000000faa00000| Untracked 
| 901|0x00000000fab00000, 0x00000000fac00000, 0x00000000fac00000|100%| O|  |TAMS 0x00000000fab00000, 0x00000000fab00000| Untracked 
| 902|0x00000000fac00000, 0x00000000facfffb0, 0x00000000fad00000| 99%| O|  |TAMS 0x00000000fac00000, 0x00000000fac00000| Untracked 
| 903|0x00000000fad00000, 0x00000000fae00000, 0x00000000fae00000|100%| O|  |TAMS 0x00000000fad00000, 0x00000000fad00000| Untracked 
| 904|0x00000000fae00000, 0x00000000faeffff0, 0x00000000faf00000| 99%| O|  |TAMS 0x00000000fae00000, 0x00000000fae00000| Untracked 
| 905|0x00000000faf00000, 0x00000000fb000000, 0x00000000fb000000|100%| O|  |TAMS 0x00000000faf00000, 0x00000000faf00000| Untracked 
| 906|0x00000000fb000000, 0x00000000fb100000, 0x00000000fb100000|100%| O|  |TAMS 0x00000000fb000000, 0x00000000fb000000| Untracked 
| 907|0x00000000fb100000, 0x00000000fb1ffff0, 0x00000000fb200000| 99%| O|  |TAMS 0x00000000fb100000, 0x00000000fb100000| Untracked 
| 908|0x00000000fb200000, 0x00000000fb300000, 0x00000000fb300000|100%| O|  |TAMS 0x00000000fb200000, 0x00000000fb200000| Untracked 
| 909|0x00000000fb300000, 0x00000000fb3fffe8, 0x00000000fb400000| 99%| O|  |TAMS 0x00000000fb300000, 0x00000000fb300000| Untracked 
| 910|0x00000000fb400000, 0x00000000fb500000, 0x00000000fb500000|100%|HS|  |TAMS 0x00000000fb500000, 0x00000000fb400000| Untracked 
| 911|0x00000000fb500000, 0x00000000fb600000, 0x00000000fb600000|100%|HC|  |TAMS 0x00000000fb600000, 0x00000000fb500000| Untracked 
| 912|0x00000000fb600000, 0x00000000fb6ffff8, 0x00000000fb700000| 99%| O|  |TAMS 0x00000000fb600000, 0x00000000fb600000| Untracked 
| 913|0x00000000fb700000, 0x00000000fb7ffff0, 0x00000000fb800000| 99%| O|  |TAMS 0x00000000fb700000, 0x00000000fb700000| Untracked 
| 914|0x00000000fb800000, 0x00000000fb8ffff0, 0x00000000fb900000| 99%| O|  |TAMS 0x00000000fb800000, 0x00000000fb800000| Untracked 
| 915|0x00000000fb900000, 0x00000000fb9fff28, 0x00000000fba00000| 99%| O|  |TAMS 0x00000000fb900000, 0x00000000fb900000| Untracked 
| 916|0x00000000fba00000, 0x00000000fbaffff0, 0x00000000fbb00000| 99%| O|  |TAMS 0x00000000fba00000, 0x00000000fba00000| Untracked 
| 917|0x00000000fbb00000, 0x00000000fbbffff0, 0x00000000fbc00000| 99%| O|  |TAMS 0x00000000fbb00000, 0x00000000fbb00000| Untracked 
| 918|0x00000000fbc00000, 0x00000000fbcffff8, 0x00000000fbd00000| 99%| O|  |TAMS 0x00000000fbc00000, 0x00000000fbc00000| Untracked 
| 919|0x00000000fbd00000, 0x00000000fbdffff8, 0x00000000fbe00000| 99%| O|  |TAMS 0x00000000fbd00000, 0x00000000fbd00000| Untracked 
| 920|0x00000000fbe00000, 0x00000000fbefffe8, 0x00000000fbf00000| 99%| O|  |TAMS 0x00000000fbe00000, 0x00000000fbe00000| Untracked 
| 921|0x00000000fbf00000, 0x00000000fbfffff8, 0x00000000fc000000| 99%| O|  |TAMS 0x00000000fbf00000, 0x00000000fbf00000| Untracked 
| 922|0x00000000fc000000, 0x00000000fc100000, 0x00000000fc100000|100%| O|  |TAMS 0x00000000fc000000, 0x00000000fc000000| Untracked 
| 923|0x00000000fc100000, 0x00000000fc1ffff8, 0x00000000fc200000| 99%| O|  |TAMS 0x00000000fc100000, 0x00000000fc100000| Untracked 
| 924|0x00000000fc200000, 0x00000000fc2ffff0, 0x00000000fc300000| 99%| O|  |TAMS 0x00000000fc200000, 0x00000000fc200000| Untracked 
| 925|0x00000000fc300000, 0x00000000fc400000, 0x00000000fc400000|100%| O|  |TAMS 0x00000000fc300000, 0x00000000fc300000| Untracked 
| 926|0x00000000fc400000, 0x00000000fc500000, 0x00000000fc500000|100%| O|  |TAMS 0x00000000fc400000, 0x00000000fc400000| Untracked 
| 927|0x00000000fc500000, 0x00000000fc5ffff8, 0x00000000fc600000| 99%| O|  |TAMS 0x00000000fc500000, 0x00000000fc500000| Untracked 
| 928|0x00000000fc600000, 0x00000000fc6fffe8, 0x00000000fc700000| 99%| O|  |TAMS 0x00000000fc600000, 0x00000000fc600000| Untracked 
| 929|0x00000000fc700000, 0x00000000fc800000, 0x00000000fc800000|100%| O|  |TAMS 0x00000000fc700000, 0x00000000fc700000| Untracked 
| 930|0x00000000fc800000, 0x00000000fc8ffff8, 0x00000000fc900000| 99%| O|  |TAMS 0x00000000fc800000, 0x00000000fc800000| Untracked 
| 931|0x00000000fc900000, 0x00000000fca00000, 0x00000000fca00000|100%| O|  |TAMS 0x00000000fc900000, 0x00000000fc900000| Untracked 
| 932|0x00000000fca00000, 0x00000000fcafffe8, 0x00000000fcb00000| 99%| O|  |TAMS 0x00000000fca00000, 0x00000000fca00000| Untracked 
| 933|0x00000000fcb00000, 0x00000000fcc00000, 0x00000000fcc00000|100%| O|  |TAMS 0x00000000fcb00000, 0x00000000fcb00000| Untracked 
| 934|0x00000000fcc00000, 0x00000000fccffff8, 0x00000000fcd00000| 99%| O|  |TAMS 0x00000000fcc00000, 0x00000000fcc00000| Untracked 
| 935|0x00000000fcd00000, 0x00000000fcdfffe8, 0x00000000fce00000| 99%| O|  |TAMS 0x00000000fcd00000, 0x00000000fcd00000| Untracked 
| 936|0x00000000fce00000, 0x00000000fcefffe8, 0x00000000fcf00000| 99%| O|  |TAMS 0x00000000fce00000, 0x00000000fce00000| Untracked 
| 937|0x00000000fcf00000, 0x00000000fd000000, 0x00000000fd000000|100%| O|  |TAMS 0x00000000fcf00000, 0x00000000fcf00000| Untracked 
| 938|0x00000000fd000000, 0x00000000fd0fffe8, 0x00000000fd100000| 99%| O|  |TAMS 0x00000000fd000000, 0x00000000fd000000| Untracked 
| 939|0x00000000fd100000, 0x00000000fd1ffff8, 0x00000000fd200000| 99%| O|  |TAMS 0x00000000fd100000, 0x00000000fd100000| Untracked 
| 940|0x00000000fd200000, 0x00000000fd2ffff8, 0x00000000fd300000| 99%| O|  |TAMS 0x00000000fd200000, 0x00000000fd200000| Untracked 
| 941|0x00000000fd300000, 0x00000000fd400000, 0x00000000fd400000|100%| O|  |TAMS 0x00000000fd300000, 0x00000000fd300000| Untracked 
| 942|0x00000000fd400000, 0x00000000fd4ffff0, 0x00000000fd500000| 99%| O|  |TAMS 0x00000000fd400000, 0x00000000fd400000| Untracked 
| 943|0x00000000fd500000, 0x00000000fd5fffe8, 0x00000000fd600000| 99%| O|  |TAMS 0x00000000fd500000, 0x00000000fd500000| Untracked 
| 944|0x00000000fd600000, 0x00000000fd700000, 0x00000000fd700000|100%| O|  |TAMS 0x00000000fd600000, 0x00000000fd600000| Untracked 
| 945|0x00000000fd700000, 0x00000000fd7fff30, 0x00000000fd800000| 99%| O|  |TAMS 0x00000000fd700000, 0x00000000fd700000| Untracked 
| 946|0x00000000fd800000, 0x00000000fd8fffe0, 0x00000000fd900000| 99%| O|  |TAMS 0x00000000fd800000, 0x00000000fd800000| Untracked 
| 947|0x00000000fd900000, 0x00000000fda00000, 0x00000000fda00000|100%| O|  |TAMS 0x00000000fd900000, 0x00000000fd900000| Untracked 
| 948|0x00000000fda00000, 0x00000000fdaffff8, 0x00000000fdb00000| 99%| O|  |TAMS 0x00000000fda00000, 0x00000000fda00000| Untracked 
| 949|0x00000000fdb00000, 0x00000000fdbffff8, 0x00000000fdc00000| 99%| O|  |TAMS 0x00000000fdb00000, 0x00000000fdb00000| Untracked 
| 950|0x00000000fdc00000, 0x00000000fdcffff0, 0x00000000fdd00000| 99%| O|  |TAMS 0x00000000fdc00000, 0x00000000fdc00000| Untracked 
| 951|0x00000000fdd00000, 0x00000000fddffff8, 0x00000000fde00000| 99%| O|  |TAMS 0x00000000fdd00000, 0x00000000fdd00000| Untracked 
| 952|0x00000000fde00000, 0x00000000fdeffff8, 0x00000000fdf00000| 99%| O|  |TAMS 0x00000000fde00000, 0x00000000fde00000| Untracked 
| 953|0x00000000fdf00000, 0x00000000fdfffef0, 0x00000000fe000000| 99%| O|  |TAMS 0x00000000fdf00000, 0x00000000fdf00000| Untracked 
| 954|0x00000000fe000000, 0x00000000fe100000, 0x00000000fe100000|100%| O|  |TAMS 0x00000000fe000000, 0x00000000fe000000| Untracked 
| 955|0x00000000fe100000, 0x00000000fe1fff30, 0x00000000fe200000| 99%| O|  |TAMS 0x00000000fe100000, 0x00000000fe100000| Untracked 
| 956|0x00000000fe200000, 0x00000000fe2fffe8, 0x00000000fe300000| 99%| O|  |TAMS 0x00000000fe200000, 0x00000000fe200000| Untracked 
| 957|0x00000000fe300000, 0x00000000fe3ffff8, 0x00000000fe400000| 99%| O|  |TAMS 0x00000000fe300000, 0x00000000fe300000| Untracked 
| 958|0x00000000fe400000, 0x00000000fe4ffff8, 0x00000000fe500000| 99%| O|  |TAMS 0x00000000fe400000, 0x00000000fe400000| Untracked 
| 959|0x00000000fe500000, 0x00000000fe5fffe0, 0x00000000fe600000| 99%| O|  |TAMS 0x00000000fe500000, 0x00000000fe500000| Untracked 
| 960|0x00000000fe600000, 0x00000000fe700000, 0x00000000fe700000|100%| O|  |TAMS 0x00000000fe600000, 0x00000000fe600000| Untracked 
| 961|0x00000000fe700000, 0x00000000fe800000, 0x00000000fe800000|100%| O|  |TAMS 0x00000000fe700000, 0x00000000fe700000| Untracked 
| 962|0x00000000fe800000, 0x00000000fe900000, 0x00000000fe900000|100%| O|  |TAMS 0x00000000fe800000, 0x00000000fe800000| Untracked 
| 963|0x00000000fe900000, 0x00000000fea00000, 0x00000000fea00000|100%| O|  |TAMS 0x00000000fe900000, 0x00000000fe900000| Untracked 
| 964|0x00000000fea00000, 0x00000000feaffff8, 0x00000000feb00000| 99%| O|  |TAMS 0x00000000fea00000, 0x00000000fea00000| Untracked 
| 965|0x00000000feb00000, 0x00000000febffff8, 0x00000000fec00000| 99%| O|  |TAMS 0x00000000feb00000, 0x00000000feb00000| Untracked 
| 966|0x00000000fec00000, 0x00000000fecffff0, 0x00000000fed00000| 99%| O|  |TAMS 0x00000000fec00000, 0x00000000fec00000| Untracked 
| 967|0x00000000fed00000, 0x00000000fedffff0, 0x00000000fee00000| 99%| O|  |TAMS 0x00000000fed00000, 0x00000000fed00000| Untracked 
| 968|0x00000000fee00000, 0x00000000fef00000, 0x00000000fef00000|100%| O|  |TAMS 0x00000000fee00000, 0x00000000fee00000| Untracked 
| 969|0x00000000fef00000, 0x00000000ff000000, 0x00000000ff000000|100%| O|  |TAMS 0x00000000fef00000, 0x00000000fef00000| Untracked 
| 970|0x00000000ff000000, 0x00000000ff0fffd0, 0x00000000ff100000| 99%| O|  |TAMS 0x00000000ff000000, 0x00000000ff000000| Untracked 
| 971|0x00000000ff100000, 0x00000000ff1ffff0, 0x00000000ff200000| 99%| O|  |TAMS 0x00000000ff100000, 0x00000000ff100000| Untracked 
| 972|0x00000000ff200000, 0x00000000ff2ffff8, 0x00000000ff300000| 99%| O|  |TAMS 0x00000000ff200000, 0x00000000ff200000| Untracked 
| 973|0x00000000ff300000, 0x00000000ff3ffff8, 0x00000000ff400000| 99%| O|  |TAMS 0x00000000ff300000, 0x00000000ff300000| Untracked 
| 974|0x00000000ff400000, 0x00000000ff500000, 0x00000000ff500000|100%| O|  |TAMS 0x00000000ff400000, 0x00000000ff400000| Untracked 
| 975|0x00000000ff500000, 0x00000000ff5ffff0, 0x00000000ff600000| 99%| O|  |TAMS 0x00000000ff500000, 0x00000000ff500000| Untracked 
| 976|0x00000000ff600000, 0x00000000ff6ffff0, 0x00000000ff700000| 99%| O|  |TAMS 0x00000000ff600000, 0x00000000ff600000| Untracked 
| 977|0x00000000ff700000, 0x00000000ff800000, 0x00000000ff800000|100%| O|  |TAMS 0x00000000ff700000, 0x00000000ff700000| Untracked 
| 978|0x00000000ff800000, 0x00000000ff8045d8, 0x00000000ff900000|  1%| O|  |TAMS 0x00000000ff800000, 0x00000000ff800000| Untracked 
| 979|0x00000000ff900000, 0x00000000ff9fffe8, 0x00000000ffa00000| 99%| O|  |TAMS 0x00000000ff900000, 0x00000000ff900000| Untracked 
| 980|0x00000000ffa00000, 0x00000000ffb00000, 0x00000000ffb00000|100%| O|  |TAMS 0x00000000ffa00000, 0x00000000ffa00000| Untracked 
| 981|0x00000000ffb00000, 0x00000000ffbffff0, 0x00000000ffc00000| 99%| O|  |TAMS 0x00000000ffb00000, 0x00000000ffb00000| Untracked 
| 982|0x00000000ffc00000, 0x00000000ffcfffa8, 0x00000000ffd00000| 99%| O|  |TAMS 0x00000000ffc00000, 0x00000000ffc00000| Untracked 
| 983|0x00000000ffd00000, 0x00000000ffe00000, 0x00000000ffe00000|100%| O|  |TAMS 0x00000000ffd00000, 0x00000000ffd00000| Untracked 
| 984|0x00000000ffe00000, 0x00000000fff00000, 0x00000000fff00000|100%| O|  |TAMS 0x00000000ffe00000, 0x00000000ffe00000| Untracked 
| 985|0x00000000fff00000, 0x00000000fffffff0, 0x0000000100000000| 99%| O|  |TAMS 0x00000000fff00000, 0x00000000fff00000| Untracked 

Card table byte_map: [0x0000029ef94a0000,0x0000029ef9690000] _byte_map_base: 0x0000029ef8e8d000

Marking Bits (Prev, Next): (CMBitMap*) 0x0000029ef171db60, (CMBitMap*) 0x0000029ef171dba0
 Prev Bits: [0x0000029ef9880000, 0x0000029efa7e8000)
 Next Bits: [0x0000029efa7f0000, 0x0000029efb758000)

Polling page: 0x0000029eef6c0000

Metaspace:

Usage:
  Non-class:     14.88 MB used.
      Class:      2.29 MB used.
       Both:     17.16 MB used.

Virtual space:
  Non-class space:       64.00 MB reserved,      15.00 MB ( 23%) committed,  1 nodes.
      Class space:        1.00 GB reserved,       2.38 MB ( <1%) committed,  1 nodes.
             Both:        1.06 GB reserved,      17.38 MB (  2%) committed. 

Chunk freelists:
   Non-Class:  1.08 MB
       Class:  13.61 MB
        Both:  14.69 MB

MaxMetaspaceSize: unlimited
CompressedClassSpaceSize: 1.00 GB
Initial GC threshold: 21.00 MB
Current GC threshold: 28.75 MB
CDS: on
MetaspaceReclaimPolicy: balanced
 - commit_granule_bytes: 65536.
 - commit_granule_words: 8192.
 - virtual_space_node_default_size: 8388608.
 - enlarge_chunks_in_place: 1.
 - new_chunks_are_fully_committed: 0.
 - uncommit_free_chunks: 1.
 - use_allocation_guard: 0.
 - handle_deallocations: 1.


Internal statistics:

num_allocs_failed_limit: 0.
num_arena_births: 186.
num_arena_deaths: 62.
num_vsnodes_births: 2.
num_vsnodes_deaths: 0.
num_space_committed: 278.
num_space_uncommitted: 0.
num_chunks_returned_to_freelist: 63.
num_chunks_taken_from_freelist: 721.
num_chunk_merges: 21.
num_chunk_splits: 517.
num_chunks_enlarged: 429.
num_purges: 4.
num_inconsistent_stats: 0.

CodeHeap 'non-profiled nmethods': size=120000Kb used=3419Kb max_used=3419Kb free=116580Kb
 bounds [0x0000029e87ad0000, 0x0000029e87e30000, 0x0000029e8f000000]
CodeHeap 'profiled nmethods': size=120000Kb used=8841Kb max_used=9620Kb free=111158Kb
 bounds [0x0000029e80000000, 0x0000029e80990000, 0x0000029e87530000]
CodeHeap 'non-nmethods': size=5760Kb used=1441Kb max_used=1510Kb free=4319Kb
 bounds [0x0000029e87530000, 0x0000029e877a0000, 0x0000029e87ad0000]
 total_blobs=5498 nmethods=4692 adapters=717
 compilation: enabled
              stopped_count=0, restarted_count=0
 full_count=0

Compilation events (20 events):
Event: 172.089 Thread 0x0000029efe125410 5515       3       com.sun.javafx.sg.prism.NGRegion::updateBackground (261 bytes)
Event: 172.092 Thread 0x0000029efe125410 nmethod 5515 0x0000029e806d6890 code [0x0000029e806d6bc0, 0x0000029e806d8448]
Event: 172.310 Thread 0x0000029efe125410 5516       3       java.util.stream.AbstractPipeline::evaluate (94 bytes)
Event: 172.312 Thread 0x0000029efe125410 nmethod 5516 0x0000029e8050ae10 code [0x0000029e8050b040, 0x0000029e8050b6e8]
Event: 172.321 Thread 0x0000029efe11c550 5517       4       javafx.scene.layout.Region::layoutInArea (28 bytes)
Event: 172.352 Thread 0x0000029efe125410 5520       3       javafx.scene.control.skin.LabeledSkinBase::computeMinLabeledPartWidth (310 bytes)
Event: 172.360 Thread 0x0000029efe125410 nmethod 5520 0x0000029e802f6890 code [0x0000029e802f6e80, 0x0000029e802fab38]
Event: 172.360 Thread 0x0000029efe125410 5521       3       javafx.scene.control.skin.LabeledSkinBase::computeMinLabeledPartHeight (194 bytes)
Event: 172.363 Thread 0x0000029efe125410 nmethod 5521 0x0000029e8063d110 code [0x0000029e8063d700, 0x0000029e80641768]
Event: 172.365 Thread 0x0000029efe11c550 nmethod 5517 0x0000029e87e20210 code [0x0000029e87e204e0, 0x0000029e87e21680]
Event: 172.365 Thread 0x0000029efe11c550 5518       4       java.util.EnumMap$ValueIterator::next (50 bytes)
Event: 172.367 Thread 0x0000029efe11c550 nmethod 5518 0x0000029e87e22810 code [0x0000029e87e229a0, 0x0000029e87e22bb8]
Event: 172.367 Thread 0x0000029efe11c550 5519       4       javafx.scene.Scene$ClickCounter::moved (52 bytes)
Event: 172.368 Thread 0x0000029efe11c550 nmethod 5519 0x0000029e87e22e10 code [0x0000029e87e23000, 0x0000029e87e23238]
Event: 173.343 Thread 0x0000029efe11c550 5522   !   4       java.util.concurrent.locks.AbstractQueuedSynchronizer::acquire (407 bytes)
Event: 173.364 Thread 0x0000029efe11c550 nmethod 5522 0x0000029e87e23410 code [0x0000029e87e23600, 0x0000029e87e24aa8]
Event: 176.351 Thread 0x0000029efe11c550 5523       4       java.util.concurrent.locks.AbstractQueuedSynchronizer$ConditionObject::doSignal (54 bytes)
Event: 176.359 Thread 0x0000029efe11c550 nmethod 5523 0x0000029e87e25290 code [0x0000029e87e25420, 0x0000029e87e25a18]
Event: 180.896 Thread 0x0000029efe11c550 5524       4       java.util.concurrent.LinkedBlockingDeque::linkLast (69 bytes)
Event: 181.281 Thread 0x0000029efe11c550 nmethod 5524 0x0000029e87e25c90 code [0x0000029e87e25e20, 0x0000029e87e26938]

GC Heap History (20 events):
Event: 224.475 GC heap before
{Heap before GC invocations=227 (full 72):
 garbage-first heap   total 1009664K, used 1008642K [0x00000000c2600000, 0x0000000100000000)
  region size 1024K, 0 young (0K), 0 survivors (0K)
 Metaspace       used 17575K, committed 17792K, reserved 1114112K
  class space    used 2343K, committed 2432K, reserved 1048576K
}
Event: 225.071 GC heap after
{Heap after GC invocations=228 (full 73):
 garbage-first heap   total 1009664K, used 1008642K [0x00000000c2600000, 0x0000000100000000)
  region size 1024K, 0 young (0K), 0 survivors (0K)
 Metaspace       used 17575K, committed 17792K, reserved 1114112K
  class space    used 2343K, committed 2432K, reserved 1048576K
}
Event: 225.072 GC heap before
{Heap before GC invocations=228 (full 73):
 garbage-first heap   total 1009664K, used 1008642K [0x00000000c2600000, 0x0000000100000000)
  region size 1024K, 0 young (0K), 0 survivors (0K)
 Metaspace       used 17575K, committed 17792K, reserved 1114112K
  class space    used 2343K, committed 2432K, reserved 1048576K
}
Event: 225.073 GC heap after
{Heap after GC invocations=229 (full 73):
 garbage-first heap   total 1009664K, used 1008642K [0x00000000c2600000, 0x0000000100000000)
  region size 1024K, 0 young (0K), 0 survivors (0K)
 Metaspace       used 17575K, committed 17792K, reserved 1114112K
  class space    used 2343K, committed 2432K, reserved 1048576K
}
Event: 225.073 GC heap before
{Heap before GC invocations=229 (full 73):
 garbage-first heap   total 1009664K, used 1008642K [0x00000000c2600000, 0x0000000100000000)
  region size 1024K, 0 young (0K), 0 survivors (0K)
 Metaspace       used 17575K, committed 17792K, reserved 1114112K
  class space    used 2343K, committed 2432K, reserved 1048576K
}
Event: 225.585 GC heap after
{Heap after GC invocations=230 (full 74):
 garbage-first heap   total 1009664K, used 1008642K [0x00000000c2600000, 0x0000000100000000)
  region size 1024K, 0 young (0K), 0 survivors (0K)
 Metaspace       used 17575K, committed 17792K, reserved 1114112K
  class space    used 2343K, committed 2432K, reserved 1048576K
}
Event: 225.585 GC heap before
{Heap before GC invocations=230 (full 74):
 garbage-first heap   total 1009664K, used 1008642K [0x00000000c2600000, 0x0000000100000000)
  region size 1024K, 0 young (0K), 0 survivors (0K)
 Metaspace       used 17575K, committed 17792K, reserved 1114112K
  class space    used 2343K, committed 2432K, reserved 1048576K
}
Event: 226.235 GC heap after
{Heap after GC invocations=231 (full 75):
 garbage-first heap   total 1009664K, used 1008642K [0x00000000c2600000, 0x0000000100000000)
  region size 1024K, 0 young (0K), 0 survivors (0K)
 Metaspace       used 17575K, committed 17792K, reserved 1114112K
  class space    used 2343K, committed 2432K, reserved 1048576K
}
Event: 226.236 GC heap before
{Heap before GC invocations=231 (full 75):
 garbage-first heap   total 1009664K, used 1008642K [0x00000000c2600000, 0x0000000100000000)
  region size 1024K, 0 young (0K), 0 survivors (0K)
 Metaspace       used 17575K, committed 17792K, reserved 1114112K
  class space    used 2343K, committed 2432K, reserved 1048576K
}
Event: 226.236 GC heap after
{Heap after GC invocations=232 (full 75):
 garbage-first heap   total 1009664K, used 1008642K [0x00000000c2600000, 0x0000000100000000)
  region size 1024K, 0 young (0K), 0 survivors (0K)
 Metaspace       used 17575K, committed 17792K, reserved 1114112K
  class space    used 2343K, committed 2432K, reserved 1048576K
}
Event: 226.236 GC heap before
{Heap before GC invocations=232 (full 75):
 garbage-first heap   total 1009664K, used 1008642K [0x00000000c2600000, 0x0000000100000000)
  region size 1024K, 0 young (0K), 0 survivors (0K)
 Metaspace       used 17575K, committed 17792K, reserved 1114112K
  class space    used 2343K, committed 2432K, reserved 1048576K
}
Event: 226.773 GC heap after
{Heap after GC invocations=233 (full 76):
 garbage-first heap   total 1009664K, used 1008642K [0x00000000c2600000, 0x0000000100000000)
  region size 1024K, 0 young (0K), 0 survivors (0K)
 Metaspace       used 17575K, committed 17792K, reserved 1114112K
  class space    used 2343K, committed 2432K, reserved 1048576K
}
Event: 226.774 GC heap before
{Heap before GC invocations=233 (full 76):
 garbage-first heap   total 1009664K, used 1008642K [0x00000000c2600000, 0x0000000100000000)
  region size 1024K, 0 young (0K), 0 survivors (0K)
 Metaspace       used 17575K, committed 17792K, reserved 1114112K
  class space    used 2343K, committed 2432K, reserved 1048576K
}
Event: 227.415 GC heap after
{Heap after GC invocations=234 (full 77):
 garbage-first heap   total 1009664K, used 1008642K [0x00000000c2600000, 0x0000000100000000)
  region size 1024K, 0 young (0K), 0 survivors (0K)
 Metaspace       used 17575K, committed 17792K, reserved 1114112K
  class space    used 2343K, committed 2432K, reserved 1048576K
}
Event: 227.415 GC heap before
{Heap before GC invocations=234 (full 77):
 garbage-first heap   total 1009664K, used 1008642K [0x00000000c2600000, 0x0000000100000000)
  region size 1024K, 0 young (0K), 0 survivors (0K)
 Metaspace       used 17575K, committed 17792K, reserved 1114112K
  class space    used 2343K, committed 2432K, reserved 1048576K
}
Event: 227.416 GC heap after
{Heap after GC invocations=235 (full 77):
 garbage-first heap   total 1009664K, used 1008642K [0x00000000c2600000, 0x0000000100000000)
  region size 1024K, 0 young (0K), 0 survivors (0K)
 Metaspace       used 17575K, committed 17792K, reserved 1114112K
  class space    used 2343K, committed 2432K, reserved 1048576K
}
Event: 227.416 GC heap before
{Heap before GC invocations=235 (full 77):
 garbage-first heap   total 1009664K, used 1008642K [0x00000000c2600000, 0x0000000100000000)
  region size 1024K, 0 young (0K), 0 survivors (0K)
 Metaspace       used 17575K, committed 17792K, reserved 1114112K
  class space    used 2343K, committed 2432K, reserved 1048576K
}
Event: 227.952 GC heap after
{Heap after GC invocations=236 (full 78):
 garbage-first heap   total 1009664K, used 1008642K [0x00000000c2600000, 0x0000000100000000)
  region size 1024K, 0 young (0K), 0 survivors (0K)
 Metaspace       used 17575K, committed 17792K, reserved 1114112K
  class space    used 2343K, committed 2432K, reserved 1048576K
}
Event: 227.953 GC heap before
{Heap before GC invocations=236 (full 78):
 garbage-first heap   total 1009664K, used 1008642K [0x00000000c2600000, 0x0000000100000000)
  region size 1024K, 0 young (0K), 0 survivors (0K)
 Metaspace       used 17575K, committed 17792K, reserved 1114112K
  class space    used 2343K, committed 2432K, reserved 1048576K
}
Event: 228.642 GC heap after
{Heap after GC invocations=237 (full 79):
 garbage-first heap   total 1009664K, used 1008642K [0x00000000c2600000, 0x0000000100000000)
  region size 1024K, 0 young (0K), 0 survivors (0K)
 Metaspace       used 17575K, committed 17792K, reserved 1114112K
  class space    used 2343K, committed 2432K, reserved 1048576K
}

Deoptimization events (20 events):
Event: 56.512 Thread 0x0000029efeabc880 Uncommon trap: trap_request=0xffffffde fr.pc=0x0000029e87cb3e50 relative=0x0000000000003130
Event: 56.512 Thread 0x0000029efeabc880 Uncommon trap: reason=class_check action=maybe_recompile pc=0x0000029e87cb3e50 method=javafx.scene.Parent$2.onChanged(Ljavafx/collections/ListChangeListener$Change;)V @ 559 c2
Event: 56.512 Thread 0x0000029efeabc880 DEOPT PACKING pc=0x0000029e87cb3e50 sp=0x000000d53acfe280
Event: 56.512 Thread 0x0000029efeabc880 DEOPT UNPACKING pc=0x0000029e875823a3 sp=0x000000d53acfe250 mode 2
Event: 59.056 Thread 0x0000029efeabc880 DEOPT PACKING pc=0x0000029e807b1e09 sp=0x000000d53acfe610
Event: 59.056 Thread 0x0000029efeabc880 DEOPT UNPACKING pc=0x0000029e87582b43 sp=0x000000d53acfdaf0 mode 0
Event: 60.492 Thread 0x0000029efeabc880 DEOPT PACKING pc=0x0000029e805d2d5e sp=0x000000d53acfcfd0
Event: 60.492 Thread 0x0000029efeabc880 DEOPT UNPACKING pc=0x0000029e87582b43 sp=0x000000d53acfc490 mode 0
Event: 165.105 Thread 0x0000029efed032a0 Uncommon trap: trap_request=0xffffff45 fr.pc=0x0000029e87dfb2fc relative=0x000000000000107c
Event: 165.106 Thread 0x0000029efed032a0 Uncommon trap: reason=unstable_if action=reinterpret pc=0x0000029e87dfb2fc method=java.util.concurrent.locks.ReentrantLock$NonfairSync.tryAcquire(I)Z @ 4 c2
Event: 165.106 Thread 0x0000029efed032a0 DEOPT PACKING pc=0x0000029e87dfb2fc sp=0x000000d53b0ff600
Event: 165.106 Thread 0x0000029efed032a0 DEOPT UNPACKING pc=0x0000029e875823a3 sp=0x000000d53b0ff228 mode 2
Event: 171.584 Thread 0x0000029efeabc880 Uncommon trap: trap_request=0xffffff5c fr.pc=0x0000029e87df96c0 relative=0x0000000000000e60
Event: 171.584 Thread 0x0000029efeabc880 Uncommon trap: reason=speculate_null_check action=make_not_entrant pc=0x0000029e87df96c0 method=java.util.concurrent.locks.AbstractQueuedSynchronizer.acquire(Ljava/util/concurrent/locks/AbstractQueuedSynchronizer$Node;IZZZJ)I @ 254 c2
Event: 171.584 Thread 0x0000029efeabc880 DEOPT PACKING pc=0x0000029e87df96c0 sp=0x000000d53acfe9b0
Event: 171.584 Thread 0x0000029efeabc880 DEOPT UNPACKING pc=0x0000029e875823a3 sp=0x000000d53acfe950 mode 2
Event: 186.986 Thread 0x0000029efeabc880 DEOPT PACKING pc=0x0000029e87da37fc sp=0x000000d53acfe9f0
Event: 186.986 Thread 0x0000029efeabc880 DEOPT UNPACKING pc=0x0000029e87582b43 sp=0x000000d53acfdd40 mode 1
Event: 190.325 Thread 0x0000029efea579e0 DEOPT PACKING pc=0x0000029e87e08a9c sp=0x000000d53abff000
Event: 190.325 Thread 0x0000029efea579e0 DEOPT UNPACKING pc=0x0000029e87582b43 sp=0x000000d53abfe4b0 mode 1

Classes unloaded (20 events):
Event: 148.916 Thread 0x0000029ef17ad1b0 Unloading class 0x0000029e90013000 'java/lang/invoke/LambdaForm$MH+0x0000029e90013000'
Event: 148.916 Thread 0x0000029ef17ad1b0 Unloading class 0x0000029e90012c00 'java/lang/invoke/LambdaForm$MH+0x0000029e90012c00'
Event: 148.916 Thread 0x0000029ef17ad1b0 Unloading class 0x0000029e90012800 'java/lang/invoke/LambdaForm$MH+0x0000029e90012800'
Event: 148.916 Thread 0x0000029ef17ad1b0 Unloading class 0x0000029e90012000 'java/lang/invoke/LambdaForm$MH+0x0000029e90012000'
Event: 148.916 Thread 0x0000029ef17ad1b0 Unloading class 0x0000029e90011800 'java/lang/invoke/LambdaForm$MH+0x0000029e90011800'
Event: 148.916 Thread 0x0000029ef17ad1b0 Unloading class 0x0000029e90011400 'java/lang/invoke/LambdaForm$MH+0x0000029e90011400'
Event: 148.916 Thread 0x0000029ef17ad1b0 Unloading class 0x0000029e90011000 'java/lang/invoke/LambdaForm$MH+0x0000029e90011000'
Event: 148.916 Thread 0x0000029ef17ad1b0 Unloading class 0x0000029e90010c00 'java/lang/invoke/LambdaForm$MH+0x0000029e90010c00'
Event: 148.916 Thread 0x0000029ef17ad1b0 Unloading class 0x0000029e90010400 'java/lang/invoke/LambdaForm$MH+0x0000029e90010400'
Event: 162.381 Thread 0x0000029ef17ad1b0 Unloading class 0x0000029e901e8400 'jdk/internal/reflect/GeneratedSerializationConstructorAccessor1'
Event: 162.381 Thread 0x0000029ef17ad1b0 Unloading class 0x0000029e90168c00 'java/lang/invoke/LambdaForm$MH+0x0000029e90168c00'
Event: 162.381 Thread 0x0000029ef17ad1b0 Unloading class 0x0000029e90168800 'java/lang/invoke/LambdaForm$MH+0x0000029e90168800'
Event: 162.381 Thread 0x0000029ef17ad1b0 Unloading class 0x0000029e90168400 'java/lang/invoke/LambdaForm$MH+0x0000029e90168400'
Event: 162.381 Thread 0x0000029ef17ad1b0 Unloading class 0x0000029e90168000 'java/lang/invoke/LambdaForm$MH+0x0000029e90168000'
Event: 162.381 Thread 0x0000029ef17ad1b0 Unloading class 0x0000029e9011a400 'java/lang/invoke/LambdaForm$MH+0x0000029e9011a400'
Event: 162.381 Thread 0x0000029ef17ad1b0 Unloading class 0x0000029e9011a000 'java/lang/invoke/LambdaForm$MH+0x0000029e9011a000'
Event: 162.381 Thread 0x0000029ef17ad1b0 Unloading class 0x0000029e90119c00 'java/lang/invoke/LambdaForm$MH+0x0000029e90119c00'
Event: 162.381 Thread 0x0000029ef17ad1b0 Unloading class 0x0000029e90119800 'java/lang/invoke/LambdaForm$MH+0x0000029e90119800'
Event: 162.381 Thread 0x0000029ef17ad1b0 Unloading class 0x0000029e90119400 'java/lang/invoke/LambdaForm$MH+0x0000029e90119400'
Event: 162.381 Thread 0x0000029ef17ad1b0 Unloading class 0x0000029e90119000 'java/lang/invoke/LambdaForm$MH+0x0000029e90119000'

Classes redefined (0 events):
No events

Internal exceptions (20 events):
Event: 35.861 Thread 0x0000029efeabc880 Implicit null exception at 0x0000029e87cf5aed to 0x0000029e87cf6164
Event: 35.861 Thread 0x0000029efeabc880 Implicit null exception at 0x0000029e87cf14c0 to 0x0000029e87cf1694
Event: 35.861 Thread 0x0000029efeabc880 Implicit null exception at 0x0000029e87cf8eaf to 0x0000029e87cf9430
Event: 186.986 Thread 0x0000029efeabc880 Exception <a 'java/lang/OutOfMemoryError'{0x00000000c27a5a40}> (0x00000000c27a5a40) 
thrown [s\open\src\hotspot\share\gc\shared\memAllocator.cpp, line 136]
Event: 189.247 Thread 0x0000029efea579e0 Exception <a 'java/lang/OutOfMemoryError'{0x00000000c27a5d10}> (0x00000000c27a5d10) 
thrown [s\open\src\hotspot\share\gc\shared\memAllocator.cpp, line 136]
Event: 191.439 Thread 0x0000029efed032a0 Exception <a 'java/lang/OutOfMemoryError'{0x00000000c27a6300}> (0x00000000c27a6300) 
thrown [s\open\src\hotspot\share\gc\shared\memAllocator.cpp, line 136]
Event: 193.660 Thread 0x0000029efeabc880 Exception <a 'java/lang/OutOfMemoryError'{0x00000000c27a6300}> (0x00000000c27a6300) 
thrown [s\open\src\hotspot\share\gc\shared\memAllocator.cpp, line 136]
Event: 195.765 Thread 0x0000029efea579e0 Exception <a 'java/lang/OutOfMemoryError'{0x00000000c27a6300}> (0x00000000c27a6300) 
thrown [s\open\src\hotspot\share\gc\shared\memAllocator.cpp, line 136]
Event: 197.965 Thread 0x0000029efed032a0 Exception <a 'java/lang/OutOfMemoryError'{0x00000000c27a6300}> (0x00000000c27a6300) 
thrown [s\open\src\hotspot\share\gc\shared\memAllocator.cpp, line 136]
Event: 200.106 Thread 0x0000029efed032a0 Exception <a 'java/lang/OutOfMemoryError'{0x00000000c27a6030}> (0x00000000c27a6030) 
thrown [s\open\src\hotspot\share\gc\shared\memAllocator.cpp, line 136]
Event: 208.268 Thread 0x0000029efeabc880 Exception <a 'java/lang/OutOfMemoryError'{0x00000000c27a6030}> (0x00000000c27a6030) 
thrown [s\open\src\hotspot\share\gc\shared\memAllocator.cpp, line 136]
Event: 210.547 Thread 0x0000029efeabc880 Exception <a 'java/lang/OutOfMemoryError'{0x00000000c27a6030}> (0x00000000c27a6030) 
thrown [s\open\src\hotspot\share\gc\shared\memAllocator.cpp, line 136]
Event: 212.757 Thread 0x0000029efeabc880 Exception <a 'java/lang/OutOfMemoryError'{0x00000000c27a6030}> (0x00000000c27a6030) 
thrown [s\open\src\hotspot\share\gc\shared\memAllocator.cpp, line 136]
Event: 214.959 Thread 0x0000029efeabc880 Exception <a 'java/lang/OutOfMemoryError'{0x00000000c27a6030}> (0x00000000c27a6030) 
thrown [s\open\src\hotspot\share\gc\shared\memAllocator.cpp, line 136]
Event: 217.203 Thread 0x0000029efeabc880 Exception <a 'java/lang/OutOfMemoryError'{0x00000000c27a6030}> (0x00000000c27a6030) 
thrown [s\open\src\hotspot\share\gc\shared\memAllocator.cpp, line 136]
Event: 219.455 Thread 0x0000029efeabc880 Exception <a 'java/lang/OutOfMemoryError'{0x00000000c27a6030}> (0x00000000c27a6030) 
thrown [s\open\src\hotspot\share\gc\shared\memAllocator.cpp, line 136]
Event: 221.696 Thread 0x0000029efeabc880 Exception <a 'java/lang/OutOfMemoryError'{0x00000000c27a6030}> (0x00000000c27a6030) 
thrown [s\open\src\hotspot\share\gc\shared\memAllocator.cpp, line 136]
Event: 224.016 Thread 0x0000029efeabc880 Exception <a 'java/lang/OutOfMemoryError'{0x00000000c27a6030}> (0x00000000c27a6030) 
thrown [s\open\src\hotspot\share\gc\shared\memAllocator.cpp, line 136]
Event: 226.235 Thread 0x0000029efeabc880 Exception <a 'java/lang/OutOfMemoryError'{0x00000000c27a6030}> (0x00000000c27a6030) 
thrown [s\open\src\hotspot\share\gc\shared\memAllocator.cpp, line 136]
Event: 228.642 Thread 0x0000029efeabc880 Exception <a 'java/lang/OutOfMemoryError'{0x00000000c27a6030}> (0x00000000c27a6030) 
thrown [s\open\src\hotspot\share\gc\shared\memAllocator.cpp, line 136]

VM Operations (20 events):
Event: 217.203 Executing VM operation: G1CollectForAllocation
Event: 218.345 Executing VM operation: G1CollectForAllocation done
Event: 218.345 Executing VM operation: G1CollectForAllocation
Event: 219.455 Executing VM operation: G1CollectForAllocation done
Event: 219.455 Executing VM operation: G1CollectForAllocation
Event: 220.573 Executing VM operation: G1CollectForAllocation done
Event: 220.573 Executing VM operation: G1CollectForAllocation
Event: 221.696 Executing VM operation: G1CollectForAllocation done
Event: 221.697 Executing VM operation: G1CollectForAllocation
Event: 222.836 Executing VM operation: G1CollectForAllocation done
Event: 222.836 Executing VM operation: G1CollectForAllocation
Event: 224.016 Executing VM operation: G1CollectForAllocation done
Event: 224.016 Executing VM operation: G1CollectForAllocation
Event: 225.072 Executing VM operation: G1CollectForAllocation done
Event: 225.072 Executing VM operation: G1CollectForAllocation
Event: 226.235 Executing VM operation: G1CollectForAllocation done
Event: 226.235 Executing VM operation: G1CollectForAllocation
Event: 227.415 Executing VM operation: G1CollectForAllocation done
Event: 227.415 Executing VM operation: G1CollectForAllocation
Event: 228.642 Executing VM operation: G1CollectForAllocation done

Events (20 events):
Event: 42.754 Thread 0x0000029efe127e10 flushing nmethod 0x0000029e80786d10
Event: 42.754 Thread 0x0000029efe127e10 flushing nmethod 0x0000029e80789190
Event: 42.754 Thread 0x0000029efe127e10 flushing nmethod 0x0000029e80789890
Event: 42.754 Thread 0x0000029efe127e10 flushing nmethod 0x0000029e8078bb10
Event: 42.754 Thread 0x0000029efe127e10 flushing nmethod 0x0000029e8079ac10
Event: 42.754 Thread 0x0000029efe127e10 flushing nmethod 0x0000029e807b2210
Event: 42.754 Thread 0x0000029efe127e10 flushing nmethod 0x0000029e807b3c10
Event: 42.754 Thread 0x0000029efe127e10 flushing nmethod 0x0000029e807d4d90
Event: 42.754 Thread 0x0000029efe127e10 flushing nmethod 0x0000029e8089ac90
Event: 42.754 Thread 0x0000029efe127e10 flushing nmethod 0x0000029e808aeb10
Event: 42.755 Thread 0x0000029efe127e10 flushing nmethod 0x0000029e80958910
Event: 43.570 Thread 0x0000029ed936fb00 Thread added: 0x0000029ed936fb00
Event: 43.576 Thread 0x0000029ed9375670 Thread added: 0x0000029ed9375670
Event: 46.979 Thread 0x0000029efeea5050 Thread added: 0x0000029efeea5050
Event: 47.188 Thread 0x0000029efeea5050 Thread exited: 0x0000029efeea5050
Event: 193.661 loading class java/lang/Throwable$WrappedPrintStream
Event: 193.663 loading class java/lang/Throwable$PrintStreamOrWriter
Event: 197.965 loading class java/lang/Throwable$PrintStreamOrWriter done
Event: 197.965 loading class java/lang/Throwable$WrappedPrintStream done
Event: 199.010 Thread 0x0000029efea579e0 Thread exited: 0x0000029efea579e0


Dynamic libraries:
0x00007ff699000000 - 0x00007ff699010000 	C:\Program Files\Java\jdk-17\bin\java.exe
0x00007ff806210000 - 0x00007ff806427000 	C:\WINDOWS\SYSTEM32\ntdll.dll
0x00007ff805550000 - 0x00007ff805614000 	C:\WINDOWS\System32\KERNEL32.DLL
0x00007ff8038a0000 - 0x00007ff803c4c000 	C:\WINDOWS\System32\KERNELBASE.dll
0x00007ff803780000 - 0x00007ff803891000 	C:\WINDOWS\System32\ucrtbase.dll
0x00007ffffee30000 - 0x00007ffffee49000 	C:\Program Files\Java\jdk-17\bin\jli.dll
0x00007ffffee10000 - 0x00007ffffee2b000 	C:\Program Files\Java\jdk-17\bin\VCRUNTIME140.dll
0x00007ff8043d0000 - 0x00007ff804482000 	C:\WINDOWS\System32\ADVAPI32.dll
0x00007ff8045a0000 - 0x00007ff804647000 	C:\WINDOWS\System32\msvcrt.dll
0x00007ff8048a0000 - 0x00007ff80494a000 	C:\WINDOWS\System32\sechost.dll
0x00007ff803f20000 - 0x00007ff803f48000 	C:\WINDOWS\System32\bcrypt.dll
0x00007ff805920000 - 0x00007ff805a35000 	C:\WINDOWS\System32\RPCRT4.dll
0x00007ff805a50000 - 0x00007ff805bfe000 	C:\WINDOWS\System32\USER32.dll
0x00007ff803540000 - 0x00007ff803566000 	C:\WINDOWS\System32\win32u.dll
0x00007fffec8e0000 - 0x00007fffecb73000 	C:\WINDOWS\WinSxS\amd64_microsoft.windows.common-controls_6595b64144ccf1df_6.0.22621.3672_none_2713b9d173822955\COMCTL32.dll
0x00007ff8047d0000 - 0x00007ff8047f9000 	C:\WINDOWS\System32\GDI32.dll
0x00007ff803570000 - 0x00007ff803689000 	C:\WINDOWS\System32\gdi32full.dll
0x00007ff803c50000 - 0x00007ff803cea000 	C:\WINDOWS\System32\msvcp_win.dll
0x00007ffffc580000 - 0x00007ffffc58a000 	C:\WINDOWS\SYSTEM32\VERSION.dll
0x00007ff804800000 - 0x00007ff804831000 	C:\WINDOWS\System32\IMM32.DLL
0x00007ffffef80000 - 0x00007ffffef8c000 	C:\Program Files\Java\jdk-17\bin\vcruntime140_1.dll
0x00007ffffe260000 - 0x00007ffffe2ee000 	C:\Program Files\Java\jdk-17\bin\msvcp140.dll
0x00007fffee290000 - 0x00007fffeee6e000 	C:\Program Files\Java\jdk-17\bin\server\jvm.dll
0x00007ff804950000 - 0x00007ff804958000 	C:\WINDOWS\System32\PSAPI.DLL
0x00007ffffee70000 - 0x00007ffffee79000 	C:\WINDOWS\SYSTEM32\WSOCK32.dll
0x00007ffffc660000 - 0x00007ffffc694000 	C:\WINDOWS\SYSTEM32\WINMM.dll
0x00007ff803f50000 - 0x00007ff803fc1000 	C:\WINDOWS\System32\WS2_32.dll
0x00007ff802570000 - 0x00007ff802588000 	C:\WINDOWS\SYSTEM32\kernel.appcore.dll
0x00007ffffee00000 - 0x00007ffffee0a000 	C:\Program Files\Java\jdk-17\bin\jimage.dll
0x00007ffff8840000 - 0x00007ffff8a72000 	C:\WINDOWS\SYSTEM32\DBGHELP.DLL
0x00007ff8051c0000 - 0x00007ff805548000 	C:\WINDOWS\System32\combase.dll
0x00007ff803fe0000 - 0x00007ff8040b7000 	C:\WINDOWS\System32\OLEAUT32.dll
0x00007fffe94a0000 - 0x00007fffe94d2000 	C:\WINDOWS\SYSTEM32\dbgcore.DLL
0x00007ff803690000 - 0x00007ff80370b000 	C:\WINDOWS\System32\bcryptPrimitives.dll
0x00007ff8006a0000 - 0x00007ff8006ae000 	C:\Program Files\Java\jdk-17\bin\instrument.dll
0x00007ffffe230000 - 0x00007ffffe255000 	C:\Program Files\Java\jdk-17\bin\java.dll
0x00007ffffe030000 - 0x00007ffffe107000 	C:\Program Files\Java\jdk-17\bin\jsvml.dll
0x00007ff804960000 - 0x00007ff8051bc000 	C:\WINDOWS\System32\SHELL32.dll
0x00007ff801490000 - 0x00007ff801d87000 	C:\WINDOWS\SYSTEM32\windows.storage.dll
0x00007ff801350000 - 0x00007ff80148f000 	C:\WINDOWS\SYSTEM32\wintypes.dll
0x00007ff804280000 - 0x00007ff804374000 	C:\WINDOWS\System32\SHCORE.dll
0x00007ff805860000 - 0x00007ff8058be000 	C:\WINDOWS\System32\shlwapi.dll
0x00007ff803470000 - 0x00007ff803491000 	C:\WINDOWS\SYSTEM32\profapi.dll
0x00007ffffe210000 - 0x00007ffffe229000 	C:\Program Files\Java\jdk-17\bin\net.dll
0x00007ffffefd0000 - 0x00007fffff106000 	C:\WINDOWS\SYSTEM32\WINHTTP.dll
0x00007ff802a50000 - 0x00007ff802ab9000 	C:\WINDOWS\system32\mswsock.dll
0x00007ffffe010000 - 0x00007ffffe026000 	C:\Program Files\Java\jdk-17\bin\nio.dll
0x00007ffffcbc0000 - 0x00007ffffcbd8000 	C:\Program Files\Java\jdk-17\bin\zip.dll
0x00007fffefad0000 - 0x00007fffefaea000 	C:\Program Files\JetBrains\IntelliJ IDEA Community Edition 2024.1.4\bin\breakgen64.dll
0x0000029ef1640000 - 0x0000029ef1643000 	C:\Users\kelse\.openjfx\cache\13\api-ms-win-core-console-l1-1-0.dll
0x0000029ef1650000 - 0x0000029ef1653000 	C:\Users\kelse\.openjfx\cache\13\api-ms-win-core-datetime-l1-1-0.dll
0x0000029ef1660000 - 0x0000029ef1663000 	C:\Users\kelse\.openjfx\cache\13\api-ms-win-core-debug-l1-1-0.dll
0x0000029ef1670000 - 0x0000029ef1673000 	C:\Users\kelse\.openjfx\cache\13\api-ms-win-core-errorhandling-l1-1-0.dll
0x0000029ef1680000 - 0x0000029ef1684000 	C:\Users\kelse\.openjfx\cache\13\api-ms-win-core-file-l1-1-0.dll
0x0000029ef1690000 - 0x0000029ef1693000 	C:\Users\kelse\.openjfx\cache\13\api-ms-win-core-file-l1-2-0.dll
0x0000029ef16a0000 - 0x0000029ef16a3000 	C:\Users\kelse\.openjfx\cache\13\api-ms-win-core-file-l2-1-0.dll
0x0000029efeee0000 - 0x0000029efeee3000 	C:\Users\kelse\.openjfx\cache\13\api-ms-win-core-handle-l1-1-0.dll
0x0000029efeef0000 - 0x0000029efeef3000 	C:\Users\kelse\.openjfx\cache\13\api-ms-win-core-heap-l1-1-0.dll
0x0000029efef00000 - 0x0000029efef03000 	C:\Users\kelse\.openjfx\cache\13\api-ms-win-core-interlocked-l1-1-0.dll
0x0000029efef10000 - 0x0000029efef13000 	C:\Users\kelse\.openjfx\cache\13\api-ms-win-core-libraryloader-l1-1-0.dll
0x0000029efef20000 - 0x0000029efef23000 	C:\Users\kelse\.openjfx\cache\13\api-ms-win-core-localization-l1-2-0.dll
0x0000029efef30000 - 0x0000029efef33000 	C:\Users\kelse\.openjfx\cache\13\api-ms-win-core-memory-l1-1-0.dll
0x0000029efef40000 - 0x0000029efef43000 	C:\Users\kelse\.openjfx\cache\13\api-ms-win-core-namedpipe-l1-1-0.dll
0x0000029efef50000 - 0x0000029efef53000 	C:\Users\kelse\.openjfx\cache\13\api-ms-win-core-processenvironment-l1-1-0.dll
0x0000029efef60000 - 0x0000029efef63000 	C:\Users\kelse\.openjfx\cache\13\api-ms-win-core-processthreads-l1-1-0.dll
0x0000029efef70000 - 0x0000029efef73000 	C:\Users\kelse\.openjfx\cache\13\api-ms-win-core-processthreads-l1-1-1.dll
0x0000029efef80000 - 0x0000029efef83000 	C:\Users\kelse\.openjfx\cache\13\api-ms-win-core-profile-l1-1-0.dll
0x0000029efef90000 - 0x0000029efef93000 	C:\Users\kelse\.openjfx\cache\13\api-ms-win-core-rtlsupport-l1-1-0.dll
0x0000029efefa0000 - 0x0000029efefa3000 	C:\Users\kelse\.openjfx\cache\13\api-ms-win-core-string-l1-1-0.dll
0x0000029efefb0000 - 0x0000029efefb3000 	C:\Users\kelse\.openjfx\cache\13\api-ms-win-core-synch-l1-1-0.dll
0x0000029efefc0000 - 0x0000029efefc3000 	C:\Users\kelse\.openjfx\cache\13\api-ms-win-core-synch-l1-2-0.dll
0x0000029efefd0000 - 0x0000029efefd3000 	C:\Users\kelse\.openjfx\cache\13\api-ms-win-core-sysinfo-l1-1-0.dll
0x0000029efefe0000 - 0x0000029efefe3000 	C:\Users\kelse\.openjfx\cache\13\api-ms-win-core-timezone-l1-1-0.dll
0x0000029efeff0000 - 0x0000029efeff3000 	C:\Users\kelse\.openjfx\cache\13\api-ms-win-core-util-l1-1-0.dll
0x0000029eff000000 - 0x0000029eff003000 	C:\Users\kelse\.openjfx\cache\13\api-ms-win-crt-conio-l1-1-0.dll
0x0000029eff010000 - 0x0000029eff014000 	C:\Users\kelse\.openjfx\cache\13\api-ms-win-crt-convert-l1-1-0.dll
0x0000029eff020000 - 0x0000029eff023000 	C:\Users\kelse\.openjfx\cache\13\api-ms-win-crt-environment-l1-1-0.dll
0x0000029eff030000 - 0x0000029eff033000 	C:\Users\kelse\.openjfx\cache\13\api-ms-win-crt-filesystem-l1-1-0.dll
0x0000029eff040000 - 0x0000029eff043000 	C:\Users\kelse\.openjfx\cache\13\api-ms-win-crt-heap-l1-1-0.dll
0x0000029eff050000 - 0x0000029eff053000 	C:\Users\kelse\.openjfx\cache\13\api-ms-win-crt-locale-l1-1-0.dll
0x0000029eff060000 - 0x0000029eff065000 	C:\Users\kelse\.openjfx\cache\13\api-ms-win-crt-math-l1-1-0.dll
0x0000029eff070000 - 0x0000029eff075000 	C:\Users\kelse\.openjfx\cache\13\api-ms-win-crt-multibyte-l1-1-0.dll
0x0000029eff080000 - 0x0000029eff090000 	C:\Users\kelse\.openjfx\cache\13\api-ms-win-crt-private-l1-1-0.dll
0x0000029eff090000 - 0x0000029eff093000 	C:\Users\kelse\.openjfx\cache\13\api-ms-win-crt-process-l1-1-0.dll
0x0000029eff0a0000 - 0x0000029eff0a4000 	C:\Users\kelse\.openjfx\cache\13\api-ms-win-crt-runtime-l1-1-0.dll
0x0000029eff0b0000 - 0x0000029eff0b4000 	C:\Users\kelse\.openjfx\cache\13\api-ms-win-crt-stdio-l1-1-0.dll
0x0000029eff0c0000 - 0x0000029eff0c4000 	C:\Users\kelse\.openjfx\cache\13\api-ms-win-crt-string-l1-1-0.dll
0x0000029eff0d0000 - 0x0000029eff0d3000 	C:\Users\kelse\.openjfx\cache\13\api-ms-win-crt-time-l1-1-0.dll
0x0000029eff0e0000 - 0x0000029eff0e3000 	C:\Users\kelse\.openjfx\cache\13\api-ms-win-crt-utility-l1-1-0.dll
0x00007fffcc140000 - 0x00007fffcc23c000 	C:\Users\kelse\.openjfx\cache\13\ucrtbase.dll
0x00007fffedf10000 - 0x00007fffedf25000 	C:\Users\kelse\.openjfx\cache\13\vcruntime140.dll
0x00007fffe0a80000 - 0x00007fffe0b1b000 	C:\Users\kelse\.openjfx\cache\13\msvcp140.dll
0x00007fffebf50000 - 0x00007fffebfa1000 	C:\Users\kelse\.openjfx\cache\13\concrt140.dll
0x00007fffebf20000 - 0x00007fffebf43000 	C:\Users\kelse\.openjfx\cache\13\prism_d3d.dll
0x00007ffff3270000 - 0x00007ffff3418000 	C:\WINDOWS\system32\d3d9.dll
0x00007ff800d00000 - 0x00007ff800d2b000 	C:\WINDOWS\SYSTEM32\dwmapi.dll
0x00007ff800ba0000 - 0x00007ff800bd9000 	C:\WINDOWS\SYSTEM32\dxcore.dll
0x00007ff800a90000 - 0x00007ff800b3a000 	C:\WINDOWS\system32\uxtheme.dll
0x00007fffbaaf0000 - 0x00007fffbacbd000 	C:\WINDOWS\System32\DriverStore\FileRepository\iigd_dch.inf_amd64_7d6ad0397c5dc3fd\igdumdim64.dll
0x00007ffff5db0000 - 0x00007ffff5ed0000 	C:\WINDOWS\System32\DriverStore\FileRepository\iigd_dch.inf_amd64_7d6ad0397c5dc3fd\igdgmm64.dll
0x00007fff64560000 - 0x00007fff68171000 	C:\WINDOWS\System32\DriverStore\FileRepository\iigd_dch.inf_amd64_7d6ad0397c5dc3fd\igd9dxva64.dll
0x00007ff805620000 - 0x00007ff8057c5000 	C:\WINDOWS\System32\OLE32.dll
0x00007ffffb6f0000 - 0x00007ffffb739000 	C:\WINDOWS\SYSTEM32\directxdatabasehelper.dll
0x00007fffcc0f0000 - 0x00007fffcc135000 	C:\Users\kelse\.openjfx\cache\13\glass.dll
0x00007ff8044a0000 - 0x00007ff804596000 	C:\WINDOWS\System32\COMDLG32.dll
0x00007ff804650000 - 0x00007ff8047a3000 	C:\WINDOWS\System32\MSCTF.dll
0x00007fffa82f0000 - 0x00007fffa8311000 	C:\WINDOWS\System32\DriverStore\FileRepository\iigd_dch.inf_amd64_7d6ad0397c5dc3fd\igdinfo64.dll
0x00007ffff3a50000 - 0x00007ffff5db0000 	C:\WINDOWS\System32\DriverStore\FileRepository\iigd_dch.inf_amd64_7d6ad0397c5dc3fd\igc64.dll
0x00007fffedef0000 - 0x00007fffedf02000 	C:\Program Files\Java\jdk-17\bin\jsound.dll
0x00007fffcc040000 - 0x00007fffcc0e2000 	C:\WINDOWS\SYSTEM32\DSOUND.dll
0x00007ff802b40000 - 0x00007ff802b8d000 	C:\WINDOWS\SYSTEM32\powrprof.dll
0x00007fffe8870000 - 0x00007fffe8899000 	C:\WINDOWS\SYSTEM32\winmmbase.dll
0x00007fffcbe90000 - 0x00007fffcbf41000 	C:\WINDOWS\SYSTEM32\ResampleDmo.DLL
0x00007ffffdf50000 - 0x00007ffffdf5b000 	C:\WINDOWS\SYSTEM32\msdmo.dll
0x00007ff802b20000 - 0x00007ff802b33000 	C:\WINDOWS\SYSTEM32\UMPDC.dll
0x00007ff806100000 - 0x00007ff8061b0000 	C:\WINDOWS\System32\clbcatq.dll
0x00007ffff9fe0000 - 0x00007ffffa07d000 	C:\WINDOWS\System32\MMDevApi.dll
0x00007ff8031f0000 - 0x00007ff80321c000 	C:\WINDOWS\System32\DEVOBJ.dll
0x00007ff803240000 - 0x00007ff80328e000 	C:\WINDOWS\System32\CFGMGR32.dll
0x00007fffba7e0000 - 0x00007fffba826000 	C:\WINDOWS\SYSTEM32\wdmaud.drv
0x00007fffcd7e0000 - 0x00007fffcd7e9000 	C:\WINDOWS\SYSTEM32\ksuser.dll
0x00007ffffc9e0000 - 0x00007ffffc9eb000 	C:\WINDOWS\SYSTEM32\AVRT.dll
0x00007ffff0e40000 - 0x00007ffff102c000 	C:\WINDOWS\SYSTEM32\AUDIOSES.DLL
0x00007fffcd700000 - 0x00007fffcd70e000 	C:\WINDOWS\SYSTEM32\msacm32.drv
0x00007fffbacc0000 - 0x00007fffbacde000 	C:\WINDOWS\SYSTEM32\MSACM32.dll
0x00007fffba7d0000 - 0x00007fffba7db000 	C:\WINDOWS\SYSTEM32\midimap.dll
0x00007ffff8560000 - 0x00007ffff86d5000 	C:\Windows\System32\Windows.UI.dll
0x00007ff801040000 - 0x00007ff801055000 	C:\WINDOWS\SYSTEM32\resourcepolicyclient.dll

dbghelp: loaded successfully - version: 4.0.5 - missing functions: none
symbol engine: initialized successfully - sym options: 0x614 - pdb path: .;C:\Program Files\Java\jdk-17\bin;C:\WINDOWS\SYSTEM32;C:\WINDOWS\WinSxS\amd64_microsoft.windows.common-controls_6595b64144ccf1df_6.0.22621.3672_none_2713b9d173822955;C:\Program Files\Java\jdk-17\bin\server;C:\Program Files\JetBrains\IntelliJ IDEA Community Edition 2024.1.4\bin;C:\Users\kelse\.openjfx\cache\13;C:\WINDOWS\System32\DriverStore\FileRepository\iigd_dch.inf_amd64_7d6ad0397c5dc3fd;C:\Program Files\Common Files\Microsoft Shared\Ink

VM Arguments:
jvm_args: -javaagent:C:\Program Files\JetBrains\IntelliJ IDEA Community Edition 2024.1.4\lib\idea_rt.jar=54872:C:\Program Files\JetBrains\IntelliJ IDEA Community Edition 2024.1.4\bin -Dfile.encoding=UTF-8 --module-path=C:\Users\kelse\OneDrive\Desktop\Advance Programming asgn\demo\target\classes;C:\Users\kelse\.m2\repository\org\openjfx\javafx-controls\13\javafx-controls-13-win.jar;C:\Users\kelse\.m2\repository\org\openjfx\javafx-graphics\13\javafx-graphics-13-win.jar;C:\Users\kelse\.m2\repository\org\openjfx\javafx-fxml\13\javafx-fxml-13-win.jar;C:\Users\kelse\.m2\repository\org\openjfx\javafx-base\13\javafx-base-13-win.jar -Djdk.module.main=com.example 
java_command: com.example/com.example.Game
java_class_path (initial): C:\Users\kelse\.m2\repository\org\openjfx\javafx-controls\13\javafx-controls-13.jar;C:\Users\kelse\.m2\repository\org\openjfx\javafx-graphics\13\javafx-graphics-13.jar;C:\Users\kelse\.m2\repository\org\openjfx\javafx-base\13\javafx-base-13.jar;C:\Users\kelse\.m2\repository\org\openjfx\javafx-fxml\13\javafx-fxml-13.jar
Launcher Type: SUN_STANDARD

[Global flags]
     intx CICompilerCount                          = 4                                         {product} {ergonomic}
     uint ConcGCThreads                            = 2                                         {product} {ergonomic}
     uint G1ConcRefinementThreads                  = 8                                         {product} {ergonomic}
   size_t G1HeapRegionSize                         = 1048576                                   {product} {ergonomic}
    uintx GCDrainStackTargetSize                   = 64                                        {product} {ergonomic}
   size_t InitialHeapSize                          = 65011712                                  {product} {ergonomic}
   size_t MarkStackSize                            = 4194304                                   {product} {ergonomic}
   size_t MaxHeapSize                              = 1033895936                                {product} {ergonomic}
   size_t MaxNewSize                               = 619708416                                 {product} {ergonomic}
   size_t MinHeapDeltaBytes                        = 1048576                                   {product} {ergonomic}
   size_t MinHeapSize                              = 8388608                                   {product} {ergonomic}
    uintx NonNMethodCodeHeapSize                   = 5839372                                {pd product} {ergonomic}
    uintx NonProfiledCodeHeapSize                  = 122909434                              {pd product} {ergonomic}
    uintx ProfiledCodeHeapSize                     = 122909434                              {pd product} {ergonomic}
    uintx ReservedCodeCacheSize                    = 251658240                              {pd product} {ergonomic}
     bool SegmentedCodeCache                       = true                                      {product} {ergonomic}
   size_t SoftMaxHeapSize                          = 1033895936                             {manageable} {ergonomic}
     bool UseCompressedClassPointers               = true                           {product lp64_product} {ergonomic}
     bool UseCompressedOops                        = true                           {product lp64_product} {ergonomic}
     bool UseG1GC                                  = true                                      {product} {ergonomic}
     bool UseLargePagesIndividualAllocation        = false                                  {pd product} {ergonomic}

Logging:
Log output configuration:
 #0: stdout all=warning uptime,level,tags
 #1: stderr all=off uptime,level,tags

Environment Variables:
JAVA_HOME=C:\Program Files\Java\jdk-17
PATH=C:\Program Files\Common Files\Oracle\Java\javapath;C:\Program Files\Python311\Scripts\;C:\Program Files\Python311\;C:\Windows\system32;C:\Windows;C:\Windows\System32\Wbem;C:\Windows\System32\WindowsPowerShell\v1.0\;C:\Windows\System32\OpenSSH\;C:\Program Files (x86)\NVIDIA Corporation\PhysX\Common;C:\Program Files\NVIDIA Corporation\NVIDIA NvDLISR;C:\WINDOWS\system32;C:\WINDOWS;C:\WINDOWS\System32\Wbem;C:\WINDOWS\System32\WindowsPowerShell\v1.0\;C:\WINDOWS\System32\OpenSSH\;C:\Program Files\Microsoft SQL Server\150\Tools\Binn\;C:\WINDOWS\system32;C:\WINDOWS;C:\WINDOWS\System32\Wbem;C:\WINDOWS\System32\WindowsPowerShell\v1.0\;C:\WINDOWS\System32\OpenSSH\;C:\Program Files (x86)\Windows Kits\10\Windows Performance Toolkit\;C:\Program Files\Git\cmd;C:\Program Files\MySQL\MySQL Shell 8.0\bin\;C:\Users\kelse\AppData\Local\Microsoft\WindowsApps;;C:\Users\kelse\AppData\Local\Programs\Microsoft VS Code\bin
USERNAME=kelse
OS=Windows_NT
PROCESSOR_IDENTIFIER=Intel64 Family 6 Model 158 Stepping 10, GenuineIntel



---------------  S Y S T E M  ---------------

OS:
 Windows 11 , 64 bit Build 22621 (10.0.22621.3672)
OS uptime: 0 days 7:46 hours

CPU: total 8 (initial active 8) (4 cores per cpu, 2 threads per core) family 6 model 158 stepping 10 microcode 0xde, cx8, cmov, fxsr, ht, mmx, 3dnowpref, sse, sse2, sse3, ssse3, sse4.1, sse4.2, popcnt, lzcnt, tsc, tscinvbit, avx, avx2, aes, erms, clmul, bmi1, bmi2, adx, fma, vzeroupper, clflush, clflushopt

Memory: 4k page, system-wide physical 3938M (323M free)
TotalPageFile size 15586M (AvailPageFile size 1094M)
current process WorkingSet (physical memory assigned to process): 973M, peak: 974M
current process commit charge ("private bytes"): 1443M, peak: 1472M

vm_info: Java HotSpot(TM) 64-Bit Server VM (17.0.8+9-LTS-211) for windows-amd64 JRE (17.0.8+9-LTS-211), built on Jun 14 2023 10:34:31 by "mach5one" with MS VC++ 17.1 (VS2022)

END.
