#
# There is insufficient memory for the Java Runtime Environment to continue.
# Native memory allocation (malloc) failed to allocate 31132836 bytes for AllocateHeap
# Possible reasons:
#   The system is out of physical RAM or swap space
#   The process is running with CompressedOops enabled, and the Java Heap may be blocking the growth of the native heap
# Possible solutions:
#   Reduce memory load on the system
#   Increase physical memory or swap space
#   Check if swap backing store is full
#   Decrease Java heap size (-Xmx/-Xms)
#   Decrease number of Java threads
#   Decrease Java thread stack sizes (-Xss)
#   Set larger code cache with -XX:ReservedCodeCacheSize=
#   JVM is running with Unscaled Compressed Oops mode in which the Java heap is
#     placed in the first 4GB address space. The Java Heap base address is the
#     maximum limit for the native heap growth. Please use -XX:HeapBaseMinAddress
#     to set the Java Heap base and to place the Java Heap above 4GB virtual address.
# This output file may be truncated or incomplete.
#
#  Out of Memory Error (allocation.cpp:44), pid=14608, tid=1736
#
# JRE version: Java(TM) SE Runtime Environment (17.0.8+9) (build 17.0.8+9-LTS-211)
# Java VM: Java HotSpot(TM) 64-Bit Server VM (17.0.8+9-LTS-211, mixed mode, sharing, tiered, compressed oops, compressed class ptrs, g1 gc, windows-amd64)
# No core dump will be written. Minidumps are not enabled by default on client versions of Windows
#

---------------  S U M M A R Y ------------

Command Line: -javaagent:C:\Program Files\JetBrains\IntelliJ IDEA Community Edition 2024.1.4\lib\idea_rt.jar=53188:C:\Program Files\JetBrains\IntelliJ IDEA Community Edition 2024.1.4\bin -Dfile.encoding=UTF-8 --module-path=C:\Users\kelse\.m2\repository\org\openjfx\javafx-controls\13\javafx-controls-13-win.jar;C:\Users\kelse\.m2\repository\org\openjfx\javafx-base\13\javafx-base-13-win.jar;C:\Users\kelse\OneDrive\Desktop\Advance Programming asgn\demo\target\classes;C:\Users\kelse\.m2\repository\org\openjfx\javafx-fxml\13\javafx-fxml-13-win.jar;C:\Users\kelse\.m2\repository\org\openjfx\javafx-graphics\13\javafx-graphics-13-win.jar -Djdk.module.main=com.example com.example/com.example.Game

Host: Intel(R) Core(TM) i5-9300H CPU @ 2.40GHz, 8 cores, 3G,  Windows 11 , 64 bit Build 22621 (10.0.22621.3672)
Time: Sun Jul 14 17:13:06 2024 Malay Peninsula Standard Time elapsed time: 112.171161 seconds (0d 0h 1m 52s)

---------------  T H R E A D  ---------------

Current thread (0x0000021a1f63aee0):  JavaThread "Direct Clip" daemon [_thread_in_vm, id=1736, stack(0x000000400b800000,0x000000400b900000)]

Stack: [0x000000400b800000,0x000000400b900000]
Native frames: (J=compiled Java code, j=interpreted, Vv=VM code, C=native code)
V  [jvm.dll+0x677d0a]
V  [jvm.dll+0x7d8c54]
V  [jvm.dll+0x7da3fe]
V  [jvm.dll+0x7daa63]
V  [jvm.dll+0x245c5f]
V  [jvm.dll+0xa50e3]
V  [jvm.dll+0x3d8f54]
C  [jsound.dll+0x1526]

Java frames: (J=compiled Java code, j=interpreted, Vv=VM code)
J 4449  com.sun.media.sound.DirectAudioDevice.nWrite(J[BIIIFF)I java.desktop@17.0.8 (0 bytes) @ 0x00000219cd4c8c9b [0x00000219cd4c8c20+0x000000000000007b]
j  com.sun.media.sound.DirectAudioDevice$DirectDL.write([BII)I+180 java.desktop@17.0.8
j  com.sun.media.sound.DirectAudioDevice$DirectClip.run()V+189 java.desktop@17.0.8
j  java.lang.Thread.run()V+11 java.base@17.0.8
v  ~StubRoutines::call_stub

---------------  P R O C E S S  ---------------

Threads class SMR info:
_java_thread_list=0x0000021a28c9e620, length=37, elements={
0x00000219bdf01810, 0x00000219d9925450, 0x00000219d99280d0, 0x00000219d9937640,
0x00000219d9938f10, 0x00000219d993a7e0, 0x00000219d993b0a0, 0x00000219d993bd40,
0x00000219d993c6f0, 0x00000219d993f000, 0x00000219d991c4e0, 0x00000219d9b8b510,
0x0000021a1f070c00, 0x0000021a1f27efd0, 0x0000021a1f3f6b50, 0x0000021a1f3f8030,
0x0000021a1f5ad010, 0x0000021a1f5c2290, 0x0000021a24d55db0, 0x0000021a1f5b6e30,
0x0000021a1f63d560, 0x0000021a1f63b3b0, 0x0000021a1f63d090, 0x0000021a1f63c6f0,
0x0000021a1f63da30, 0x0000021a1f63a070, 0x0000021a1f63cbc0, 0x0000021a1f63b880,
0x0000021a1f63c220, 0x0000021a1f63a540, 0x0000021a1f63aa10, 0x0000021a1f63bd50,
0x0000021a1f63aee0, 0x0000021a2980d990, 0x0000021a29807480, 0x0000021a2980b310,
0x0000021a2980b7e0
}

Java Threads: ( => current thread )
  0x00000219bdf01810 JavaThread "main" [_thread_blocked, id=10236, stack(0x0000004007900000,0x0000004007a00000)]
  0x00000219d9925450 JavaThread "Reference Handler" daemon [_thread_blocked, id=11152, stack(0x0000004008000000,0x0000004008100000)]
  0x00000219d99280d0 JavaThread "Finalizer" daemon [_thread_blocked, id=7324, stack(0x0000004008100000,0x0000004008200000)]
  0x00000219d9937640 JavaThread "Signal Dispatcher" daemon [_thread_blocked, id=3432, stack(0x0000004008200000,0x0000004008300000)]
  0x00000219d9938f10 JavaThread "Attach Listener" daemon [_thread_blocked, id=14984, stack(0x0000004008300000,0x0000004008400000)]
  0x00000219d993a7e0 JavaThread "Service Thread" daemon [_thread_blocked, id=5512, stack(0x0000004008400000,0x0000004008500000)]
  0x00000219d993b0a0 JavaThread "Monitor Deflation Thread" daemon [_thread_blocked, id=13456, stack(0x0000004008500000,0x0000004008600000)]
  0x00000219d993bd40 JavaThread "C2 CompilerThread0" daemon [_thread_blocked, id=19312, stack(0x0000004008600000,0x0000004008700000)]
  0x00000219d993c6f0 JavaThread "C1 CompilerThread0" daemon [_thread_blocked, id=15704, stack(0x0000004008700000,0x0000004008800000)]
  0x00000219d993f000 JavaThread "Sweeper thread" daemon [_thread_blocked, id=16424, stack(0x0000004008800000,0x0000004008900000)]
  0x00000219d991c4e0 JavaThread "Common-Cleaner" daemon [_thread_blocked, id=10228, stack(0x0000004008900000,0x0000004008a00000)]
  0x00000219d9b8b510 JavaThread "Monitor Ctrl-Break" daemon [_thread_in_native, id=3240, stack(0x0000004008a00000,0x0000004008b00000)]
  0x0000021a1f070c00 JavaThread "Notification Thread" daemon [_thread_blocked, id=4856, stack(0x0000004008b00000,0x0000004008c00000)]
  0x0000021a1f27efd0 JavaThread "QuantumRenderer-0" daemon [_thread_in_native, id=756, stack(0x0000004008d00000,0x0000004008e00000)]
  0x0000021a1f3f6b50 JavaThread "InvokeLaterDispatcher" daemon [_thread_blocked, id=9700, stack(0x0000004008e00000,0x0000004008f00000)]
  0x0000021a1f3f8030 JavaThread "JavaFX Application Thread" [_thread_in_native, id=13140, stack(0x0000004008f00000,0x0000004009000000)]
  0x0000021a1f5ad010 JavaThread "Thread-1" daemon [_thread_in_native, id=17968, stack(0x0000004009300000,0x0000004009400000)]
  0x0000021a1f5c2290 JavaThread "JavaFX-Launcher" [_thread_blocked, id=14196, stack(0x0000004009400000,0x0000004009500000)]
  0x0000021a24d55db0 JavaThread "Java Sound Event Dispatcher" daemon [_thread_blocked, id=4212, stack(0x0000004009e00000,0x0000004009f00000)]
  0x0000021a1f5b6e30 JavaThread "Direct Clip" daemon [_thread_blocked, id=3192, stack(0x000000400a200000,0x000000400a300000)]
  0x0000021a1f63d560 JavaThread "Direct Clip" daemon [_thread_blocked, id=12812, stack(0x000000400a300000,0x000000400a400000)]
  0x0000021a1f63b3b0 JavaThread "Direct Clip" daemon [_thread_blocked, id=11460, stack(0x000000400a400000,0x000000400a500000)]
  0x0000021a1f63d090 JavaThread "Direct Clip" daemon [_thread_blocked, id=4516, stack(0x000000400a600000,0x000000400a700000)]
  0x0000021a1f63c6f0 JavaThread "Direct Clip" daemon [_thread_blocked, id=19416, stack(0x000000400a700000,0x000000400a800000)]
  0x0000021a1f63da30 JavaThread "Direct Clip" daemon [_thread_blocked, id=17260, stack(0x000000400a800000,0x000000400a900000)]
  0x0000021a1f63a070 JavaThread "Direct Clip" daemon [_thread_blocked, id=15948, stack(0x000000400a900000,0x000000400aa00000)]
  0x0000021a1f63cbc0 JavaThread "Direct Clip" daemon [_thread_blocked, id=9468, stack(0x000000400aa00000,0x000000400ab00000)]
  0x0000021a1f63b880 JavaThread "Prism Font Disposer" daemon [_thread_blocked, id=10584, stack(0x000000400ad00000,0x000000400ae00000)]
  0x0000021a1f63c220 JavaThread "Cleaner-0" daemon [_thread_blocked, id=11728, stack(0x000000400b000000,0x000000400b100000)]
  0x0000021a1f63a540 JavaThread "Direct Clip" daemon [_thread_blocked, id=16780, stack(0x000000400b400000,0x000000400b500000)]
  0x0000021a1f63aa10 JavaThread "Direct Clip" daemon [_thread_blocked, id=13628, stack(0x000000400b600000,0x000000400b700000)]
  0x0000021a1f63bd50 JavaThread "Direct Clip" daemon [_thread_blocked, id=9092, stack(0x000000400b700000,0x000000400b800000)]
=>0x0000021a1f63aee0 JavaThread "Direct Clip" daemon [_thread_in_vm, id=1736, stack(0x000000400b800000,0x000000400b900000)]
  0x0000021a2980d990 JavaThread "Direct Clip" daemon [_thread_blocked, id=10256, stack(0x000000400b900000,0x000000400ba00000)]
  0x0000021a29807480 JavaThread "Direct Clip" daemon [_thread_blocked, id=17236, stack(0x000000400ba00000,0x000000400bb00000)]
  0x0000021a2980b310 JavaThread "Direct Clip" daemon [_thread_blocked, id=18920, stack(0x000000400bb00000,0x000000400bc00000)]
  0x0000021a2980b7e0 JavaThread "Direct Clip" daemon [_thread_blocked, id=10252, stack(0x000000400bc00000,0x000000400bd00000)]

Other Threads:
  0x00000219bdfce950 VMThread "VM Thread" [stack: 0x0000004007f00000,0x0000004008000000] [id=12784]
  0x00000219bdf59130 WatcherThread [stack: 0x0000004008c00000,0x0000004008d00000] [id=2440]
  0x00000219bdf3f510 GCTaskThread "GC Thread#0" [stack: 0x0000004007a00000,0x0000004007b00000] [id=1252]
  0x0000021a1f619ce0 GCTaskThread "GC Thread#1" [stack: 0x0000004009500000,0x0000004009600000] [id=17296]
  0x0000021a1f619f90 GCTaskThread "GC Thread#2" [stack: 0x0000004009600000,0x0000004009700000] [id=1468]
  0x0000021a1f61a240 GCTaskThread "GC Thread#3" [stack: 0x0000004009700000,0x0000004009800000] [id=3644]
  0x0000021a1f7e0110 GCTaskThread "GC Thread#4" [stack: 0x0000004009800000,0x0000004009900000] [id=11868]
  0x0000021a1f7e03c0 GCTaskThread "GC Thread#5" [stack: 0x0000004009900000,0x0000004009a00000] [id=15236]
  0x0000021a1f6a91c0 GCTaskThread "GC Thread#6" [stack: 0x0000004009a00000,0x0000004009b00000] [id=13624]
  0x0000021a1f6a9680 GCTaskThread "GC Thread#7" [stack: 0x0000004009b00000,0x0000004009c00000] [id=15292]
  0x00000219bdf47e90 ConcurrentGCThread "G1 Main Marker" [stack: 0x0000004007b00000,0x0000004007c00000] [id=17060]
  0x00000219bdf48f40 ConcurrentGCThread "G1 Conc#0" [stack: 0x0000004007c00000,0x0000004007d00000] [id=12088]
  0x0000021a24f78d20 ConcurrentGCThread "G1 Conc#1" [stack: 0x000000400a500000,0x000000400a600000] [id=1636]
  0x00000219bdf9b4e0 ConcurrentGCThread "G1 Refine#0" [stack: 0x0000004007d00000,0x0000004007e00000] [id=12148]
  0x00000219bdf9ce10 ConcurrentGCThread "G1 Service" [stack: 0x0000004007e00000,0x0000004007f00000] [id=13048]

Threads with active compile tasks:

VM state: not at safepoint (normal execution)

VM Mutex/Monitor currently owned by a thread: None

Heap address: 0x00000000c2600000, size: 986 MB, Compressed Oops mode: 32-bit

CDS archive(s) mapped at: [0x00000219da000000-0x00000219dabd0000-0x00000219dabd0000), size 12386304, SharedBaseAddress: 0x00000219da000000, ArchiveRelocationMode: 1.
Compressed class space mapped at: 0x00000219db000000-0x0000021a1b000000, reserved size: 1073741824
Narrow klass base: 0x00000219da000000, Narrow klass shift: 0, Narrow klass range: 0x100000000

GC Precious Log:
 CPUs: 8 total, 8 available
 Memory: 3938M
 Large Page Support: Disabled
 NUMA Support: Disabled
 Compressed Oops: Enabled (32-bit)
 Heap Region Size: 1M
 Heap Min Capacity: 8M
 Heap Initial Capacity: 62M
 Heap Max Capacity: 986M
 Pre-touch: Disabled
 Parallel Workers: 8
 Concurrent Workers: 2
 Concurrent Refinement Workers: 8
 Periodic GC: Disabled

Heap:
 garbage-first heap   total 793600K, used 499587K [0x00000000c2600000, 0x0000000100000000)
  region size 1024K, 17 young (17408K), 3 survivors (3072K)
 Metaspace       used 16876K, committed 17088K, reserved 1114112K
  class space    used 2259K, committed 2368K, reserved 1048576K

Heap Regions: E=young(eden), S=young(survivor), O=old, HS=humongous(starts), HC=humongous(continues), CS=collection set, F=free, OA=open archive, CA=closed archive, TAMS=top-at-mark-start (previous, next)
|   0|0x00000000c2600000, 0x00000000c2700000, 0x00000000c2700000|100%|HS|  |TAMS 0x00000000c2700000, 0x00000000c2700000| Complete 
|   1|0x00000000c2700000, 0x00000000c2800000, 0x00000000c2800000|100%| O|  |TAMS 0x00000000c2800000, 0x00000000c2800000| Untracked 
|   2|0x00000000c2800000, 0x00000000c2900000, 0x00000000c2900000|100%|HS|  |TAMS 0x00000000c2900000, 0x00000000c2900000| Complete 
|   3|0x00000000c2900000, 0x00000000c2a00000, 0x00000000c2a00000|100%|HS|  |TAMS 0x00000000c2a00000, 0x00000000c2a00000| Complete 
|   4|0x00000000c2a00000, 0x00000000c2b00000, 0x00000000c2b00000|100%|HS|  |TAMS 0x00000000c2b00000, 0x00000000c2b00000| Complete 
|   5|0x00000000c2b00000, 0x00000000c2c00000, 0x00000000c2c00000|100%|HS|  |TAMS 0x00000000c2c00000, 0x00000000c2c00000| Complete 
|   6|0x00000000c2c00000, 0x00000000c2d00000, 0x00000000c2d00000|100%|HS|  |TAMS 0x00000000c2d00000, 0x00000000c2d00000| Complete 
|   7|0x00000000c2d00000, 0x00000000c2e00000, 0x00000000c2e00000|100%|HS|  |TAMS 0x00000000c2e00000, 0x00000000c2e00000| Complete 
|   8|0x00000000c2e00000, 0x00000000c2f00000, 0x00000000c2f00000|100%|HS|  |TAMS 0x00000000c2f00000, 0x00000000c2f00000| Complete 
|   9|0x00000000c2f00000, 0x00000000c3000000, 0x00000000c3000000|100%| O|  |TAMS 0x00000000c3000000, 0x00000000c3000000| Untracked 
|  10|0x00000000c3000000, 0x00000000c3100000, 0x00000000c3100000|100%| O|  |TAMS 0x00000000c3100000, 0x00000000c3100000| Untracked 
|  11|0x00000000c3100000, 0x00000000c3200000, 0x00000000c3200000|100%|HS|  |TAMS 0x00000000c3100000, 0x00000000c3100000| Complete 
|  12|0x00000000c3200000, 0x00000000c3300000, 0x00000000c3300000|100%|HS|  |TAMS 0x00000000c3300000, 0x00000000c3300000| Complete 
|  13|0x00000000c3300000, 0x00000000c3400000, 0x00000000c3400000|100%|HC|  |TAMS 0x00000000c3400000, 0x00000000c3400000| Complete 
|  14|0x00000000c3400000, 0x00000000c3500000, 0x00000000c3500000|100%|HC|  |TAMS 0x00000000c3500000, 0x00000000c3500000| Complete 
|  15|0x00000000c3500000, 0x00000000c3600000, 0x00000000c3600000|100%|HC|  |TAMS 0x00000000c3600000, 0x00000000c3600000| Complete 
|  16|0x00000000c3600000, 0x00000000c3700000, 0x00000000c3700000|100%|HC|  |TAMS 0x00000000c3700000, 0x00000000c3700000| Complete 
|  17|0x00000000c3700000, 0x00000000c3800000, 0x00000000c3800000|100%|HC|  |TAMS 0x00000000c3800000, 0x00000000c3800000| Complete 
|  18|0x00000000c3800000, 0x00000000c3900000, 0x00000000c3900000|100%|HC|  |TAMS 0x00000000c3900000, 0x00000000c3900000| Complete 
|  19|0x00000000c3900000, 0x00000000c3a00000, 0x00000000c3a00000|100%|HC|  |TAMS 0x00000000c3a00000, 0x00000000c3a00000| Complete 
|  20|0x00000000c3a00000, 0x00000000c3b00000, 0x00000000c3b00000|100%|HC|  |TAMS 0x00000000c3b00000, 0x00000000c3b00000| Complete 
|  21|0x00000000c3b00000, 0x00000000c3c00000, 0x00000000c3c00000|100%|HC|  |TAMS 0x00000000c3c00000, 0x00000000c3c00000| Complete 
|  22|0x00000000c3c00000, 0x00000000c3d00000, 0x00000000c3d00000|100%|HC|  |TAMS 0x00000000c3d00000, 0x00000000c3d00000| Complete 
|  23|0x00000000c3d00000, 0x00000000c3e00000, 0x00000000c3e00000|100%|HC|  |TAMS 0x00000000c3e00000, 0x00000000c3e00000| Complete 
|  24|0x00000000c3e00000, 0x00000000c3f00000, 0x00000000c3f00000|100%|HC|  |TAMS 0x00000000c3f00000, 0x00000000c3f00000| Complete 
|  25|0x00000000c3f00000, 0x00000000c4000000, 0x00000000c4000000|100%|HC|  |TAMS 0x00000000c4000000, 0x00000000c4000000| Complete 
|  26|0x00000000c4000000, 0x00000000c4100000, 0x00000000c4100000|100%|HC|  |TAMS 0x00000000c4100000, 0x00000000c4100000| Complete 
|  27|0x00000000c4100000, 0x00000000c4200000, 0x00000000c4200000|100%|HC|  |TAMS 0x00000000c4200000, 0x00000000c4200000| Complete 
|  28|0x00000000c4200000, 0x00000000c4300000, 0x00000000c4300000|100%|HC|  |TAMS 0x00000000c4300000, 0x00000000c4300000| Complete 
|  29|0x00000000c4300000, 0x00000000c4400000, 0x00000000c4400000|100%|HC|  |TAMS 0x00000000c4400000, 0x00000000c4400000| Complete 
|  30|0x00000000c4400000, 0x00000000c4500000, 0x00000000c4500000|100%|HC|  |TAMS 0x00000000c4500000, 0x00000000c4500000| Complete 
|  31|0x00000000c4500000, 0x00000000c4600000, 0x00000000c4600000|100%|HC|  |TAMS 0x00000000c4600000, 0x00000000c4600000| Complete 
|  32|0x00000000c4600000, 0x00000000c4700000, 0x00000000c4700000|100%|HC|  |TAMS 0x00000000c4700000, 0x00000000c4700000| Complete 
|  33|0x00000000c4700000, 0x00000000c4800000, 0x00000000c4800000|100%|HC|  |TAMS 0x00000000c4800000, 0x00000000c4800000| Complete 
|  34|0x00000000c4800000, 0x00000000c4900000, 0x00000000c4900000|100%|HC|  |TAMS 0x00000000c4900000, 0x00000000c4900000| Complete 
|  35|0x00000000c4900000, 0x00000000c4a00000, 0x00000000c4a00000|100%|HC|  |TAMS 0x00000000c4a00000, 0x00000000c4a00000| Complete 
|  36|0x00000000c4a00000, 0x00000000c4b00000, 0x00000000c4b00000|100%|HC|  |TAMS 0x00000000c4b00000, 0x00000000c4b00000| Complete 
|  37|0x00000000c4b00000, 0x00000000c4c00000, 0x00000000c4c00000|100%|HC|  |TAMS 0x00000000c4c00000, 0x00000000c4c00000| Complete 
|  38|0x00000000c4c00000, 0x00000000c4d00000, 0x00000000c4d00000|100%|HC|  |TAMS 0x00000000c4d00000, 0x00000000c4d00000| Complete 
|  39|0x00000000c4d00000, 0x00000000c4e00000, 0x00000000c4e00000|100%|HC|  |TAMS 0x00000000c4e00000, 0x00000000c4e00000| Complete 
|  40|0x00000000c4e00000, 0x00000000c4f00000, 0x00000000c4f00000|100%|HC|  |TAMS 0x00000000c4f00000, 0x00000000c4f00000| Complete 
|  41|0x00000000c4f00000, 0x00000000c5000000, 0x00000000c5000000|100%|HC|  |TAMS 0x00000000c5000000, 0x00000000c5000000| Complete 
|  42|0x00000000c5000000, 0x00000000c5100000, 0x00000000c5100000|100%|HC|  |TAMS 0x00000000c5100000, 0x00000000c5100000| Complete 
|  43|0x00000000c5100000, 0x00000000c5200000, 0x00000000c5200000|100%|HC|  |TAMS 0x00000000c5200000, 0x00000000c5200000| Complete 
|  44|0x00000000c5200000, 0x00000000c5300000, 0x00000000c5300000|100%|HC|  |TAMS 0x00000000c5300000, 0x00000000c5300000| Complete 
|  45|0x00000000c5300000, 0x00000000c5400000, 0x00000000c5400000|100%|HC|  |TAMS 0x00000000c5400000, 0x00000000c5400000| Complete 
|  46|0x00000000c5400000, 0x00000000c5500000, 0x00000000c5500000|100%|HC|  |TAMS 0x00000000c5500000, 0x00000000c5500000| Complete 
|  47|0x00000000c5500000, 0x00000000c5600000, 0x00000000c5600000|100%|HC|  |TAMS 0x00000000c5600000, 0x00000000c5600000| Complete 
|  48|0x00000000c5600000, 0x00000000c5700000, 0x00000000c5700000|100%|HC|  |TAMS 0x00000000c5700000, 0x00000000c5700000| Complete 
|  49|0x00000000c5700000, 0x00000000c5800000, 0x00000000c5800000|100%|HC|  |TAMS 0x00000000c5800000, 0x00000000c5800000| Complete 
|  50|0x00000000c5800000, 0x00000000c5900000, 0x00000000c5900000|100%|HC|  |TAMS 0x00000000c5900000, 0x00000000c5900000| Complete 
|  51|0x00000000c5900000, 0x00000000c5a00000, 0x00000000c5a00000|100%|HS|  |TAMS 0x00000000c5a00000, 0x00000000c5a00000| Complete 
|  52|0x00000000c5a00000, 0x00000000c5b00000, 0x00000000c5b00000|100%|HC|  |TAMS 0x00000000c5b00000, 0x00000000c5b00000| Complete 
|  53|0x00000000c5b00000, 0x00000000c5c00000, 0x00000000c5c00000|100%|HC|  |TAMS 0x00000000c5c00000, 0x00000000c5c00000| Complete 
|  54|0x00000000c5c00000, 0x00000000c5d00000, 0x00000000c5d00000|100%|HC|  |TAMS 0x00000000c5d00000, 0x00000000c5d00000| Complete 
|  55|0x00000000c5d00000, 0x00000000c5e00000, 0x00000000c5e00000|100%|HC|  |TAMS 0x00000000c5e00000, 0x00000000c5e00000| Complete 
|  56|0x00000000c5e00000, 0x00000000c5f00000, 0x00000000c5f00000|100%|HC|  |TAMS 0x00000000c5f00000, 0x00000000c5f00000| Complete 
|  57|0x00000000c5f00000, 0x00000000c6000000, 0x00000000c6000000|100%| O|  |TAMS 0x00000000c6000000, 0x00000000c6000000| Untracked 
|  58|0x00000000c6000000, 0x00000000c6100000, 0x00000000c6100000|100%| O|  |TAMS 0x00000000c6100000, 0x00000000c6100000| Untracked 
|  59|0x00000000c6100000, 0x00000000c6200000, 0x00000000c6200000|100%| O|  |TAMS 0x00000000c6200000, 0x00000000c6200000| Untracked 
|  60|0x00000000c6200000, 0x00000000c6300000, 0x00000000c6300000|100%|HS|  |TAMS 0x00000000c6200000, 0x00000000c6200000| Complete 
|  61|0x00000000c6300000, 0x00000000c6400000, 0x00000000c6400000|100%|HS|  |TAMS 0x00000000c6400000, 0x00000000c6400000| Complete 
|  62|0x00000000c6400000, 0x00000000c6500000, 0x00000000c6500000|100%|HC|  |TAMS 0x00000000c6500000, 0x00000000c6500000| Complete 
|  63|0x00000000c6500000, 0x00000000c6600000, 0x00000000c6600000|100%|HC|  |TAMS 0x00000000c6600000, 0x00000000c6600000| Complete 
|  64|0x00000000c6600000, 0x00000000c6700000, 0x00000000c6700000|100%|HC|  |TAMS 0x00000000c6700000, 0x00000000c6700000| Complete 
|  65|0x00000000c6700000, 0x00000000c6800000, 0x00000000c6800000|100%|HC|  |TAMS 0x00000000c6800000, 0x00000000c6800000| Complete 
|  66|0x00000000c6800000, 0x00000000c6900000, 0x00000000c6900000|100%|HC|  |TAMS 0x00000000c6900000, 0x00000000c6900000| Complete 
|  67|0x00000000c6900000, 0x00000000c6a00000, 0x00000000c6a00000|100%|HC|  |TAMS 0x00000000c6a00000, 0x00000000c6a00000| Complete 
|  68|0x00000000c6a00000, 0x00000000c6b00000, 0x00000000c6b00000|100%|HC|  |TAMS 0x00000000c6b00000, 0x00000000c6b00000| Complete 
|  69|0x00000000c6b00000, 0x00000000c6c00000, 0x00000000c6c00000|100%|HC|  |TAMS 0x00000000c6c00000, 0x00000000c6c00000| Complete 
|  70|0x00000000c6c00000, 0x00000000c6d00000, 0x00000000c6d00000|100%|HC|  |TAMS 0x00000000c6d00000, 0x00000000c6d00000| Complete 
|  71|0x00000000c6d00000, 0x00000000c6e00000, 0x00000000c6e00000|100%|HC|  |TAMS 0x00000000c6e00000, 0x00000000c6e00000| Complete 
|  72|0x00000000c6e00000, 0x00000000c6f00000, 0x00000000c6f00000|100%|HC|  |TAMS 0x00000000c6f00000, 0x00000000c6f00000| Complete 
|  73|0x00000000c6f00000, 0x00000000c7000000, 0x00000000c7000000|100%|HC|  |TAMS 0x00000000c7000000, 0x00000000c7000000| Complete 
|  74|0x00000000c7000000, 0x00000000c7100000, 0x00000000c7100000|100%|HC|  |TAMS 0x00000000c7100000, 0x00000000c7100000| Complete 
|  75|0x00000000c7100000, 0x00000000c7200000, 0x00000000c7200000|100%|HC|  |TAMS 0x00000000c7200000, 0x00000000c7200000| Complete 
|  76|0x00000000c7200000, 0x00000000c7300000, 0x00000000c7300000|100%|HC|  |TAMS 0x00000000c7300000, 0x00000000c7300000| Complete 
|  77|0x00000000c7300000, 0x00000000c7400000, 0x00000000c7400000|100%|HC|  |TAMS 0x00000000c7400000, 0x00000000c7400000| Complete 
|  78|0x00000000c7400000, 0x00000000c7500000, 0x00000000c7500000|100%|HC|  |TAMS 0x00000000c7500000, 0x00000000c7500000| Complete 
|  79|0x00000000c7500000, 0x00000000c7600000, 0x00000000c7600000|100%|HC|  |TAMS 0x00000000c7600000, 0x00000000c7600000| Complete 
|  80|0x00000000c7600000, 0x00000000c7700000, 0x00000000c7700000|100%|HC|  |TAMS 0x00000000c7700000, 0x00000000c7700000| Complete 
|  81|0x00000000c7700000, 0x00000000c7800000, 0x00000000c7800000|100%|HC|  |TAMS 0x00000000c7800000, 0x00000000c7800000| Complete 
|  82|0x00000000c7800000, 0x00000000c7900000, 0x00000000c7900000|100%|HC|  |TAMS 0x00000000c7900000, 0x00000000c7900000| Complete 
|  83|0x00000000c7900000, 0x00000000c7a00000, 0x00000000c7a00000|100%|HC|  |TAMS 0x00000000c7a00000, 0x00000000c7a00000| Complete 
|  84|0x00000000c7a00000, 0x00000000c7b00000, 0x00000000c7b00000|100%|HC|  |TAMS 0x00000000c7b00000, 0x00000000c7b00000| Complete 
|  85|0x00000000c7b00000, 0x00000000c7c00000, 0x00000000c7c00000|100%|HC|  |TAMS 0x00000000c7c00000, 0x00000000c7c00000| Complete 
|  86|0x00000000c7c00000, 0x00000000c7d00000, 0x00000000c7d00000|100%|HC|  |TAMS 0x00000000c7d00000, 0x00000000c7d00000| Complete 
|  87|0x00000000c7d00000, 0x00000000c7e00000, 0x00000000c7e00000|100%|HC|  |TAMS 0x00000000c7e00000, 0x00000000c7e00000| Complete 
|  88|0x00000000c7e00000, 0x00000000c7f00000, 0x00000000c7f00000|100%|HC|  |TAMS 0x00000000c7f00000, 0x00000000c7f00000| Complete 
|  89|0x00000000c7f00000, 0x00000000c8000000, 0x00000000c8000000|100%|HC|  |TAMS 0x00000000c8000000, 0x00000000c8000000| Complete 
|  90|0x00000000c8000000, 0x00000000c8100000, 0x00000000c8100000|100%|HC|  |TAMS 0x00000000c8100000, 0x00000000c8100000| Complete 
|  91|0x00000000c8100000, 0x00000000c8200000, 0x00000000c8200000|100%|HS|  |TAMS 0x00000000c8200000, 0x00000000c8200000| Complete 
|  92|0x00000000c8200000, 0x00000000c8300000, 0x00000000c8300000|100%|HC|  |TAMS 0x00000000c8300000, 0x00000000c8300000| Complete 
|  93|0x00000000c8300000, 0x00000000c8400000, 0x00000000c8400000|100%|HC|  |TAMS 0x00000000c8400000, 0x00000000c8400000| Complete 
|  94|0x00000000c8400000, 0x00000000c8500000, 0x00000000c8500000|100%|HC|  |TAMS 0x00000000c8500000, 0x00000000c8500000| Complete 
|  95|0x00000000c8500000, 0x00000000c8600000, 0x00000000c8600000|100%|HC|  |TAMS 0x00000000c8600000, 0x00000000c8600000| Complete 
|  96|0x00000000c8600000, 0x00000000c8700000, 0x00000000c8700000|100%|HC|  |TAMS 0x00000000c8700000, 0x00000000c8700000| Complete 
|  97|0x00000000c8700000, 0x00000000c8800000, 0x00000000c8800000|100%|HC|  |TAMS 0x00000000c8800000, 0x00000000c8800000| Complete 
|  98|0x00000000c8800000, 0x00000000c8900000, 0x00000000c8900000|100%|HC|  |TAMS 0x00000000c8900000, 0x00000000c8900000| Complete 
|  99|0x00000000c8900000, 0x00000000c8a00000, 0x00000000c8a00000|100%|HC|  |TAMS 0x00000000c8a00000, 0x00000000c8a00000| Complete 
| 100|0x00000000c8a00000, 0x00000000c8b00000, 0x00000000c8b00000|100%|HC|  |TAMS 0x00000000c8b00000, 0x00000000c8b00000| Complete 
| 101|0x00000000c8b00000, 0x00000000c8c00000, 0x00000000c8c00000|100%|HC|  |TAMS 0x00000000c8c00000, 0x00000000c8c00000| Complete 
| 102|0x00000000c8c00000, 0x00000000c8d00000, 0x00000000c8d00000|100%|HC|  |TAMS 0x00000000c8d00000, 0x00000000c8d00000| Complete 
| 103|0x00000000c8d00000, 0x00000000c8e00000, 0x00000000c8e00000|100%|HC|  |TAMS 0x00000000c8e00000, 0x00000000c8e00000| Complete 
| 104|0x00000000c8e00000, 0x00000000c8f00000, 0x00000000c8f00000|100%|HC|  |TAMS 0x00000000c8f00000, 0x00000000c8f00000| Complete 
| 105|0x00000000c8f00000, 0x00000000c9000000, 0x00000000c9000000|100%|HC|  |TAMS 0x00000000c9000000, 0x00000000c9000000| Complete 
| 106|0x00000000c9000000, 0x00000000c9100000, 0x00000000c9100000|100%|HC|  |TAMS 0x00000000c9100000, 0x00000000c9100000| Complete 
| 107|0x00000000c9100000, 0x00000000c9200000, 0x00000000c9200000|100%|HC|  |TAMS 0x00000000c9200000, 0x00000000c9200000| Complete 
| 108|0x00000000c9200000, 0x00000000c9300000, 0x00000000c9300000|100%|HC|  |TAMS 0x00000000c9300000, 0x00000000c9300000| Complete 
| 109|0x00000000c9300000, 0x00000000c9400000, 0x00000000c9400000|100%|HC|  |TAMS 0x00000000c9400000, 0x00000000c9400000| Complete 
| 110|0x00000000c9400000, 0x00000000c9500000, 0x00000000c9500000|100%|HC|  |TAMS 0x00000000c9500000, 0x00000000c9500000| Complete 
| 111|0x00000000c9500000, 0x00000000c9600000, 0x00000000c9600000|100%|HC|  |TAMS 0x00000000c9600000, 0x00000000c9600000| Complete 
| 112|0x00000000c9600000, 0x00000000c9700000, 0x00000000c9700000|100%|HC|  |TAMS 0x00000000c9700000, 0x00000000c9700000| Complete 
| 113|0x00000000c9700000, 0x00000000c9800000, 0x00000000c9800000|100%|HC|  |TAMS 0x00000000c9800000, 0x00000000c9800000| Complete 
| 114|0x00000000c9800000, 0x00000000c9900000, 0x00000000c9900000|100%|HC|  |TAMS 0x00000000c9900000, 0x00000000c9900000| Complete 
| 115|0x00000000c9900000, 0x00000000c9a00000, 0x00000000c9a00000|100%|HC|  |TAMS 0x00000000c9a00000, 0x00000000c9a00000| Complete 
| 116|0x00000000c9a00000, 0x00000000c9b00000, 0x00000000c9b00000|100%|HC|  |TAMS 0x00000000c9b00000, 0x00000000c9b00000| Complete 
| 117|0x00000000c9b00000, 0x00000000c9c00000, 0x00000000c9c00000|100%|HC|  |TAMS 0x00000000c9c00000, 0x00000000c9c00000| Complete 
| 118|0x00000000c9c00000, 0x00000000c9d00000, 0x00000000c9d00000|100%|HC|  |TAMS 0x00000000c9d00000, 0x00000000c9d00000| Complete 
| 119|0x00000000c9d00000, 0x00000000c9e00000, 0x00000000c9e00000|100%|HC|  |TAMS 0x00000000c9e00000, 0x00000000c9e00000| Complete 
| 120|0x00000000c9e00000, 0x00000000c9f00000, 0x00000000c9f00000|100%|HS|  |TAMS 0x00000000c9f00000, 0x00000000c9f00000| Complete 
| 121|0x00000000c9f00000, 0x00000000ca000000, 0x00000000ca000000|100%|HC|  |TAMS 0x00000000ca000000, 0x00000000ca000000| Complete 
| 122|0x00000000ca000000, 0x00000000ca100000, 0x00000000ca100000|100%|HC|  |TAMS 0x00000000ca100000, 0x00000000ca100000| Complete 
| 123|0x00000000ca100000, 0x00000000ca200000, 0x00000000ca200000|100%|HC|  |TAMS 0x00000000ca200000, 0x00000000ca200000| Complete 
| 124|0x00000000ca200000, 0x00000000ca300000, 0x00000000ca300000|100%|HC|  |TAMS 0x00000000ca300000, 0x00000000ca300000| Complete 
| 125|0x00000000ca300000, 0x00000000ca400000, 0x00000000ca400000|100%|HC|  |TAMS 0x00000000ca400000, 0x00000000ca400000| Complete 
| 126|0x00000000ca400000, 0x00000000ca500000, 0x00000000ca500000|100%|HC|  |TAMS 0x00000000ca500000, 0x00000000ca500000| Complete 
| 127|0x00000000ca500000, 0x00000000ca600000, 0x00000000ca600000|100%|HC|  |TAMS 0x00000000ca600000, 0x00000000ca600000| Complete 
| 128|0x00000000ca600000, 0x00000000ca700000, 0x00000000ca700000|100%|HC|  |TAMS 0x00000000ca700000, 0x00000000ca700000| Complete 
| 129|0x00000000ca700000, 0x00000000ca800000, 0x00000000ca800000|100%|HC|  |TAMS 0x00000000ca800000, 0x00000000ca800000| Complete 
| 130|0x00000000ca800000, 0x00000000ca900000, 0x00000000ca900000|100%|HC|  |TAMS 0x00000000ca900000, 0x00000000ca900000| Complete 
| 131|0x00000000ca900000, 0x00000000caa00000, 0x00000000caa00000|100%|HC|  |TAMS 0x00000000caa00000, 0x00000000caa00000| Complete 
| 132|0x00000000caa00000, 0x00000000caa00000, 0x00000000cab00000|  0%| F|  |TAMS 0x00000000caa00000, 0x00000000caa00000| Untracked 
| 133|0x00000000cab00000, 0x00000000cab00000, 0x00000000cac00000|  0%| F|  |TAMS 0x00000000cab00000, 0x00000000cab00000| Untracked 
| 134|0x00000000cac00000, 0x00000000cad00000, 0x00000000cad00000|100%|HS|  |TAMS 0x00000000cad00000, 0x00000000cad00000| Complete 
| 135|0x00000000cad00000, 0x00000000cae00000, 0x00000000cae00000|100%|HC|  |TAMS 0x00000000cae00000, 0x00000000cae00000| Complete 
| 136|0x00000000cae00000, 0x00000000cae00000, 0x00000000caf00000|  0%| F|  |TAMS 0x00000000cae00000, 0x00000000cae00000| Untracked 
| 137|0x00000000caf00000, 0x00000000caf00000, 0x00000000cb000000|  0%| F|  |TAMS 0x00000000caf00000, 0x00000000caf00000| Untracked 
| 138|0x00000000cb000000, 0x00000000cb000000, 0x00000000cb100000|  0%| F|  |TAMS 0x00000000cb000000, 0x00000000cb000000| Untracked 
| 139|0x00000000cb100000, 0x00000000cb200000, 0x00000000cb200000|100%|HS|  |TAMS 0x00000000cb200000, 0x00000000cb200000| Complete 
| 140|0x00000000cb200000, 0x00000000cb300000, 0x00000000cb300000|100%|HC|  |TAMS 0x00000000cb300000, 0x00000000cb300000| Complete 
| 141|0x00000000cb300000, 0x00000000cb400000, 0x00000000cb400000|100%|HC|  |TAMS 0x00000000cb400000, 0x00000000cb400000| Complete 
| 142|0x00000000cb400000, 0x00000000cb500000, 0x00000000cb500000|100%|HC|  |TAMS 0x00000000cb500000, 0x00000000cb500000| Complete 
| 143|0x00000000cb500000, 0x00000000cb600000, 0x00000000cb600000|100%|HC|  |TAMS 0x00000000cb600000, 0x00000000cb600000| Complete 
| 144|0x00000000cb600000, 0x00000000cb700000, 0x00000000cb700000|100%|HC|  |TAMS 0x00000000cb700000, 0x00000000cb700000| Complete 
| 145|0x00000000cb700000, 0x00000000cb800000, 0x00000000cb800000|100%|HC|  |TAMS 0x00000000cb800000, 0x00000000cb800000| Complete 
| 146|0x00000000cb800000, 0x00000000cb900000, 0x00000000cb900000|100%|HC|  |TAMS 0x00000000cb900000, 0x00000000cb900000| Complete 
| 147|0x00000000cb900000, 0x00000000cba00000, 0x00000000cba00000|100%|HC|  |TAMS 0x00000000cba00000, 0x00000000cba00000| Complete 
| 148|0x00000000cba00000, 0x00000000cbb00000, 0x00000000cbb00000|100%|HC|  |TAMS 0x00000000cbb00000, 0x00000000cbb00000| Complete 
| 149|0x00000000cbb00000, 0x00000000cbc00000, 0x00000000cbc00000|100%|HC|  |TAMS 0x00000000cbc00000, 0x00000000cbc00000| Complete 
| 150|0x00000000cbc00000, 0x00000000cbd00000, 0x00000000cbd00000|100%|HC|  |TAMS 0x00000000cbd00000, 0x00000000cbd00000| Complete 
| 151|0x00000000cbd00000, 0x00000000cbe00000, 0x00000000cbe00000|100%|HC|  |TAMS 0x00000000cbe00000, 0x00000000cbe00000| Complete 
| 152|0x00000000cbe00000, 0x00000000cbf00000, 0x00000000cbf00000|100%|HC|  |TAMS 0x00000000cbf00000, 0x00000000cbf00000| Complete 
| 153|0x00000000cbf00000, 0x00000000cc000000, 0x00000000cc000000|100%|HC|  |TAMS 0x00000000cc000000, 0x00000000cc000000| Complete 
| 154|0x00000000cc000000, 0x00000000cc100000, 0x00000000cc100000|100%|HC|  |TAMS 0x00000000cc100000, 0x00000000cc100000| Complete 
| 155|0x00000000cc100000, 0x00000000cc200000, 0x00000000cc200000|100%|HC|  |TAMS 0x00000000cc200000, 0x00000000cc200000| Complete 
| 156|0x00000000cc200000, 0x00000000cc300000, 0x00000000cc300000|100%|HC|  |TAMS 0x00000000cc300000, 0x00000000cc300000| Complete 
| 157|0x00000000cc300000, 0x00000000cc400000, 0x00000000cc400000|100%|HC|  |TAMS 0x00000000cc400000, 0x00000000cc400000| Complete 
| 158|0x00000000cc400000, 0x00000000cc500000, 0x00000000cc500000|100%|HC|  |TAMS 0x00000000cc500000, 0x00000000cc500000| Complete 
| 159|0x00000000cc500000, 0x00000000cc600000, 0x00000000cc600000|100%|HC|  |TAMS 0x00000000cc600000, 0x00000000cc600000| Complete 
| 160|0x00000000cc600000, 0x00000000cc700000, 0x00000000cc700000|100%|HC|  |TAMS 0x00000000cc700000, 0x00000000cc700000| Complete 
| 161|0x00000000cc700000, 0x00000000cc800000, 0x00000000cc800000|100%|HC|  |TAMS 0x00000000cc800000, 0x00000000cc800000| Complete 
| 162|0x00000000cc800000, 0x00000000cc900000, 0x00000000cc900000|100%|HC|  |TAMS 0x00000000cc900000, 0x00000000cc900000| Complete 
| 163|0x00000000cc900000, 0x00000000cca00000, 0x00000000cca00000|100%|HC|  |TAMS 0x00000000cca00000, 0x00000000cca00000| Complete 
| 164|0x00000000cca00000, 0x00000000ccb00000, 0x00000000ccb00000|100%|HC|  |TAMS 0x00000000ccb00000, 0x00000000ccb00000| Complete 
| 165|0x00000000ccb00000, 0x00000000ccc00000, 0x00000000ccc00000|100%|HC|  |TAMS 0x00000000ccc00000, 0x00000000ccc00000| Complete 
| 166|0x00000000ccc00000, 0x00000000ccd00000, 0x00000000ccd00000|100%|HC|  |TAMS 0x00000000ccd00000, 0x00000000ccd00000| Complete 
| 167|0x00000000ccd00000, 0x00000000cce00000, 0x00000000cce00000|100%|HC|  |TAMS 0x00000000cce00000, 0x00000000cce00000| Complete 
| 168|0x00000000cce00000, 0x00000000ccf00000, 0x00000000ccf00000|100%|HS|  |TAMS 0x00000000ccf00000, 0x00000000ccf00000| Complete 
| 169|0x00000000ccf00000, 0x00000000cd000000, 0x00000000cd000000|100%|HC|  |TAMS 0x00000000cd000000, 0x00000000cd000000| Complete 
| 170|0x00000000cd000000, 0x00000000cd100000, 0x00000000cd100000|100%|HC|  |TAMS 0x00000000cd100000, 0x00000000cd100000| Complete 
| 171|0x00000000cd100000, 0x00000000cd200000, 0x00000000cd200000|100%|HC|  |TAMS 0x00000000cd200000, 0x00000000cd200000| Complete 
| 172|0x00000000cd200000, 0x00000000cd300000, 0x00000000cd300000|100%|HC|  |TAMS 0x00000000cd300000, 0x00000000cd300000| Complete 
| 173|0x00000000cd300000, 0x00000000cd400000, 0x00000000cd400000|100%|HC|  |TAMS 0x00000000cd400000, 0x00000000cd400000| Complete 
| 174|0x00000000cd400000, 0x00000000cd500000, 0x00000000cd500000|100%|HC|  |TAMS 0x00000000cd500000, 0x00000000cd500000| Complete 
| 175|0x00000000cd500000, 0x00000000cd600000, 0x00000000cd600000|100%|HC|  |TAMS 0x00000000cd600000, 0x00000000cd600000| Complete 
| 176|0x00000000cd600000, 0x00000000cd700000, 0x00000000cd700000|100%|HC|  |TAMS 0x00000000cd700000, 0x00000000cd700000| Complete 
| 177|0x00000000cd700000, 0x00000000cd800000, 0x00000000cd800000|100%|HC|  |TAMS 0x00000000cd800000, 0x00000000cd800000| Complete 
| 178|0x00000000cd800000, 0x00000000cd900000, 0x00000000cd900000|100%|HC|  |TAMS 0x00000000cd900000, 0x00000000cd900000| Complete 
| 179|0x00000000cd900000, 0x00000000cda00000, 0x00000000cda00000|100%|HC|  |TAMS 0x00000000cda00000, 0x00000000cda00000| Complete 
| 180|0x00000000cda00000, 0x00000000cdb00000, 0x00000000cdb00000|100%|HC|  |TAMS 0x00000000cdb00000, 0x00000000cdb00000| Complete 
| 181|0x00000000cdb00000, 0x00000000cdc00000, 0x00000000cdc00000|100%|HC|  |TAMS 0x00000000cdc00000, 0x00000000cdc00000| Complete 
| 182|0x00000000cdc00000, 0x00000000cdd00000, 0x00000000cdd00000|100%|HC|  |TAMS 0x00000000cdd00000, 0x00000000cdd00000| Complete 
| 183|0x00000000cdd00000, 0x00000000cde00000, 0x00000000cde00000|100%|HC|  |TAMS 0x00000000cde00000, 0x00000000cde00000| Complete 
| 184|0x00000000cde00000, 0x00000000cdf00000, 0x00000000cdf00000|100%|HC|  |TAMS 0x00000000cdf00000, 0x00000000cdf00000| Complete 
| 185|0x00000000cdf00000, 0x00000000ce000000, 0x00000000ce000000|100%|HC|  |TAMS 0x00000000ce000000, 0x00000000ce000000| Complete 
| 186|0x00000000ce000000, 0x00000000ce100000, 0x00000000ce100000|100%|HC|  |TAMS 0x00000000ce100000, 0x00000000ce100000| Complete 
| 187|0x00000000ce100000, 0x00000000ce200000, 0x00000000ce200000|100%|HC|  |TAMS 0x00000000ce200000, 0x00000000ce200000| Complete 
| 188|0x00000000ce200000, 0x00000000ce300000, 0x00000000ce300000|100%|HC|  |TAMS 0x00000000ce300000, 0x00000000ce300000| Complete 
| 189|0x00000000ce300000, 0x00000000ce400000, 0x00000000ce400000|100%|HC|  |TAMS 0x00000000ce400000, 0x00000000ce400000| Complete 
| 190|0x00000000ce400000, 0x00000000ce500000, 0x00000000ce500000|100%|HC|  |TAMS 0x00000000ce500000, 0x00000000ce500000| Complete 
| 191|0x00000000ce500000, 0x00000000ce600000, 0x00000000ce600000|100%|HC|  |TAMS 0x00000000ce600000, 0x00000000ce600000| Complete 
| 192|0x00000000ce600000, 0x00000000ce700000, 0x00000000ce700000|100%|HC|  |TAMS 0x00000000ce700000, 0x00000000ce700000| Complete 
| 193|0x00000000ce700000, 0x00000000ce800000, 0x00000000ce800000|100%|HC|  |TAMS 0x00000000ce800000, 0x00000000ce800000| Complete 
| 194|0x00000000ce800000, 0x00000000ce900000, 0x00000000ce900000|100%|HC|  |TAMS 0x00000000ce900000, 0x00000000ce900000| Complete 
| 195|0x00000000ce900000, 0x00000000cea00000, 0x00000000cea00000|100%|HC|  |TAMS 0x00000000cea00000, 0x00000000cea00000| Complete 
| 196|0x00000000cea00000, 0x00000000ceb00000, 0x00000000ceb00000|100%|HC|  |TAMS 0x00000000ceb00000, 0x00000000ceb00000| Complete 
| 197|0x00000000ceb00000, 0x00000000cec00000, 0x00000000cec00000|100%|HC|  |TAMS 0x00000000cec00000, 0x00000000cec00000| Complete 
| 198|0x00000000cec00000, 0x00000000ced00000, 0x00000000ced00000|100%|HC|  |TAMS 0x00000000ced00000, 0x00000000ced00000| Complete 
| 199|0x00000000ced00000, 0x00000000cee00000, 0x00000000cee00000|100%|HC|  |TAMS 0x00000000cee00000, 0x00000000cee00000| Complete 
| 200|0x00000000cee00000, 0x00000000cef00000, 0x00000000cef00000|100%|HC|  |TAMS 0x00000000cef00000, 0x00000000cef00000| Complete 
| 201|0x00000000cef00000, 0x00000000cf000000, 0x00000000cf000000|100%|HC|  |TAMS 0x00000000cf000000, 0x00000000cf000000| Complete 
| 202|0x00000000cf000000, 0x00000000cf100000, 0x00000000cf100000|100%|HC|  |TAMS 0x00000000cf100000, 0x00000000cf100000| Complete 
| 203|0x00000000cf100000, 0x00000000cf200000, 0x00000000cf200000|100%|HC|  |TAMS 0x00000000cf200000, 0x00000000cf200000| Complete 
| 204|0x00000000cf200000, 0x00000000cf200000, 0x00000000cf300000|  0%| F|  |TAMS 0x00000000cf200000, 0x00000000cf200000| Untracked 
| 205|0x00000000cf300000, 0x00000000cf400000, 0x00000000cf400000|100%| O|  |TAMS 0x00000000cf400000, 0x00000000cf400000| Untracked 
| 206|0x00000000cf400000, 0x00000000cf500000, 0x00000000cf500000|100%| O|  |TAMS 0x00000000cf488c00, 0x00000000cf500000| Untracked 
| 207|0x00000000cf500000, 0x00000000cf500000, 0x00000000cf600000|  0%| F|  |TAMS 0x00000000cf500000, 0x00000000cf500000| Untracked 
| 208|0x00000000cf600000, 0x00000000cf600000, 0x00000000cf700000|  0%| F|  |TAMS 0x00000000cf600000, 0x00000000cf600000| Untracked 
| 209|0x00000000cf700000, 0x00000000cf700000, 0x00000000cf800000|  0%| F|  |TAMS 0x00000000cf700000, 0x00000000cf700000| Untracked 
| 210|0x00000000cf800000, 0x00000000cf800000, 0x00000000cf900000|  0%| F|  |TAMS 0x00000000cf800000, 0x00000000cf800000| Untracked 
| 211|0x00000000cf900000, 0x00000000cf900000, 0x00000000cfa00000|  0%| F|  |TAMS 0x00000000cf900000, 0x00000000cf900000| Untracked 
| 212|0x00000000cfa00000, 0x00000000cfa00000, 0x00000000cfb00000|  0%| F|  |TAMS 0x00000000cfa00000, 0x00000000cfa00000| Untracked 
| 213|0x00000000cfb00000, 0x00000000cfb00000, 0x00000000cfc00000|  0%| F|  |TAMS 0x00000000cfb00000, 0x00000000cfb00000| Untracked 
| 214|0x00000000cfc00000, 0x00000000cfc00000, 0x00000000cfd00000|  0%| F|  |TAMS 0x00000000cfc00000, 0x00000000cfc00000| Untracked 
| 215|0x00000000cfd00000, 0x00000000cfd00000, 0x00000000cfe00000|  0%| F|  |TAMS 0x00000000cfd00000, 0x00000000cfd00000| Untracked 
| 216|0x00000000cfe00000, 0x00000000cfe00000, 0x00000000cff00000|  0%| F|  |TAMS 0x00000000cfe00000, 0x00000000cfe00000| Untracked 
| 217|0x00000000cff00000, 0x00000000cff00000, 0x00000000d0000000|  0%| F|  |TAMS 0x00000000cff00000, 0x00000000cff00000| Untracked 
| 218|0x00000000d0000000, 0x00000000d0000000, 0x00000000d0100000|  0%| F|  |TAMS 0x00000000d0000000, 0x00000000d0000000| Untracked 
| 219|0x00000000d0100000, 0x00000000d0100000, 0x00000000d0200000|  0%| F|  |TAMS 0x00000000d0100000, 0x00000000d0100000| Untracked 
| 220|0x00000000d0200000, 0x00000000d0200000, 0x00000000d0300000|  0%| F|  |TAMS 0x00000000d0200000, 0x00000000d0200000| Untracked 
| 221|0x00000000d0300000, 0x00000000d0300000, 0x00000000d0400000|  0%| F|  |TAMS 0x00000000d0300000, 0x00000000d0300000| Untracked 
| 222|0x00000000d0400000, 0x00000000d0500000, 0x00000000d0500000|100%|HS|  |TAMS 0x00000000d0500000, 0x00000000d0500000| Complete 
| 223|0x00000000d0500000, 0x00000000d0600000, 0x00000000d0600000|100%|HC|  |TAMS 0x00000000d0600000, 0x00000000d0600000| Complete 
| 224|0x00000000d0600000, 0x00000000d0700000, 0x00000000d0700000|100%|HC|  |TAMS 0x00000000d0700000, 0x00000000d0700000| Complete 
| 225|0x00000000d0700000, 0x00000000d0800000, 0x00000000d0800000|100%|HC|  |TAMS 0x00000000d0800000, 0x00000000d0800000| Complete 
| 226|0x00000000d0800000, 0x00000000d0900000, 0x00000000d0900000|100%|HC|  |TAMS 0x00000000d0900000, 0x00000000d0900000| Complete 
| 227|0x00000000d0900000, 0x00000000d0a00000, 0x00000000d0a00000|100%|HC|  |TAMS 0x00000000d0a00000, 0x00000000d0a00000| Complete 
| 228|0x00000000d0a00000, 0x00000000d0b00000, 0x00000000d0b00000|100%|HS|  |TAMS 0x00000000d0b00000, 0x00000000d0b00000| Complete 
| 229|0x00000000d0b00000, 0x00000000d0c00000, 0x00000000d0c00000|100%|HC|  |TAMS 0x00000000d0c00000, 0x00000000d0c00000| Complete 
| 230|0x00000000d0c00000, 0x00000000d0d00000, 0x00000000d0d00000|100%|HC|  |TAMS 0x00000000d0d00000, 0x00000000d0d00000| Complete 
| 231|0x00000000d0d00000, 0x00000000d0e00000, 0x00000000d0e00000|100%|HC|  |TAMS 0x00000000d0e00000, 0x00000000d0e00000| Complete 
| 232|0x00000000d0e00000, 0x00000000d0f00000, 0x00000000d0f00000|100%|HC|  |TAMS 0x00000000d0f00000, 0x00000000d0f00000| Complete 
| 233|0x00000000d0f00000, 0x00000000d1000000, 0x00000000d1000000|100%|HC|  |TAMS 0x00000000d1000000, 0x00000000d1000000| Complete 
| 234|0x00000000d1000000, 0x00000000d1100000, 0x00000000d1100000|100%|HS|  |TAMS 0x00000000d1100000, 0x00000000d1100000| Complete 
| 235|0x00000000d1100000, 0x00000000d1200000, 0x00000000d1200000|100%|HC|  |TAMS 0x00000000d1200000, 0x00000000d1200000| Complete 
| 236|0x00000000d1200000, 0x00000000d1300000, 0x00000000d1300000|100%|HC|  |TAMS 0x00000000d1300000, 0x00000000d1300000| Complete 
| 237|0x00000000d1300000, 0x00000000d1400000, 0x00000000d1400000|100%|HC|  |TAMS 0x00000000d1400000, 0x00000000d1400000| Complete 
| 238|0x00000000d1400000, 0x00000000d1500000, 0x00000000d1500000|100%|HC|  |TAMS 0x00000000d1500000, 0x00000000d1500000| Complete 
| 239|0x00000000d1500000, 0x00000000d1600000, 0x00000000d1600000|100%|HC|  |TAMS 0x00000000d1600000, 0x00000000d1600000| Complete 
| 240|0x00000000d1600000, 0x00000000d1700000, 0x00000000d1700000|100%|HS|  |TAMS 0x00000000d1700000, 0x00000000d1700000| Complete 
| 241|0x00000000d1700000, 0x00000000d1800000, 0x00000000d1800000|100%|HC|  |TAMS 0x00000000d1800000, 0x00000000d1800000| Complete 
| 242|0x00000000d1800000, 0x00000000d1900000, 0x00000000d1900000|100%|HC|  |TAMS 0x00000000d1900000, 0x00000000d1900000| Complete 
| 243|0x00000000d1900000, 0x00000000d1a00000, 0x00000000d1a00000|100%|HC|  |TAMS 0x00000000d1a00000, 0x00000000d1a00000| Complete 
| 244|0x00000000d1a00000, 0x00000000d1b00000, 0x00000000d1b00000|100%|HC|  |TAMS 0x00000000d1b00000, 0x00000000d1b00000| Complete 
| 245|0x00000000d1b00000, 0x00000000d1c00000, 0x00000000d1c00000|100%|HC|  |TAMS 0x00000000d1c00000, 0x00000000d1c00000| Complete 
| 246|0x00000000d1c00000, 0x00000000d1d00000, 0x00000000d1d00000|100%|HS|  |TAMS 0x00000000d1d00000, 0x00000000d1d00000| Complete 
| 247|0x00000000d1d00000, 0x00000000d1e00000, 0x00000000d1e00000|100%|HC|  |TAMS 0x00000000d1e00000, 0x00000000d1e00000| Complete 
| 248|0x00000000d1e00000, 0x00000000d1f00000, 0x00000000d1f00000|100%|HC|  |TAMS 0x00000000d1f00000, 0x00000000d1f00000| Complete 
| 249|0x00000000d1f00000, 0x00000000d2000000, 0x00000000d2000000|100%|HC|  |TAMS 0x00000000d2000000, 0x00000000d2000000| Complete 
| 250|0x00000000d2000000, 0x00000000d2100000, 0x00000000d2100000|100%|HC|  |TAMS 0x00000000d2100000, 0x00000000d2100000| Complete 
| 251|0x00000000d2100000, 0x00000000d2200000, 0x00000000d2200000|100%|HC|  |TAMS 0x00000000d2200000, 0x00000000d2200000| Complete 
| 252|0x00000000d2200000, 0x00000000d2300000, 0x00000000d2300000|100%|HS|  |TAMS 0x00000000d2300000, 0x00000000d2300000| Complete 
| 253|0x00000000d2300000, 0x00000000d2400000, 0x00000000d2400000|100%|HC|  |TAMS 0x00000000d2400000, 0x00000000d2400000| Complete 
| 254|0x00000000d2400000, 0x00000000d2500000, 0x00000000d2500000|100%|HC|  |TAMS 0x00000000d2500000, 0x00000000d2500000| Complete 
| 255|0x00000000d2500000, 0x00000000d2600000, 0x00000000d2600000|100%|HC|  |TAMS 0x00000000d2600000, 0x00000000d2600000| Complete 
| 256|0x00000000d2600000, 0x00000000d2700000, 0x00000000d2700000|100%|HC|  |TAMS 0x00000000d2700000, 0x00000000d2700000| Complete 
| 257|0x00000000d2700000, 0x00000000d2800000, 0x00000000d2800000|100%|HC|  |TAMS 0x00000000d2800000, 0x00000000d2800000| Complete 
| 258|0x00000000d2800000, 0x00000000d2900000, 0x00000000d2900000|100%|HC|  |TAMS 0x00000000d2900000, 0x00000000d2900000| Complete 
| 259|0x00000000d2900000, 0x00000000d2a00000, 0x00000000d2a00000|100%|HC|  |TAMS 0x00000000d2a00000, 0x00000000d2a00000| Complete 
| 260|0x00000000d2a00000, 0x00000000d2b00000, 0x00000000d2b00000|100%|HC|  |TAMS 0x00000000d2b00000, 0x00000000d2b00000| Complete 
| 261|0x00000000d2b00000, 0x00000000d2c00000, 0x00000000d2c00000|100%|HC|  |TAMS 0x00000000d2c00000, 0x00000000d2c00000| Complete 
| 262|0x00000000d2c00000, 0x00000000d2d00000, 0x00000000d2d00000|100%|HC|  |TAMS 0x00000000d2d00000, 0x00000000d2d00000| Complete 
| 263|0x00000000d2d00000, 0x00000000d2e00000, 0x00000000d2e00000|100%|HC|  |TAMS 0x00000000d2e00000, 0x00000000d2e00000| Complete 
| 264|0x00000000d2e00000, 0x00000000d2f00000, 0x00000000d2f00000|100%|HC|  |TAMS 0x00000000d2f00000, 0x00000000d2f00000| Complete 
| 265|0x00000000d2f00000, 0x00000000d3000000, 0x00000000d3000000|100%|HC|  |TAMS 0x00000000d3000000, 0x00000000d3000000| Complete 
| 266|0x00000000d3000000, 0x00000000d3100000, 0x00000000d3100000|100%|HC|  |TAMS 0x00000000d3100000, 0x00000000d3100000| Complete 
| 267|0x00000000d3100000, 0x00000000d3200000, 0x00000000d3200000|100%|HC|  |TAMS 0x00000000d3200000, 0x00000000d3200000| Complete 
| 268|0x00000000d3200000, 0x00000000d3300000, 0x00000000d3300000|100%|HC|  |TAMS 0x00000000d3300000, 0x00000000d3300000| Complete 
| 269|0x00000000d3300000, 0x00000000d3400000, 0x00000000d3400000|100%|HC|  |TAMS 0x00000000d3400000, 0x00000000d3400000| Complete 
| 270|0x00000000d3400000, 0x00000000d3500000, 0x00000000d3500000|100%|HC|  |TAMS 0x00000000d3500000, 0x00000000d3500000| Complete 
| 271|0x00000000d3500000, 0x00000000d3600000, 0x00000000d3600000|100%|HC|  |TAMS 0x00000000d3600000, 0x00000000d3600000| Complete 
| 272|0x00000000d3600000, 0x00000000d3700000, 0x00000000d3700000|100%|HC|  |TAMS 0x00000000d3700000, 0x00000000d3700000| Complete 
| 273|0x00000000d3700000, 0x00000000d3800000, 0x00000000d3800000|100%|HC|  |TAMS 0x00000000d3800000, 0x00000000d3800000| Complete 
| 274|0x00000000d3800000, 0x00000000d3900000, 0x00000000d3900000|100%|HC|  |TAMS 0x00000000d3900000, 0x00000000d3900000| Complete 
| 275|0x00000000d3900000, 0x00000000d3a00000, 0x00000000d3a00000|100%|HC|  |TAMS 0x00000000d3a00000, 0x00000000d3a00000| Complete 
| 276|0x00000000d3a00000, 0x00000000d3b00000, 0x00000000d3b00000|100%|HC|  |TAMS 0x00000000d3b00000, 0x00000000d3b00000| Complete 
| 277|0x00000000d3b00000, 0x00000000d3c00000, 0x00000000d3c00000|100%|HC|  |TAMS 0x00000000d3c00000, 0x00000000d3c00000| Complete 
| 278|0x00000000d3c00000, 0x00000000d3d00000, 0x00000000d3d00000|100%|HC|  |TAMS 0x00000000d3d00000, 0x00000000d3d00000| Complete 
| 279|0x00000000d3d00000, 0x00000000d3e00000, 0x00000000d3e00000|100%|HC|  |TAMS 0x00000000d3e00000, 0x00000000d3e00000| Complete 
| 280|0x00000000d3e00000, 0x00000000d3f00000, 0x00000000d3f00000|100%|HC|  |TAMS 0x00000000d3f00000, 0x00000000d3f00000| Complete 
| 281|0x00000000d3f00000, 0x00000000d4000000, 0x00000000d4000000|100%|HC|  |TAMS 0x00000000d4000000, 0x00000000d4000000| Complete 
| 282|0x00000000d4000000, 0x00000000d4100000, 0x00000000d4100000|100%|HC|  |TAMS 0x00000000d4100000, 0x00000000d4100000| Complete 
| 283|0x00000000d4100000, 0x00000000d4200000, 0x00000000d4200000|100%|HC|  |TAMS 0x00000000d4200000, 0x00000000d4200000| Complete 
| 284|0x00000000d4200000, 0x00000000d4300000, 0x00000000d4300000|100%|HC|  |TAMS 0x00000000d4300000, 0x00000000d4300000| Complete 
| 285|0x00000000d4300000, 0x00000000d4400000, 0x00000000d4400000|100%|HC|  |TAMS 0x00000000d4400000, 0x00000000d4400000| Complete 
| 286|0x00000000d4400000, 0x00000000d4500000, 0x00000000d4500000|100%|HC|  |TAMS 0x00000000d4500000, 0x00000000d4500000| Complete 
| 287|0x00000000d4500000, 0x00000000d4600000, 0x00000000d4600000|100%|HC|  |TAMS 0x00000000d4600000, 0x00000000d4600000| Complete 
| 288|0x00000000d4600000, 0x00000000d4700000, 0x00000000d4700000|100%|HC|  |TAMS 0x00000000d4700000, 0x00000000d4700000| Complete 
| 289|0x00000000d4700000, 0x00000000d4800000, 0x00000000d4800000|100%|HC|  |TAMS 0x00000000d4800000, 0x00000000d4800000| Complete 
| 290|0x00000000d4800000, 0x00000000d4900000, 0x00000000d4900000|100%|HC|  |TAMS 0x00000000d4900000, 0x00000000d4900000| Complete 
| 291|0x00000000d4900000, 0x00000000d4a00000, 0x00000000d4a00000|100%|HC|  |TAMS 0x00000000d4a00000, 0x00000000d4a00000| Complete 
| 292|0x00000000d4a00000, 0x00000000d4b00000, 0x00000000d4b00000|100%|HC|  |TAMS 0x00000000d4b00000, 0x00000000d4b00000| Complete 
| 293|0x00000000d4b00000, 0x00000000d4c00000, 0x00000000d4c00000|100%|HC|  |TAMS 0x00000000d4c00000, 0x00000000d4c00000| Complete 
| 294|0x00000000d4c00000, 0x00000000d4d00000, 0x00000000d4d00000|100%|HC|  |TAMS 0x00000000d4d00000, 0x00000000d4d00000| Complete 
| 295|0x00000000d4d00000, 0x00000000d4e00000, 0x00000000d4e00000|100%|HC|  |TAMS 0x00000000d4e00000, 0x00000000d4e00000| Complete 
| 296|0x00000000d4e00000, 0x00000000d4f00000, 0x00000000d4f00000|100%|HC|  |TAMS 0x00000000d4f00000, 0x00000000d4f00000| Complete 
| 297|0x00000000d4f00000, 0x00000000d5000000, 0x00000000d5000000|100%|HC|  |TAMS 0x00000000d5000000, 0x00000000d5000000| Complete 
| 298|0x00000000d5000000, 0x00000000d5100000, 0x00000000d5100000|100%|HC|  |TAMS 0x00000000d5100000, 0x00000000d5100000| Complete 
| 299|0x00000000d5100000, 0x00000000d5200000, 0x00000000d5200000|100%|HC|  |TAMS 0x00000000d5200000, 0x00000000d5200000| Complete 
| 300|0x00000000d5200000, 0x00000000d5300000, 0x00000000d5300000|100%|HC|  |TAMS 0x00000000d5300000, 0x00000000d5300000| Complete 
| 301|0x00000000d5300000, 0x00000000d5400000, 0x00000000d5400000|100%|HC|  |TAMS 0x00000000d5400000, 0x00000000d5400000| Complete 
| 302|0x00000000d5400000, 0x00000000d5500000, 0x00000000d5500000|100%|HC|  |TAMS 0x00000000d5500000, 0x00000000d5500000| Complete 
| 303|0x00000000d5500000, 0x00000000d5500000, 0x00000000d5600000|  0%| F|  |TAMS 0x00000000d5500000, 0x00000000d5500000| Untracked 
| 304|0x00000000d5600000, 0x00000000d5600000, 0x00000000d5700000|  0%| F|  |TAMS 0x00000000d5600000, 0x00000000d5600000| Untracked 
| 305|0x00000000d5700000, 0x00000000d5700000, 0x00000000d5800000|  0%| F|  |TAMS 0x00000000d5700000, 0x00000000d5700000| Untracked 
| 306|0x00000000d5800000, 0x00000000d5800000, 0x00000000d5900000|  0%| F|  |TAMS 0x00000000d5800000, 0x00000000d5800000| Untracked 
| 307|0x00000000d5900000, 0x00000000d5900000, 0x00000000d5a00000|  0%| F|  |TAMS 0x00000000d5900000, 0x00000000d5900000| Untracked 
| 308|0x00000000d5a00000, 0x00000000d5a00000, 0x00000000d5b00000|  0%| F|  |TAMS 0x00000000d5a00000, 0x00000000d5a00000| Untracked 
| 309|0x00000000d5b00000, 0x00000000d5b00000, 0x00000000d5c00000|  0%| F|  |TAMS 0x00000000d5b00000, 0x00000000d5b00000| Untracked 
| 310|0x00000000d5c00000, 0x00000000d5c00000, 0x00000000d5d00000|  0%| F|  |TAMS 0x00000000d5c00000, 0x00000000d5c00000| Untracked 
| 311|0x00000000d5d00000, 0x00000000d5e00000, 0x00000000d5e00000|100%| O|  |TAMS 0x00000000d5e00000, 0x00000000d5e00000| Untracked 
| 312|0x00000000d5e00000, 0x00000000d5e00000, 0x00000000d5f00000|  0%| F|  |TAMS 0x00000000d5e00000, 0x00000000d5e00000| Untracked 
| 313|0x00000000d5f00000, 0x00000000d6000000, 0x00000000d6000000|100%| O|  |TAMS 0x00000000d6000000, 0x00000000d6000000| Untracked 
| 314|0x00000000d6000000, 0x00000000d6000000, 0x00000000d6100000|  0%| F|  |TAMS 0x00000000d6000000, 0x00000000d6000000| Untracked 
| 315|0x00000000d6100000, 0x00000000d6100000, 0x00000000d6200000|  0%| F|  |TAMS 0x00000000d6100000, 0x00000000d6100000| Untracked 
| 316|0x00000000d6200000, 0x00000000d6300000, 0x00000000d6300000|100%| O|  |TAMS 0x00000000d6200000, 0x00000000d6300000| Untracked 
| 317|0x00000000d6300000, 0x00000000d6300000, 0x00000000d6400000|  0%| F|  |TAMS 0x00000000d6300000, 0x00000000d6300000| Untracked 
| 318|0x00000000d6400000, 0x00000000d6400000, 0x00000000d6500000|  0%| F|  |TAMS 0x00000000d6400000, 0x00000000d6400000| Untracked 
| 319|0x00000000d6500000, 0x00000000d6500000, 0x00000000d6600000|  0%| F|  |TAMS 0x00000000d6500000, 0x00000000d6500000| Untracked 
| 320|0x00000000d6600000, 0x00000000d6600000, 0x00000000d6700000|  0%| F|  |TAMS 0x00000000d6600000, 0x00000000d6600000| Untracked 
| 321|0x00000000d6700000, 0x00000000d6800000, 0x00000000d6800000|100%|HS|  |TAMS 0x00000000d6700000, 0x00000000d6800000| Complete 
| 322|0x00000000d6800000, 0x00000000d6900000, 0x00000000d6900000|100%|HS|  |TAMS 0x00000000d6800000, 0x00000000d6900000| Complete 
| 323|0x00000000d6900000, 0x00000000d6a00000, 0x00000000d6a00000|100%| O|  |TAMS 0x00000000d6900000, 0x00000000d6a00000| Untracked 
| 324|0x00000000d6a00000, 0x00000000d6b00000, 0x00000000d6b00000|100%|HS|  |TAMS 0x00000000d6a00000, 0x00000000d6b00000| Complete 
| 325|0x00000000d6b00000, 0x00000000d6c00000, 0x00000000d6c00000|100%|HS|  |TAMS 0x00000000d6b00000, 0x00000000d6c00000| Complete 
| 326|0x00000000d6c00000, 0x00000000d6d00000, 0x00000000d6d00000|100%| O|  |TAMS 0x00000000d6c00000, 0x00000000d6d00000| Untracked 
| 327|0x00000000d6d00000, 0x00000000d6e00000, 0x00000000d6e00000|100%|HS|  |TAMS 0x00000000d6d00000, 0x00000000d6e00000| Complete 
| 328|0x00000000d6e00000, 0x00000000d6f00000, 0x00000000d6f00000|100%|HS|  |TAMS 0x00000000d6e00000, 0x00000000d6f00000| Complete 
| 329|0x00000000d6f00000, 0x00000000d7000000, 0x00000000d7000000|100%|HS|  |TAMS 0x00000000d6f00000, 0x00000000d7000000| Complete 
| 330|0x00000000d7000000, 0x00000000d7100000, 0x00000000d7100000|100%|HS|  |TAMS 0x00000000d7100000, 0x00000000d7100000| Complete 
| 331|0x00000000d7100000, 0x00000000d7200000, 0x00000000d7200000|100%|HC|  |TAMS 0x00000000d7200000, 0x00000000d7200000| Complete 
| 332|0x00000000d7200000, 0x00000000d7300000, 0x00000000d7300000|100%|HC|  |TAMS 0x00000000d7300000, 0x00000000d7300000| Complete 
| 333|0x00000000d7300000, 0x00000000d7400000, 0x00000000d7400000|100%|HC|  |TAMS 0x00000000d7400000, 0x00000000d7400000| Complete 
| 334|0x00000000d7400000, 0x00000000d7500000, 0x00000000d7500000|100%|HC|  |TAMS 0x00000000d7500000, 0x00000000d7500000| Complete 
| 335|0x00000000d7500000, 0x00000000d7600000, 0x00000000d7600000|100%|HC|  |TAMS 0x00000000d7600000, 0x00000000d7600000| Complete 
| 336|0x00000000d7600000, 0x00000000d7700000, 0x00000000d7700000|100%|HC|  |TAMS 0x00000000d7700000, 0x00000000d7700000| Complete 
| 337|0x00000000d7700000, 0x00000000d7800000, 0x00000000d7800000|100%|HC|  |TAMS 0x00000000d7800000, 0x00000000d7800000| Complete 
| 338|0x00000000d7800000, 0x00000000d7900000, 0x00000000d7900000|100%|HC|  |TAMS 0x00000000d7900000, 0x00000000d7900000| Complete 
| 339|0x00000000d7900000, 0x00000000d7a00000, 0x00000000d7a00000|100%|HC|  |TAMS 0x00000000d7a00000, 0x00000000d7a00000| Complete 
| 340|0x00000000d7a00000, 0x00000000d7b00000, 0x00000000d7b00000|100%|HC|  |TAMS 0x00000000d7b00000, 0x00000000d7b00000| Complete 
| 341|0x00000000d7b00000, 0x00000000d7c00000, 0x00000000d7c00000|100%|HC|  |TAMS 0x00000000d7c00000, 0x00000000d7c00000| Complete 
| 342|0x00000000d7c00000, 0x00000000d7d00000, 0x00000000d7d00000|100%|HC|  |TAMS 0x00000000d7d00000, 0x00000000d7d00000| Complete 
| 343|0x00000000d7d00000, 0x00000000d7e00000, 0x00000000d7e00000|100%|HC|  |TAMS 0x00000000d7e00000, 0x00000000d7e00000| Complete 
| 344|0x00000000d7e00000, 0x00000000d7f00000, 0x00000000d7f00000|100%|HC|  |TAMS 0x00000000d7f00000, 0x00000000d7f00000| Complete 
| 345|0x00000000d7f00000, 0x00000000d8000000, 0x00000000d8000000|100%|HC|  |TAMS 0x00000000d8000000, 0x00000000d8000000| Complete 
| 346|0x00000000d8000000, 0x00000000d8100000, 0x00000000d8100000|100%|HC|  |TAMS 0x00000000d8100000, 0x00000000d8100000| Complete 
| 347|0x00000000d8100000, 0x00000000d8200000, 0x00000000d8200000|100%|HC|  |TAMS 0x00000000d8200000, 0x00000000d8200000| Complete 
| 348|0x00000000d8200000, 0x00000000d8300000, 0x00000000d8300000|100%|HC|  |TAMS 0x00000000d8300000, 0x00000000d8300000| Complete 
| 349|0x00000000d8300000, 0x00000000d8400000, 0x00000000d8400000|100%|HC|  |TAMS 0x00000000d8400000, 0x00000000d8400000| Complete 
| 350|0x00000000d8400000, 0x00000000d8500000, 0x00000000d8500000|100%|HC|  |TAMS 0x00000000d8500000, 0x00000000d8500000| Complete 
| 351|0x00000000d8500000, 0x00000000d8600000, 0x00000000d8600000|100%|HC|  |TAMS 0x00000000d8600000, 0x00000000d8600000| Complete 
| 352|0x00000000d8600000, 0x00000000d8700000, 0x00000000d8700000|100%|HC|  |TAMS 0x00000000d8700000, 0x00000000d8700000| Complete 
| 353|0x00000000d8700000, 0x00000000d8800000, 0x00000000d8800000|100%|HC|  |TAMS 0x00000000d8800000, 0x00000000d8800000| Complete 
| 354|0x00000000d8800000, 0x00000000d8900000, 0x00000000d8900000|100%|HC|  |TAMS 0x00000000d8900000, 0x00000000d8900000| Complete 
| 355|0x00000000d8900000, 0x00000000d8a00000, 0x00000000d8a00000|100%|HC|  |TAMS 0x00000000d8a00000, 0x00000000d8a00000| Complete 
| 356|0x00000000d8a00000, 0x00000000d8b00000, 0x00000000d8b00000|100%|HC|  |TAMS 0x00000000d8b00000, 0x00000000d8b00000| Complete 
| 357|0x00000000d8b00000, 0x00000000d8c00000, 0x00000000d8c00000|100%|HC|  |TAMS 0x00000000d8c00000, 0x00000000d8c00000| Complete 
| 358|0x00000000d8c00000, 0x00000000d8d00000, 0x00000000d8d00000|100%|HC|  |TAMS 0x00000000d8d00000, 0x00000000d8d00000| Complete 
| 359|0x00000000d8d00000, 0x00000000d8e00000, 0x00000000d8e00000|100%|HC|  |TAMS 0x00000000d8e00000, 0x00000000d8e00000| Complete 
| 360|0x00000000d8e00000, 0x00000000d8f00000, 0x00000000d8f00000|100%|HC|  |TAMS 0x00000000d8f00000, 0x00000000d8f00000| Complete 
| 361|0x00000000d8f00000, 0x00000000d9000000, 0x00000000d9000000|100%|HC|  |TAMS 0x00000000d9000000, 0x00000000d9000000| Complete 
| 362|0x00000000d9000000, 0x00000000d9100000, 0x00000000d9100000|100%|HC|  |TAMS 0x00000000d9100000, 0x00000000d9100000| Complete 
| 363|0x00000000d9100000, 0x00000000d9200000, 0x00000000d9200000|100%|HC|  |TAMS 0x00000000d9200000, 0x00000000d9200000| Complete 
| 364|0x00000000d9200000, 0x00000000d9300000, 0x00000000d9300000|100%|HC|  |TAMS 0x00000000d9300000, 0x00000000d9300000| Complete 
| 365|0x00000000d9300000, 0x00000000d9400000, 0x00000000d9400000|100%|HC|  |TAMS 0x00000000d9400000, 0x00000000d9400000| Complete 
| 366|0x00000000d9400000, 0x00000000d9500000, 0x00000000d9500000|100%|HC|  |TAMS 0x00000000d9500000, 0x00000000d9500000| Complete 
| 367|0x00000000d9500000, 0x00000000d9600000, 0x00000000d9600000|100%|HC|  |TAMS 0x00000000d9600000, 0x00000000d9600000| Complete 
| 368|0x00000000d9600000, 0x00000000d9700000, 0x00000000d9700000|100%|HC|  |TAMS 0x00000000d9700000, 0x00000000d9700000| Complete 
| 369|0x00000000d9700000, 0x00000000d9800000, 0x00000000d9800000|100%|HS|  |TAMS 0x00000000d9800000, 0x00000000d9800000| Complete 
| 370|0x00000000d9800000, 0x00000000d9900000, 0x00000000d9900000|100%|HC|  |TAMS 0x00000000d9900000, 0x00000000d9900000| Complete 
| 371|0x00000000d9900000, 0x00000000d9a00000, 0x00000000d9a00000|100%|HC|  |TAMS 0x00000000d9a00000, 0x00000000d9a00000| Complete 
| 372|0x00000000d9a00000, 0x00000000d9b00000, 0x00000000d9b00000|100%|HC|  |TAMS 0x00000000d9b00000, 0x00000000d9b00000| Complete 
| 373|0x00000000d9b00000, 0x00000000d9c00000, 0x00000000d9c00000|100%|HC|  |TAMS 0x00000000d9c00000, 0x00000000d9c00000| Complete 
| 374|0x00000000d9c00000, 0x00000000d9d00000, 0x00000000d9d00000|100%|HC|  |TAMS 0x00000000d9d00000, 0x00000000d9d00000| Complete 
| 375|0x00000000d9d00000, 0x00000000d9e00000, 0x00000000d9e00000|100%|HC|  |TAMS 0x00000000d9e00000, 0x00000000d9e00000| Complete 
| 376|0x00000000d9e00000, 0x00000000d9f00000, 0x00000000d9f00000|100%|HC|  |TAMS 0x00000000d9f00000, 0x00000000d9f00000| Complete 
| 377|0x00000000d9f00000, 0x00000000da000000, 0x00000000da000000|100%|HC|  |TAMS 0x00000000da000000, 0x00000000da000000| Complete 
| 378|0x00000000da000000, 0x00000000da100000, 0x00000000da100000|100%|HC|  |TAMS 0x00000000da100000, 0x00000000da100000| Complete 
| 379|0x00000000da100000, 0x00000000da200000, 0x00000000da200000|100%|HC|  |TAMS 0x00000000da200000, 0x00000000da200000| Complete 
| 380|0x00000000da200000, 0x00000000da300000, 0x00000000da300000|100%|HC|  |TAMS 0x00000000da300000, 0x00000000da300000| Complete 
| 381|0x00000000da300000, 0x00000000da400000, 0x00000000da400000|100%|HC|  |TAMS 0x00000000da400000, 0x00000000da400000| Complete 
| 382|0x00000000da400000, 0x00000000da500000, 0x00000000da500000|100%|HC|  |TAMS 0x00000000da500000, 0x00000000da500000| Complete 
| 383|0x00000000da500000, 0x00000000da600000, 0x00000000da600000|100%|HC|  |TAMS 0x00000000da600000, 0x00000000da600000| Complete 
| 384|0x00000000da600000, 0x00000000da700000, 0x00000000da700000|100%|HC|  |TAMS 0x00000000da700000, 0x00000000da700000| Complete 
| 385|0x00000000da700000, 0x00000000da800000, 0x00000000da800000|100%|HC|  |TAMS 0x00000000da800000, 0x00000000da800000| Complete 
| 386|0x00000000da800000, 0x00000000da900000, 0x00000000da900000|100%|HC|  |TAMS 0x00000000da900000, 0x00000000da900000| Complete 
| 387|0x00000000da900000, 0x00000000daa00000, 0x00000000daa00000|100%|HC|  |TAMS 0x00000000daa00000, 0x00000000daa00000| Complete 
| 388|0x00000000daa00000, 0x00000000dab00000, 0x00000000dab00000|100%|HC|  |TAMS 0x00000000dab00000, 0x00000000dab00000| Complete 
| 389|0x00000000dab00000, 0x00000000dac00000, 0x00000000dac00000|100%|HC|  |TAMS 0x00000000dac00000, 0x00000000dac00000| Complete 
| 390|0x00000000dac00000, 0x00000000dad00000, 0x00000000dad00000|100%|HC|  |TAMS 0x00000000dad00000, 0x00000000dad00000| Complete 
| 391|0x00000000dad00000, 0x00000000dae00000, 0x00000000dae00000|100%|HC|  |TAMS 0x00000000dae00000, 0x00000000dae00000| Complete 
| 392|0x00000000dae00000, 0x00000000daf00000, 0x00000000daf00000|100%|HC|  |TAMS 0x00000000daf00000, 0x00000000daf00000| Complete 
| 393|0x00000000daf00000, 0x00000000db000000, 0x00000000db000000|100%|HC|  |TAMS 0x00000000db000000, 0x00000000db000000| Complete 
| 394|0x00000000db000000, 0x00000000db100000, 0x00000000db100000|100%|HC|  |TAMS 0x00000000db100000, 0x00000000db100000| Complete 
| 395|0x00000000db100000, 0x00000000db200000, 0x00000000db200000|100%|HC|  |TAMS 0x00000000db200000, 0x00000000db200000| Complete 
| 396|0x00000000db200000, 0x00000000db300000, 0x00000000db300000|100%|HC|  |TAMS 0x00000000db300000, 0x00000000db300000| Complete 
| 397|0x00000000db300000, 0x00000000db400000, 0x00000000db400000|100%|HC|  |TAMS 0x00000000db400000, 0x00000000db400000| Complete 
| 398|0x00000000db400000, 0x00000000db500000, 0x00000000db500000|100%|HC|  |TAMS 0x00000000db500000, 0x00000000db500000| Complete 
| 399|0x00000000db500000, 0x00000000db600000, 0x00000000db600000|100%|HS|  |TAMS 0x00000000db600000, 0x00000000db600000| Complete 
| 400|0x00000000db600000, 0x00000000db700000, 0x00000000db700000|100%|HC|  |TAMS 0x00000000db700000, 0x00000000db700000| Complete 
| 401|0x00000000db700000, 0x00000000db800000, 0x00000000db800000|100%|HC|  |TAMS 0x00000000db800000, 0x00000000db800000| Complete 
| 402|0x00000000db800000, 0x00000000db900000, 0x00000000db900000|100%|HC|  |TAMS 0x00000000db900000, 0x00000000db900000| Complete 
| 403|0x00000000db900000, 0x00000000dba00000, 0x00000000dba00000|100%|HC|  |TAMS 0x00000000dba00000, 0x00000000dba00000| Complete 
| 404|0x00000000dba00000, 0x00000000dbb00000, 0x00000000dbb00000|100%|HC|  |TAMS 0x00000000dbb00000, 0x00000000dbb00000| Complete 
| 405|0x00000000dbb00000, 0x00000000dbc00000, 0x00000000dbc00000|100%|HC|  |TAMS 0x00000000dbc00000, 0x00000000dbc00000| Complete 
| 406|0x00000000dbc00000, 0x00000000dbd00000, 0x00000000dbd00000|100%|HC|  |TAMS 0x00000000dbd00000, 0x00000000dbd00000| Complete 
| 407|0x00000000dbd00000, 0x00000000dbe00000, 0x00000000dbe00000|100%|HC|  |TAMS 0x00000000dbe00000, 0x00000000dbe00000| Complete 
| 408|0x00000000dbe00000, 0x00000000dbf00000, 0x00000000dbf00000|100%|HC|  |TAMS 0x00000000dbf00000, 0x00000000dbf00000| Complete 
| 409|0x00000000dbf00000, 0x00000000dc000000, 0x00000000dc000000|100%|HC|  |TAMS 0x00000000dc000000, 0x00000000dc000000| Complete 
| 410|0x00000000dc000000, 0x00000000dc100000, 0x00000000dc100000|100%|HC|  |TAMS 0x00000000dc100000, 0x00000000dc100000| Complete 
| 411|0x00000000dc100000, 0x00000000dc200000, 0x00000000dc200000|100%|HC|  |TAMS 0x00000000dc200000, 0x00000000dc200000| Complete 
| 412|0x00000000dc200000, 0x00000000dc300000, 0x00000000dc300000|100%|HC|  |TAMS 0x00000000dc300000, 0x00000000dc300000| Complete 
| 413|0x00000000dc300000, 0x00000000dc400000, 0x00000000dc400000|100%|HC|  |TAMS 0x00000000dc400000, 0x00000000dc400000| Complete 
| 414|0x00000000dc400000, 0x00000000dc500000, 0x00000000dc500000|100%|HC|  |TAMS 0x00000000dc500000, 0x00000000dc500000| Complete 
| 415|0x00000000dc500000, 0x00000000dc600000, 0x00000000dc600000|100%|HC|  |TAMS 0x00000000dc600000, 0x00000000dc600000| Complete 
| 416|0x00000000dc600000, 0x00000000dc700000, 0x00000000dc700000|100%|HC|  |TAMS 0x00000000dc700000, 0x00000000dc700000| Complete 
| 417|0x00000000dc700000, 0x00000000dc800000, 0x00000000dc800000|100%|HC|  |TAMS 0x00000000dc800000, 0x00000000dc800000| Complete 
| 418|0x00000000dc800000, 0x00000000dc900000, 0x00000000dc900000|100%|HC|  |TAMS 0x00000000dc900000, 0x00000000dc900000| Complete 
| 419|0x00000000dc900000, 0x00000000dca00000, 0x00000000dca00000|100%|HC|  |TAMS 0x00000000dca00000, 0x00000000dca00000| Complete 
| 420|0x00000000dca00000, 0x00000000dcb00000, 0x00000000dcb00000|100%|HC|  |TAMS 0x00000000dcb00000, 0x00000000dcb00000| Complete 
| 421|0x00000000dcb00000, 0x00000000dcc00000, 0x00000000dcc00000|100%|HC|  |TAMS 0x00000000dcc00000, 0x00000000dcc00000| Complete 
| 422|0x00000000dcc00000, 0x00000000dcd00000, 0x00000000dcd00000|100%|HC|  |TAMS 0x00000000dcd00000, 0x00000000dcd00000| Complete 
| 423|0x00000000dcd00000, 0x00000000dce00000, 0x00000000dce00000|100%|HC|  |TAMS 0x00000000dce00000, 0x00000000dce00000| Complete 
| 424|0x00000000dce00000, 0x00000000dcf00000, 0x00000000dcf00000|100%|HC|  |TAMS 0x00000000dcf00000, 0x00000000dcf00000| Complete 
| 425|0x00000000dcf00000, 0x00000000dd000000, 0x00000000dd000000|100%|HC|  |TAMS 0x00000000dd000000, 0x00000000dd000000| Complete 
| 426|0x00000000dd000000, 0x00000000dd100000, 0x00000000dd100000|100%|HC|  |TAMS 0x00000000dd100000, 0x00000000dd100000| Complete 
| 427|0x00000000dd100000, 0x00000000dd200000, 0x00000000dd200000|100%|HC|  |TAMS 0x00000000dd200000, 0x00000000dd200000| Complete 
| 428|0x00000000dd200000, 0x00000000dd300000, 0x00000000dd300000|100%|HS|  |TAMS 0x00000000dd300000, 0x00000000dd300000| Complete 
| 429|0x00000000dd300000, 0x00000000dd400000, 0x00000000dd400000|100%|HC|  |TAMS 0x00000000dd400000, 0x00000000dd400000| Complete 
| 430|0x00000000dd400000, 0x00000000dd500000, 0x00000000dd500000|100%|HC|  |TAMS 0x00000000dd500000, 0x00000000dd500000| Complete 
| 431|0x00000000dd500000, 0x00000000dd600000, 0x00000000dd600000|100%|HC|  |TAMS 0x00000000dd600000, 0x00000000dd600000| Complete 
| 432|0x00000000dd600000, 0x00000000dd700000, 0x00000000dd700000|100%|HC|  |TAMS 0x00000000dd700000, 0x00000000dd700000| Complete 
| 433|0x00000000dd700000, 0x00000000dd800000, 0x00000000dd800000|100%|HC|  |TAMS 0x00000000dd800000, 0x00000000dd800000| Complete 
| 434|0x00000000dd800000, 0x00000000dd900000, 0x00000000dd900000|100%|HC|  |TAMS 0x00000000dd900000, 0x00000000dd900000| Complete 
| 435|0x00000000dd900000, 0x00000000dda00000, 0x00000000dda00000|100%|HC|  |TAMS 0x00000000dda00000, 0x00000000dda00000| Complete 
| 436|0x00000000dda00000, 0x00000000ddb00000, 0x00000000ddb00000|100%|HC|  |TAMS 0x00000000ddb00000, 0x00000000ddb00000| Complete 
| 437|0x00000000ddb00000, 0x00000000ddc00000, 0x00000000ddc00000|100%|HC|  |TAMS 0x00000000ddc00000, 0x00000000ddc00000| Complete 
| 438|0x00000000ddc00000, 0x00000000ddd00000, 0x00000000ddd00000|100%|HC|  |TAMS 0x00000000ddd00000, 0x00000000ddd00000| Complete 
| 439|0x00000000ddd00000, 0x00000000dde00000, 0x00000000dde00000|100%|HC|  |TAMS 0x00000000dde00000, 0x00000000dde00000| Complete 
| 440|0x00000000dde00000, 0x00000000ddf00000, 0x00000000ddf00000|100%|HS|  |TAMS 0x00000000ddf00000, 0x00000000ddf00000| Complete 
| 441|0x00000000ddf00000, 0x00000000de000000, 0x00000000de000000|100%|HC|  |TAMS 0x00000000de000000, 0x00000000de000000| Complete 
| 442|0x00000000de000000, 0x00000000de100000, 0x00000000de100000|100%|HC|  |TAMS 0x00000000de100000, 0x00000000de100000| Complete 
| 443|0x00000000de100000, 0x00000000de200000, 0x00000000de200000|100%|HC|  |TAMS 0x00000000de200000, 0x00000000de200000| Complete 
| 444|0x00000000de200000, 0x00000000de300000, 0x00000000de300000|100%|HC|  |TAMS 0x00000000de300000, 0x00000000de300000| Complete 
| 445|0x00000000de300000, 0x00000000de400000, 0x00000000de400000|100%|HC|  |TAMS 0x00000000de400000, 0x00000000de400000| Complete 
| 446|0x00000000de400000, 0x00000000de500000, 0x00000000de500000|100%|HC|  |TAMS 0x00000000de500000, 0x00000000de500000| Complete 
| 447|0x00000000de500000, 0x00000000de600000, 0x00000000de600000|100%|HC|  |TAMS 0x00000000de600000, 0x00000000de600000| Complete 
| 448|0x00000000de600000, 0x00000000de700000, 0x00000000de700000|100%|HC|  |TAMS 0x00000000de700000, 0x00000000de700000| Complete 
| 449|0x00000000de700000, 0x00000000de800000, 0x00000000de800000|100%|HC|  |TAMS 0x00000000de800000, 0x00000000de800000| Complete 
| 450|0x00000000de800000, 0x00000000de900000, 0x00000000de900000|100%|HC|  |TAMS 0x00000000de900000, 0x00000000de900000| Complete 
| 451|0x00000000de900000, 0x00000000dea00000, 0x00000000dea00000|100%|HC|  |TAMS 0x00000000dea00000, 0x00000000dea00000| Complete 
| 452|0x00000000dea00000, 0x00000000deb00000, 0x00000000deb00000|100%|HC|  |TAMS 0x00000000deb00000, 0x00000000deb00000| Complete 
| 453|0x00000000deb00000, 0x00000000dec00000, 0x00000000dec00000|100%|HC|  |TAMS 0x00000000dec00000, 0x00000000dec00000| Complete 
| 454|0x00000000dec00000, 0x00000000ded00000, 0x00000000ded00000|100%|HC|  |TAMS 0x00000000ded00000, 0x00000000ded00000| Complete 
| 455|0x00000000ded00000, 0x00000000dee00000, 0x00000000dee00000|100%|HC|  |TAMS 0x00000000dee00000, 0x00000000dee00000| Complete 
| 456|0x00000000dee00000, 0x00000000def00000, 0x00000000def00000|100%|HC|  |TAMS 0x00000000def00000, 0x00000000def00000| Complete 
| 457|0x00000000def00000, 0x00000000df000000, 0x00000000df000000|100%|HC|  |TAMS 0x00000000df000000, 0x00000000df000000| Complete 
| 458|0x00000000df000000, 0x00000000df100000, 0x00000000df100000|100%|HC|  |TAMS 0x00000000df100000, 0x00000000df100000| Complete 
| 459|0x00000000df100000, 0x00000000df200000, 0x00000000df200000|100%|HC|  |TAMS 0x00000000df200000, 0x00000000df200000| Complete 
| 460|0x00000000df200000, 0x00000000df300000, 0x00000000df300000|100%|HC|  |TAMS 0x00000000df300000, 0x00000000df300000| Complete 
| 461|0x00000000df300000, 0x00000000df400000, 0x00000000df400000|100%|HC|  |TAMS 0x00000000df400000, 0x00000000df400000| Complete 
| 462|0x00000000df400000, 0x00000000df500000, 0x00000000df500000|100%|HC|  |TAMS 0x00000000df500000, 0x00000000df500000| Complete 
| 463|0x00000000df500000, 0x00000000df600000, 0x00000000df600000|100%|HC|  |TAMS 0x00000000df600000, 0x00000000df600000| Complete 
| 464|0x00000000df600000, 0x00000000df700000, 0x00000000df700000|100%|HC|  |TAMS 0x00000000df700000, 0x00000000df700000| Complete 
| 465|0x00000000df700000, 0x00000000df800000, 0x00000000df800000|100%|HC|  |TAMS 0x00000000df800000, 0x00000000df800000| Complete 
| 466|0x00000000df800000, 0x00000000df900000, 0x00000000df900000|100%|HC|  |TAMS 0x00000000df900000, 0x00000000df900000| Complete 
| 467|0x00000000df900000, 0x00000000dfa00000, 0x00000000dfa00000|100%|HC|  |TAMS 0x00000000dfa00000, 0x00000000dfa00000| Complete 
| 468|0x00000000dfa00000, 0x00000000dfb00000, 0x00000000dfb00000|100%|HC|  |TAMS 0x00000000dfb00000, 0x00000000dfb00000| Complete 
| 469|0x00000000dfb00000, 0x00000000dfc00000, 0x00000000dfc00000|100%|HS|  |TAMS 0x00000000dfc00000, 0x00000000dfc00000| Complete 
| 470|0x00000000dfc00000, 0x00000000dfd00000, 0x00000000dfd00000|100%|HC|  |TAMS 0x00000000dfd00000, 0x00000000dfd00000| Complete 
| 471|0x00000000dfd00000, 0x00000000dfe00000, 0x00000000dfe00000|100%|HC|  |TAMS 0x00000000dfe00000, 0x00000000dfe00000| Complete 
| 472|0x00000000dfe00000, 0x00000000dff00000, 0x00000000dff00000|100%|HC|  |TAMS 0x00000000dff00000, 0x00000000dff00000| Complete 
| 473|0x00000000dff00000, 0x00000000e0000000, 0x00000000e0000000|100%|HC|  |TAMS 0x00000000e0000000, 0x00000000e0000000| Complete 
| 474|0x00000000e0000000, 0x00000000e0100000, 0x00000000e0100000|100%|HC|  |TAMS 0x00000000e0100000, 0x00000000e0100000| Complete 
| 475|0x00000000e0100000, 0x00000000e0200000, 0x00000000e0200000|100%|HC|  |TAMS 0x00000000e0200000, 0x00000000e0200000| Complete 
| 476|0x00000000e0200000, 0x00000000e0300000, 0x00000000e0300000|100%|HC|  |TAMS 0x00000000e0300000, 0x00000000e0300000| Complete 
| 477|0x00000000e0300000, 0x00000000e0400000, 0x00000000e0400000|100%|HC|  |TAMS 0x00000000e0400000, 0x00000000e0400000| Complete 
| 478|0x00000000e0400000, 0x00000000e0500000, 0x00000000e0500000|100%|HC|  |TAMS 0x00000000e0500000, 0x00000000e0500000| Complete 
| 479|0x00000000e0500000, 0x00000000e0600000, 0x00000000e0600000|100%|HC|  |TAMS 0x00000000e0600000, 0x00000000e0600000| Complete 
| 480|0x00000000e0600000, 0x00000000e0700000, 0x00000000e0700000|100%|HC|  |TAMS 0x00000000e0700000, 0x00000000e0700000| Complete 
| 481|0x00000000e0700000, 0x00000000e0800000, 0x00000000e0800000|100%|HC|  |TAMS 0x00000000e0800000, 0x00000000e0800000| Complete 
| 482|0x00000000e0800000, 0x00000000e0900000, 0x00000000e0900000|100%|HC|  |TAMS 0x00000000e0900000, 0x00000000e0900000| Complete 
| 483|0x00000000e0900000, 0x00000000e0a00000, 0x00000000e0a00000|100%|HC|  |TAMS 0x00000000e0a00000, 0x00000000e0a00000| Complete 
| 484|0x00000000e0a00000, 0x00000000e0b00000, 0x00000000e0b00000|100%|HC|  |TAMS 0x00000000e0b00000, 0x00000000e0b00000| Complete 
| 485|0x00000000e0b00000, 0x00000000e0c00000, 0x00000000e0c00000|100%|HC|  |TAMS 0x00000000e0c00000, 0x00000000e0c00000| Complete 
| 486|0x00000000e0c00000, 0x00000000e0d00000, 0x00000000e0d00000|100%|HC|  |TAMS 0x00000000e0d00000, 0x00000000e0d00000| Complete 
| 487|0x00000000e0d00000, 0x00000000e0e00000, 0x00000000e0e00000|100%|HC|  |TAMS 0x00000000e0e00000, 0x00000000e0e00000| Complete 
| 488|0x00000000e0e00000, 0x00000000e0f00000, 0x00000000e0f00000|100%|HC|  |TAMS 0x00000000e0f00000, 0x00000000e0f00000| Complete 
| 489|0x00000000e0f00000, 0x00000000e1000000, 0x00000000e1000000|100%|HC|  |TAMS 0x00000000e1000000, 0x00000000e1000000| Complete 
| 490|0x00000000e1000000, 0x00000000e1100000, 0x00000000e1100000|100%|HC|  |TAMS 0x00000000e1100000, 0x00000000e1100000| Complete 
| 491|0x00000000e1100000, 0x00000000e1200000, 0x00000000e1200000|100%|HC|  |TAMS 0x00000000e1200000, 0x00000000e1200000| Complete 
| 492|0x00000000e1200000, 0x00000000e1300000, 0x00000000e1300000|100%|HC|  |TAMS 0x00000000e1300000, 0x00000000e1300000| Complete 
| 493|0x00000000e1300000, 0x00000000e1400000, 0x00000000e1400000|100%|HC|  |TAMS 0x00000000e1400000, 0x00000000e1400000| Complete 
| 494|0x00000000e1400000, 0x00000000e1500000, 0x00000000e1500000|100%|HC|  |TAMS 0x00000000e1500000, 0x00000000e1500000| Complete 
| 495|0x00000000e1500000, 0x00000000e1600000, 0x00000000e1600000|100%|HC|  |TAMS 0x00000000e1600000, 0x00000000e1600000| Complete 
| 496|0x00000000e1600000, 0x00000000e1700000, 0x00000000e1700000|100%|HC|  |TAMS 0x00000000e1700000, 0x00000000e1700000| Complete 
| 497|0x00000000e1700000, 0x00000000e1800000, 0x00000000e1800000|100%|HC|  |TAMS 0x00000000e1800000, 0x00000000e1800000| Complete 
| 498|0x00000000e1800000, 0x00000000e1900000, 0x00000000e1900000|100%|HC|  |TAMS 0x00000000e1900000, 0x00000000e1900000| Complete 
| 499|0x00000000e1900000, 0x00000000e1a00000, 0x00000000e1a00000|100%|HC|  |TAMS 0x00000000e1a00000, 0x00000000e1a00000| Complete 
| 500|0x00000000e1a00000, 0x00000000e1b00000, 0x00000000e1b00000|100%|HC|  |TAMS 0x00000000e1b00000, 0x00000000e1b00000| Complete 
| 501|0x00000000e1b00000, 0x00000000e1c00000, 0x00000000e1c00000|100%|HC|  |TAMS 0x00000000e1c00000, 0x00000000e1c00000| Complete 
| 502|0x00000000e1c00000, 0x00000000e1d00000, 0x00000000e1d00000|100%|HC|  |TAMS 0x00000000e1d00000, 0x00000000e1d00000| Complete 
| 503|0x00000000e1d00000, 0x00000000e1e00000, 0x00000000e1e00000|100%|HC|  |TAMS 0x00000000e1e00000, 0x00000000e1e00000| Complete 
| 504|0x00000000e1e00000, 0x00000000e1f00000, 0x00000000e1f00000|100%|HC|  |TAMS 0x00000000e1f00000, 0x00000000e1f00000| Complete 
| 505|0x00000000e1f00000, 0x00000000e1f00000, 0x00000000e2000000|  0%| F|  |TAMS 0x00000000e1f00000, 0x00000000e1f00000| Untracked 
| 506|0x00000000e2000000, 0x00000000e2100000, 0x00000000e2100000|100%|HS|  |TAMS 0x00000000e2000000, 0x00000000e2100000| Complete 
| 507|0x00000000e2100000, 0x00000000e2200000, 0x00000000e2200000|100%| O|  |TAMS 0x00000000e2100000, 0x00000000e2200000| Untracked 
| 508|0x00000000e2200000, 0x00000000e2200000, 0x00000000e2300000|  0%| F|  |TAMS 0x00000000e2200000, 0x00000000e2200000| Untracked 
| 509|0x00000000e2300000, 0x00000000e2300000, 0x00000000e2400000|  0%| F|  |TAMS 0x00000000e2300000, 0x00000000e2300000| Untracked 
| 510|0x00000000e2400000, 0x00000000e2400000, 0x00000000e2500000|  0%| F|  |TAMS 0x00000000e2400000, 0x00000000e2400000| Untracked 
| 511|0x00000000e2500000, 0x00000000e2500000, 0x00000000e2600000|  0%| F|  |TAMS 0x00000000e2500000, 0x00000000e2500000| Untracked 
| 512|0x00000000e2600000, 0x00000000e2700000, 0x00000000e2700000|100%| O|  |TAMS 0x00000000e2600000, 0x00000000e2700000| Untracked 
| 513|0x00000000e2700000, 0x00000000e2780000, 0x00000000e2800000| 50%| O|  |TAMS 0x00000000e2700000, 0x00000000e2764400| Untracked 
| 514|0x00000000e2800000, 0x00000000e2800000, 0x00000000e2900000|  0%| F|  |TAMS 0x00000000e2800000, 0x00000000e2800000| Untracked 
| 515|0x00000000e2900000, 0x00000000e2900000, 0x00000000e2a00000|  0%| F|  |TAMS 0x00000000e2900000, 0x00000000e2900000| Untracked 
| 516|0x00000000e2a00000, 0x00000000e2a00000, 0x00000000e2b00000|  0%| F|  |TAMS 0x00000000e2a00000, 0x00000000e2a00000| Untracked 
| 517|0x00000000e2b00000, 0x00000000e2b00000, 0x00000000e2c00000|  0%| F|  |TAMS 0x00000000e2b00000, 0x00000000e2b00000| Untracked 
| 518|0x00000000e2c00000, 0x00000000e2c00000, 0x00000000e2d00000|  0%| F|  |TAMS 0x00000000e2c00000, 0x00000000e2c00000| Untracked 
| 519|0x00000000e2d00000, 0x00000000e2d00000, 0x00000000e2e00000|  0%| F|  |TAMS 0x00000000e2d00000, 0x00000000e2d00000| Untracked 
| 520|0x00000000e2e00000, 0x00000000e2e00000, 0x00000000e2f00000|  0%| F|  |TAMS 0x00000000e2e00000, 0x00000000e2e00000| Untracked 
| 521|0x00000000e2f00000, 0x00000000e2f00000, 0x00000000e3000000|  0%| F|  |TAMS 0x00000000e2f00000, 0x00000000e2f00000| Untracked 
| 522|0x00000000e3000000, 0x00000000e3000000, 0x00000000e3100000|  0%| F|  |TAMS 0x00000000e3000000, 0x00000000e3000000| Untracked 
| 523|0x00000000e3100000, 0x00000000e3100000, 0x00000000e3200000|  0%| F|  |TAMS 0x00000000e3100000, 0x00000000e3100000| Untracked 
| 524|0x00000000e3200000, 0x00000000e3200000, 0x00000000e3300000|  0%| F|  |TAMS 0x00000000e3200000, 0x00000000e3200000| Untracked 
| 525|0x00000000e3300000, 0x00000000e3300000, 0x00000000e3400000|  0%| F|  |TAMS 0x00000000e3300000, 0x00000000e3300000| Untracked 
| 526|0x00000000e3400000, 0x00000000e3400000, 0x00000000e3500000|  0%| F|  |TAMS 0x00000000e3400000, 0x00000000e3400000| Untracked 
| 527|0x00000000e3500000, 0x00000000e3500000, 0x00000000e3600000|  0%| F|  |TAMS 0x00000000e3500000, 0x00000000e3500000| Untracked 
| 528|0x00000000e3600000, 0x00000000e3600000, 0x00000000e3700000|  0%| F|  |TAMS 0x00000000e3600000, 0x00000000e3600000| Untracked 
| 529|0x00000000e3700000, 0x00000000e3700000, 0x00000000e3800000|  0%| F|  |TAMS 0x00000000e3700000, 0x00000000e3700000| Untracked 
| 530|0x00000000e3800000, 0x00000000e3800000, 0x00000000e3900000|  0%| F|  |TAMS 0x00000000e3800000, 0x00000000e3800000| Untracked 
| 531|0x00000000e3900000, 0x00000000e3900000, 0x00000000e3a00000|  0%| F|  |TAMS 0x00000000e3900000, 0x00000000e3900000| Untracked 
| 532|0x00000000e3a00000, 0x00000000e3a00000, 0x00000000e3b00000|  0%| F|  |TAMS 0x00000000e3a00000, 0x00000000e3a00000| Untracked 
| 533|0x00000000e3b00000, 0x00000000e3b00000, 0x00000000e3c00000|  0%| F|  |TAMS 0x00000000e3b00000, 0x00000000e3b00000| Untracked 
| 534|0x00000000e3c00000, 0x00000000e3c00000, 0x00000000e3d00000|  0%| F|  |TAMS 0x00000000e3c00000, 0x00000000e3c00000| Untracked 
| 535|0x00000000e3d00000, 0x00000000e3d00000, 0x00000000e3e00000|  0%| F|  |TAMS 0x00000000e3d00000, 0x00000000e3d00000| Untracked 
| 536|0x00000000e3e00000, 0x00000000e3e00000, 0x00000000e3f00000|  0%| F|  |TAMS 0x00000000e3e00000, 0x00000000e3e00000| Untracked 
| 537|0x00000000e3f00000, 0x00000000e3f00000, 0x00000000e4000000|  0%| F|  |TAMS 0x00000000e3f00000, 0x00000000e3f00000| Untracked 
| 538|0x00000000e4000000, 0x00000000e4000000, 0x00000000e4100000|  0%| F|  |TAMS 0x00000000e4000000, 0x00000000e4000000| Untracked 
| 539|0x00000000e4100000, 0x00000000e4100000, 0x00000000e4200000|  0%| F|  |TAMS 0x00000000e4100000, 0x00000000e4100000| Untracked 
| 540|0x00000000e4200000, 0x00000000e4200000, 0x00000000e4300000|  0%| F|  |TAMS 0x00000000e4200000, 0x00000000e4200000| Untracked 
| 541|0x00000000e4300000, 0x00000000e4300000, 0x00000000e4400000|  0%| F|  |TAMS 0x00000000e4300000, 0x00000000e4300000| Untracked 
| 542|0x00000000e4400000, 0x00000000e4400000, 0x00000000e4500000|  0%| F|  |TAMS 0x00000000e4400000, 0x00000000e4400000| Untracked 
| 543|0x00000000e4500000, 0x00000000e4500000, 0x00000000e4600000|  0%| F|  |TAMS 0x00000000e4500000, 0x00000000e4500000| Untracked 
| 544|0x00000000e4600000, 0x00000000e4600000, 0x00000000e4700000|  0%| F|  |TAMS 0x00000000e4600000, 0x00000000e4600000| Untracked 
| 545|0x00000000e4700000, 0x00000000e4700000, 0x00000000e4800000|  0%| F|  |TAMS 0x00000000e4700000, 0x00000000e4700000| Untracked 
| 546|0x00000000e4800000, 0x00000000e4800000, 0x00000000e4900000|  0%| F|  |TAMS 0x00000000e4800000, 0x00000000e4800000| Untracked 
| 547|0x00000000e4900000, 0x00000000e4900000, 0x00000000e4a00000|  0%| F|  |TAMS 0x00000000e4900000, 0x00000000e4900000| Untracked 
| 548|0x00000000e4a00000, 0x00000000e4a00000, 0x00000000e4b00000|  0%| F|  |TAMS 0x00000000e4a00000, 0x00000000e4a00000| Untracked 
| 549|0x00000000e4b00000, 0x00000000e4b00000, 0x00000000e4c00000|  0%| F|  |TAMS 0x00000000e4b00000, 0x00000000e4b00000| Untracked 
| 550|0x00000000e4c00000, 0x00000000e4c00000, 0x00000000e4d00000|  0%| F|  |TAMS 0x00000000e4c00000, 0x00000000e4c00000| Untracked 
| 551|0x00000000e4d00000, 0x00000000e4d00000, 0x00000000e4e00000|  0%| F|  |TAMS 0x00000000e4d00000, 0x00000000e4d00000| Untracked 
| 552|0x00000000e4e00000, 0x00000000e4e00000, 0x00000000e4f00000|  0%| F|  |TAMS 0x00000000e4e00000, 0x00000000e4e00000| Untracked 
| 553|0x00000000e4f00000, 0x00000000e4f00000, 0x00000000e5000000|  0%| F|  |TAMS 0x00000000e4f00000, 0x00000000e4f00000| Untracked 
| 554|0x00000000e5000000, 0x00000000e5000000, 0x00000000e5100000|  0%| F|  |TAMS 0x00000000e5000000, 0x00000000e5000000| Untracked 
| 555|0x00000000e5100000, 0x00000000e5100000, 0x00000000e5200000|  0%| F|  |TAMS 0x00000000e5100000, 0x00000000e5100000| Untracked 
| 556|0x00000000e5200000, 0x00000000e5200000, 0x00000000e5300000|  0%| F|  |TAMS 0x00000000e5200000, 0x00000000e5200000| Untracked 
| 557|0x00000000e5300000, 0x00000000e5300000, 0x00000000e5400000|  0%| F|  |TAMS 0x00000000e5300000, 0x00000000e5300000| Untracked 
| 558|0x00000000e5400000, 0x00000000e5400000, 0x00000000e5500000|  0%| F|  |TAMS 0x00000000e5400000, 0x00000000e5400000| Untracked 
| 559|0x00000000e5500000, 0x00000000e5500000, 0x00000000e5600000|  0%| F|  |TAMS 0x00000000e5500000, 0x00000000e5500000| Untracked 
| 560|0x00000000e5600000, 0x00000000e5600000, 0x00000000e5700000|  0%| F|  |TAMS 0x00000000e5600000, 0x00000000e5600000| Untracked 
| 561|0x00000000e5700000, 0x00000000e5700000, 0x00000000e5800000|  0%| F|  |TAMS 0x00000000e5700000, 0x00000000e5700000| Untracked 
| 562|0x00000000e5800000, 0x00000000e5800000, 0x00000000e5900000|  0%| F|  |TAMS 0x00000000e5800000, 0x00000000e5800000| Untracked 
| 563|0x00000000e5900000, 0x00000000e5900000, 0x00000000e5a00000|  0%| F|  |TAMS 0x00000000e5900000, 0x00000000e5900000| Untracked 
| 564|0x00000000e5a00000, 0x00000000e5a00000, 0x00000000e5b00000|  0%| F|  |TAMS 0x00000000e5a00000, 0x00000000e5a00000| Untracked 
| 565|0x00000000e5b00000, 0x00000000e5b00000, 0x00000000e5c00000|  0%| F|  |TAMS 0x00000000e5b00000, 0x00000000e5b00000| Untracked 
| 566|0x00000000e5c00000, 0x00000000e5c00000, 0x00000000e5d00000|  0%| F|  |TAMS 0x00000000e5c00000, 0x00000000e5c00000| Untracked 
| 567|0x00000000e5d00000, 0x00000000e5d00000, 0x00000000e5e00000|  0%| F|  |TAMS 0x00000000e5d00000, 0x00000000e5d00000| Untracked 
| 568|0x00000000e5e00000, 0x00000000e5e00000, 0x00000000e5f00000|  0%| F|  |TAMS 0x00000000e5e00000, 0x00000000e5e00000| Untracked 
| 569|0x00000000e5f00000, 0x00000000e5f00000, 0x00000000e6000000|  0%| F|  |TAMS 0x00000000e5f00000, 0x00000000e5f00000| Untracked 
| 570|0x00000000e6000000, 0x00000000e6000000, 0x00000000e6100000|  0%| F|  |TAMS 0x00000000e6000000, 0x00000000e6000000| Untracked 
| 571|0x00000000e6100000, 0x00000000e6100000, 0x00000000e6200000|  0%| F|  |TAMS 0x00000000e6100000, 0x00000000e6100000| Untracked 
| 572|0x00000000e6200000, 0x00000000e6200000, 0x00000000e6300000|  0%| F|  |TAMS 0x00000000e6200000, 0x00000000e6200000| Untracked 
| 573|0x00000000e6300000, 0x00000000e6300000, 0x00000000e6400000|  0%| F|  |TAMS 0x00000000e6300000, 0x00000000e6300000| Untracked 
| 574|0x00000000e6400000, 0x00000000e6400000, 0x00000000e6500000|  0%| F|  |TAMS 0x00000000e6400000, 0x00000000e6400000| Untracked 
| 575|0x00000000e6500000, 0x00000000e6500000, 0x00000000e6600000|  0%| F|  |TAMS 0x00000000e6500000, 0x00000000e6500000| Untracked 
| 576|0x00000000e6600000, 0x00000000e6600000, 0x00000000e6700000|  0%| F|  |TAMS 0x00000000e6600000, 0x00000000e6600000| Untracked 
| 577|0x00000000e6700000, 0x00000000e6700000, 0x00000000e6800000|  0%| F|  |TAMS 0x00000000e6700000, 0x00000000e6700000| Untracked 
| 578|0x00000000e6800000, 0x00000000e6800000, 0x00000000e6900000|  0%| F|  |TAMS 0x00000000e6800000, 0x00000000e6800000| Untracked 
| 579|0x00000000e6900000, 0x00000000e6900000, 0x00000000e6a00000|  0%| F|  |TAMS 0x00000000e6900000, 0x00000000e6900000| Untracked 
| 580|0x00000000e6a00000, 0x00000000e6a00000, 0x00000000e6b00000|  0%| F|  |TAMS 0x00000000e6a00000, 0x00000000e6a00000| Untracked 
| 581|0x00000000e6b00000, 0x00000000e6b00000, 0x00000000e6c00000|  0%| F|  |TAMS 0x00000000e6b00000, 0x00000000e6b00000| Untracked 
| 582|0x00000000e6c00000, 0x00000000e6c00000, 0x00000000e6d00000|  0%| F|  |TAMS 0x00000000e6c00000, 0x00000000e6c00000| Untracked 
| 583|0x00000000e6d00000, 0x00000000e6d00000, 0x00000000e6e00000|  0%| F|  |TAMS 0x00000000e6d00000, 0x00000000e6d00000| Untracked 
| 584|0x00000000e6e00000, 0x00000000e6e00000, 0x00000000e6f00000|  0%| F|  |TAMS 0x00000000e6e00000, 0x00000000e6e00000| Untracked 
| 585|0x00000000e6f00000, 0x00000000e6f00000, 0x00000000e7000000|  0%| F|  |TAMS 0x00000000e6f00000, 0x00000000e6f00000| Untracked 
| 586|0x00000000e7000000, 0x00000000e7000000, 0x00000000e7100000|  0%| F|  |TAMS 0x00000000e7000000, 0x00000000e7000000| Untracked 
| 587|0x00000000e7100000, 0x00000000e7100000, 0x00000000e7200000|  0%| F|  |TAMS 0x00000000e7100000, 0x00000000e7100000| Untracked 
| 588|0x00000000e7200000, 0x00000000e7200000, 0x00000000e7300000|  0%| F|  |TAMS 0x00000000e7200000, 0x00000000e7200000| Untracked 
| 589|0x00000000e7300000, 0x00000000e7300000, 0x00000000e7400000|  0%| F|  |TAMS 0x00000000e7300000, 0x00000000e7300000| Untracked 
| 590|0x00000000e7400000, 0x00000000e7400000, 0x00000000e7500000|  0%| F|  |TAMS 0x00000000e7400000, 0x00000000e7400000| Untracked 
| 591|0x00000000e7500000, 0x00000000e7500000, 0x00000000e7600000|  0%| F|  |TAMS 0x00000000e7500000, 0x00000000e7500000| Untracked 
| 592|0x00000000e7600000, 0x00000000e7600000, 0x00000000e7700000|  0%| F|  |TAMS 0x00000000e7600000, 0x00000000e7600000| Untracked 
| 593|0x00000000e7700000, 0x00000000e7700000, 0x00000000e7800000|  0%| F|  |TAMS 0x00000000e7700000, 0x00000000e7700000| Untracked 
| 594|0x00000000e7800000, 0x00000000e7800000, 0x00000000e7900000|  0%| F|  |TAMS 0x00000000e7800000, 0x00000000e7800000| Untracked 
| 595|0x00000000e7900000, 0x00000000e7900000, 0x00000000e7a00000|  0%| F|  |TAMS 0x00000000e7900000, 0x00000000e7900000| Untracked 
| 596|0x00000000e7a00000, 0x00000000e7a00000, 0x00000000e7b00000|  0%| F|  |TAMS 0x00000000e7a00000, 0x00000000e7a00000| Untracked 
| 597|0x00000000e7b00000, 0x00000000e7b00000, 0x00000000e7c00000|  0%| F|  |TAMS 0x00000000e7b00000, 0x00000000e7b00000| Untracked 
| 598|0x00000000e7c00000, 0x00000000e7c00000, 0x00000000e7d00000|  0%| F|  |TAMS 0x00000000e7c00000, 0x00000000e7c00000| Untracked 
| 599|0x00000000e7d00000, 0x00000000e7d00000, 0x00000000e7e00000|  0%| F|  |TAMS 0x00000000e7d00000, 0x00000000e7d00000| Untracked 
| 600|0x00000000e7e00000, 0x00000000e7e00000, 0x00000000e7f00000|  0%| F|  |TAMS 0x00000000e7e00000, 0x00000000e7e00000| Untracked 
| 601|0x00000000e7f00000, 0x00000000e7f00000, 0x00000000e8000000|  0%| F|  |TAMS 0x00000000e7f00000, 0x00000000e7f00000| Untracked 
| 602|0x00000000e8000000, 0x00000000e8000000, 0x00000000e8100000|  0%| F|  |TAMS 0x00000000e8000000, 0x00000000e8000000| Untracked 
| 603|0x00000000e8100000, 0x00000000e8100000, 0x00000000e8200000|  0%| F|  |TAMS 0x00000000e8100000, 0x00000000e8100000| Untracked 
| 604|0x00000000e8200000, 0x00000000e8200000, 0x00000000e8300000|  0%| F|  |TAMS 0x00000000e8200000, 0x00000000e8200000| Untracked 
| 605|0x00000000e8300000, 0x00000000e8300000, 0x00000000e8400000|  0%| F|  |TAMS 0x00000000e8300000, 0x00000000e8300000| Untracked 
| 606|0x00000000e8400000, 0x00000000e8400000, 0x00000000e8500000|  0%| F|  |TAMS 0x00000000e8400000, 0x00000000e8400000| Untracked 
| 607|0x00000000e8500000, 0x00000000e8500000, 0x00000000e8600000|  0%| F|  |TAMS 0x00000000e8500000, 0x00000000e8500000| Untracked 
| 608|0x00000000e8600000, 0x00000000e8600000, 0x00000000e8700000|  0%| F|  |TAMS 0x00000000e8600000, 0x00000000e8600000| Untracked 
| 609|0x00000000e8700000, 0x00000000e8700000, 0x00000000e8800000|  0%| F|  |TAMS 0x00000000e8700000, 0x00000000e8700000| Untracked 
| 610|0x00000000e8800000, 0x00000000e8800000, 0x00000000e8900000|  0%| F|  |TAMS 0x00000000e8800000, 0x00000000e8800000| Untracked 
| 611|0x00000000e8900000, 0x00000000e8900000, 0x00000000e8a00000|  0%| F|  |TAMS 0x00000000e8900000, 0x00000000e8900000| Untracked 
| 612|0x00000000e8a00000, 0x00000000e8a00000, 0x00000000e8b00000|  0%| F|  |TAMS 0x00000000e8a00000, 0x00000000e8a00000| Untracked 
| 613|0x00000000e8b00000, 0x00000000e8b00000, 0x00000000e8c00000|  0%| F|  |TAMS 0x00000000e8b00000, 0x00000000e8b00000| Untracked 
| 614|0x00000000e8c00000, 0x00000000e8c00000, 0x00000000e8d00000|  0%| F|  |TAMS 0x00000000e8c00000, 0x00000000e8c00000| Untracked 
| 615|0x00000000e8d00000, 0x00000000e8d00000, 0x00000000e8e00000|  0%| F|  |TAMS 0x00000000e8d00000, 0x00000000e8d00000| Untracked 
| 616|0x00000000e8e00000, 0x00000000e8e00000, 0x00000000e8f00000|  0%| F|  |TAMS 0x00000000e8e00000, 0x00000000e8e00000| Untracked 
| 617|0x00000000e8f00000, 0x00000000e8f00000, 0x00000000e9000000|  0%| F|  |TAMS 0x00000000e8f00000, 0x00000000e8f00000| Untracked 
| 618|0x00000000e9000000, 0x00000000e9000000, 0x00000000e9100000|  0%| F|  |TAMS 0x00000000e9000000, 0x00000000e9000000| Untracked 
| 619|0x00000000e9100000, 0x00000000e9100000, 0x00000000e9200000|  0%| F|  |TAMS 0x00000000e9100000, 0x00000000e9100000| Untracked 
| 620|0x00000000e9200000, 0x00000000e9200000, 0x00000000e9300000|  0%| F|  |TAMS 0x00000000e9200000, 0x00000000e9200000| Untracked 
| 621|0x00000000e9300000, 0x00000000e9300000, 0x00000000e9400000|  0%| F|  |TAMS 0x00000000e9300000, 0x00000000e9300000| Untracked 
| 622|0x00000000e9400000, 0x00000000e9400000, 0x00000000e9500000|  0%| F|  |TAMS 0x00000000e9400000, 0x00000000e9400000| Untracked 
| 623|0x00000000e9500000, 0x00000000e9500000, 0x00000000e9600000|  0%| F|  |TAMS 0x00000000e9500000, 0x00000000e9500000| Untracked 
| 624|0x00000000e9600000, 0x00000000e9600000, 0x00000000e9700000|  0%| F|  |TAMS 0x00000000e9600000, 0x00000000e9600000| Untracked 
| 625|0x00000000e9700000, 0x00000000e9700000, 0x00000000e9800000|  0%| F|  |TAMS 0x00000000e9700000, 0x00000000e9700000| Untracked 
| 626|0x00000000e9800000, 0x00000000e9800000, 0x00000000e9900000|  0%| F|  |TAMS 0x00000000e9800000, 0x00000000e9800000| Untracked 
| 627|0x00000000e9900000, 0x00000000e9900000, 0x00000000e9a00000|  0%| F|  |TAMS 0x00000000e9900000, 0x00000000e9900000| Untracked 
| 628|0x00000000e9a00000, 0x00000000e9a00000, 0x00000000e9b00000|  0%| F|  |TAMS 0x00000000e9a00000, 0x00000000e9a00000| Untracked 
| 629|0x00000000e9b00000, 0x00000000e9b00000, 0x00000000e9c00000|  0%| F|  |TAMS 0x00000000e9b00000, 0x00000000e9b00000| Untracked 
| 630|0x00000000e9c00000, 0x00000000e9c00000, 0x00000000e9d00000|  0%| F|  |TAMS 0x00000000e9c00000, 0x00000000e9c00000| Untracked 
| 631|0x00000000e9d00000, 0x00000000e9d00000, 0x00000000e9e00000|  0%| F|  |TAMS 0x00000000e9d00000, 0x00000000e9d00000| Untracked 
| 632|0x00000000e9e00000, 0x00000000e9e00000, 0x00000000e9f00000|  0%| F|  |TAMS 0x00000000e9e00000, 0x00000000e9e00000| Untracked 
| 633|0x00000000e9f00000, 0x00000000e9f00000, 0x00000000ea000000|  0%| F|  |TAMS 0x00000000e9f00000, 0x00000000e9f00000| Untracked 
| 634|0x00000000ea000000, 0x00000000ea000000, 0x00000000ea100000|  0%| F|  |TAMS 0x00000000ea000000, 0x00000000ea000000| Untracked 
| 635|0x00000000ea100000, 0x00000000ea100000, 0x00000000ea200000|  0%| F|  |TAMS 0x00000000ea100000, 0x00000000ea100000| Untracked 
| 636|0x00000000ea200000, 0x00000000ea200000, 0x00000000ea300000|  0%| F|  |TAMS 0x00000000ea200000, 0x00000000ea200000| Untracked 
| 637|0x00000000ea300000, 0x00000000ea300000, 0x00000000ea400000|  0%| F|  |TAMS 0x00000000ea300000, 0x00000000ea300000| Untracked 
| 638|0x00000000ea400000, 0x00000000ea400000, 0x00000000ea500000|  0%| F|  |TAMS 0x00000000ea400000, 0x00000000ea400000| Untracked 
| 639|0x00000000ea500000, 0x00000000ea500000, 0x00000000ea600000|  0%| F|  |TAMS 0x00000000ea500000, 0x00000000ea500000| Untracked 
| 640|0x00000000ea600000, 0x00000000ea600000, 0x00000000ea700000|  0%| F|  |TAMS 0x00000000ea600000, 0x00000000ea600000| Untracked 
| 641|0x00000000ea700000, 0x00000000ea700000, 0x00000000ea800000|  0%| F|  |TAMS 0x00000000ea700000, 0x00000000ea700000| Untracked 
| 642|0x00000000ea800000, 0x00000000ea800000, 0x00000000ea900000|  0%| F|  |TAMS 0x00000000ea800000, 0x00000000ea800000| Untracked 
| 643|0x00000000ea900000, 0x00000000ea900000, 0x00000000eaa00000|  0%| F|  |TAMS 0x00000000ea900000, 0x00000000ea900000| Untracked 
| 644|0x00000000eaa00000, 0x00000000eaa00000, 0x00000000eab00000|  0%| F|  |TAMS 0x00000000eaa00000, 0x00000000eaa00000| Untracked 
| 645|0x00000000eab00000, 0x00000000eab00000, 0x00000000eac00000|  0%| F|  |TAMS 0x00000000eab00000, 0x00000000eab00000| Untracked 
| 646|0x00000000eac00000, 0x00000000eac00000, 0x00000000ead00000|  0%| F|  |TAMS 0x00000000eac00000, 0x00000000eac00000| Untracked 
| 647|0x00000000ead00000, 0x00000000ead00000, 0x00000000eae00000|  0%| F|  |TAMS 0x00000000ead00000, 0x00000000ead00000| Untracked 
| 648|0x00000000eae00000, 0x00000000eae00000, 0x00000000eaf00000|  0%| F|  |TAMS 0x00000000eae00000, 0x00000000eae00000| Untracked 
| 649|0x00000000eaf00000, 0x00000000eaf00000, 0x00000000eb000000|  0%| F|  |TAMS 0x00000000eaf00000, 0x00000000eaf00000| Untracked 
| 650|0x00000000eb000000, 0x00000000eb000000, 0x00000000eb100000|  0%| F|  |TAMS 0x00000000eb000000, 0x00000000eb000000| Untracked 
| 651|0x00000000eb100000, 0x00000000eb100000, 0x00000000eb200000|  0%| F|  |TAMS 0x00000000eb100000, 0x00000000eb100000| Untracked 
| 652|0x00000000eb200000, 0x00000000eb200000, 0x00000000eb300000|  0%| F|  |TAMS 0x00000000eb200000, 0x00000000eb200000| Untracked 
| 653|0x00000000eb300000, 0x00000000eb300000, 0x00000000eb400000|  0%| F|  |TAMS 0x00000000eb300000, 0x00000000eb300000| Untracked 
| 654|0x00000000eb400000, 0x00000000eb400000, 0x00000000eb500000|  0%| F|  |TAMS 0x00000000eb400000, 0x00000000eb400000| Untracked 
| 655|0x00000000eb500000, 0x00000000eb500000, 0x00000000eb600000|  0%| F|  |TAMS 0x00000000eb500000, 0x00000000eb500000| Untracked 
| 656|0x00000000eb600000, 0x00000000eb600000, 0x00000000eb700000|  0%| F|  |TAMS 0x00000000eb600000, 0x00000000eb600000| Untracked 
| 657|0x00000000eb700000, 0x00000000eb700000, 0x00000000eb800000|  0%| F|  |TAMS 0x00000000eb700000, 0x00000000eb700000| Untracked 
| 658|0x00000000eb800000, 0x00000000eb800000, 0x00000000eb900000|  0%| F|  |TAMS 0x00000000eb800000, 0x00000000eb800000| Untracked 
| 659|0x00000000eb900000, 0x00000000eb900000, 0x00000000eba00000|  0%| F|  |TAMS 0x00000000eb900000, 0x00000000eb900000| Untracked 
| 660|0x00000000eba00000, 0x00000000eba00000, 0x00000000ebb00000|  0%| F|  |TAMS 0x00000000eba00000, 0x00000000eba00000| Untracked 
| 661|0x00000000ebb00000, 0x00000000ebb00000, 0x00000000ebc00000|  0%| F|  |TAMS 0x00000000ebb00000, 0x00000000ebb00000| Untracked 
| 662|0x00000000ebc00000, 0x00000000ebc00000, 0x00000000ebd00000|  0%| F|  |TAMS 0x00000000ebc00000, 0x00000000ebc00000| Untracked 
| 663|0x00000000ebd00000, 0x00000000ebd00000, 0x00000000ebe00000|  0%| F|  |TAMS 0x00000000ebd00000, 0x00000000ebd00000| Untracked 
| 664|0x00000000ebe00000, 0x00000000ebe00000, 0x00000000ebf00000|  0%| F|  |TAMS 0x00000000ebe00000, 0x00000000ebe00000| Untracked 
| 665|0x00000000ebf00000, 0x00000000ebf00000, 0x00000000ec000000|  0%| F|  |TAMS 0x00000000ebf00000, 0x00000000ebf00000| Untracked 
| 666|0x00000000ec000000, 0x00000000ec000000, 0x00000000ec100000|  0%| F|  |TAMS 0x00000000ec000000, 0x00000000ec000000| Untracked 
| 667|0x00000000ec100000, 0x00000000ec100000, 0x00000000ec200000|  0%| F|  |TAMS 0x00000000ec100000, 0x00000000ec100000| Untracked 
| 668|0x00000000ec200000, 0x00000000ec200000, 0x00000000ec300000|  0%| F|  |TAMS 0x00000000ec200000, 0x00000000ec200000| Untracked 
| 669|0x00000000ec300000, 0x00000000ec300000, 0x00000000ec400000|  0%| F|  |TAMS 0x00000000ec300000, 0x00000000ec300000| Untracked 
| 670|0x00000000ec400000, 0x00000000ec400000, 0x00000000ec500000|  0%| F|  |TAMS 0x00000000ec400000, 0x00000000ec400000| Untracked 
| 671|0x00000000ec500000, 0x00000000ec500000, 0x00000000ec600000|  0%| F|  |TAMS 0x00000000ec500000, 0x00000000ec500000| Untracked 
| 672|0x00000000ec600000, 0x00000000ec600000, 0x00000000ec700000|  0%| F|  |TAMS 0x00000000ec600000, 0x00000000ec600000| Untracked 
| 673|0x00000000ec700000, 0x00000000ec700000, 0x00000000ec800000|  0%| F|  |TAMS 0x00000000ec700000, 0x00000000ec700000| Untracked 
| 674|0x00000000ec800000, 0x00000000ec800000, 0x00000000ec900000|  0%| F|  |TAMS 0x00000000ec800000, 0x00000000ec800000| Untracked 
| 675|0x00000000ec900000, 0x00000000ec900000, 0x00000000eca00000|  0%| F|  |TAMS 0x00000000ec900000, 0x00000000ec900000| Untracked 
| 676|0x00000000eca00000, 0x00000000eca00000, 0x00000000ecb00000|  0%| F|  |TAMS 0x00000000eca00000, 0x00000000eca00000| Untracked 
| 677|0x00000000ecb00000, 0x00000000ecb00000, 0x00000000ecc00000|  0%| F|  |TAMS 0x00000000ecb00000, 0x00000000ecb00000| Untracked 
| 678|0x00000000ecc00000, 0x00000000ecc00000, 0x00000000ecd00000|  0%| F|  |TAMS 0x00000000ecc00000, 0x00000000ecc00000| Untracked 
| 679|0x00000000ecd00000, 0x00000000ecd00000, 0x00000000ece00000|  0%| F|  |TAMS 0x00000000ecd00000, 0x00000000ecd00000| Untracked 
| 680|0x00000000ece00000, 0x00000000ece00000, 0x00000000ecf00000|  0%| F|  |TAMS 0x00000000ece00000, 0x00000000ece00000| Untracked 
| 681|0x00000000ecf00000, 0x00000000ecf00000, 0x00000000ed000000|  0%| F|  |TAMS 0x00000000ecf00000, 0x00000000ecf00000| Untracked 
| 682|0x00000000ed000000, 0x00000000ed000000, 0x00000000ed100000|  0%| F|  |TAMS 0x00000000ed000000, 0x00000000ed000000| Untracked 
| 683|0x00000000ed100000, 0x00000000ed100000, 0x00000000ed200000|  0%| F|  |TAMS 0x00000000ed100000, 0x00000000ed100000| Untracked 
| 684|0x00000000ed200000, 0x00000000ed200000, 0x00000000ed300000|  0%| F|  |TAMS 0x00000000ed200000, 0x00000000ed200000| Untracked 
| 685|0x00000000ed300000, 0x00000000ed300000, 0x00000000ed400000|  0%| F|  |TAMS 0x00000000ed300000, 0x00000000ed300000| Untracked 
| 686|0x00000000ed400000, 0x00000000ed400000, 0x00000000ed500000|  0%| F|  |TAMS 0x00000000ed400000, 0x00000000ed400000| Untracked 
| 687|0x00000000ed500000, 0x00000000ed500000, 0x00000000ed600000|  0%| F|  |TAMS 0x00000000ed500000, 0x00000000ed500000| Untracked 
| 688|0x00000000ed600000, 0x00000000ed600000, 0x00000000ed700000|  0%| F|  |TAMS 0x00000000ed600000, 0x00000000ed600000| Untracked 
| 689|0x00000000ed700000, 0x00000000ed700000, 0x00000000ed800000|  0%| F|  |TAMS 0x00000000ed700000, 0x00000000ed700000| Untracked 
| 690|0x00000000ed800000, 0x00000000ed800000, 0x00000000ed900000|  0%| F|  |TAMS 0x00000000ed800000, 0x00000000ed800000| Untracked 
| 691|0x00000000ed900000, 0x00000000ed900000, 0x00000000eda00000|  0%| F|  |TAMS 0x00000000ed900000, 0x00000000ed900000| Untracked 
| 692|0x00000000eda00000, 0x00000000eda00000, 0x00000000edb00000|  0%| F|  |TAMS 0x00000000eda00000, 0x00000000eda00000| Untracked 
| 693|0x00000000edb00000, 0x00000000edb00000, 0x00000000edc00000|  0%| F|  |TAMS 0x00000000edb00000, 0x00000000edb00000| Untracked 
| 694|0x00000000edc00000, 0x00000000edc00000, 0x00000000edd00000|  0%| F|  |TAMS 0x00000000edc00000, 0x00000000edc00000| Untracked 
| 695|0x00000000edd00000, 0x00000000edd00000, 0x00000000ede00000|  0%| F|  |TAMS 0x00000000edd00000, 0x00000000edd00000| Untracked 
| 696|0x00000000ede00000, 0x00000000ede00000, 0x00000000edf00000|  0%| F|  |TAMS 0x00000000ede00000, 0x00000000ede00000| Untracked 
| 697|0x00000000edf00000, 0x00000000edf00000, 0x00000000ee000000|  0%| F|  |TAMS 0x00000000edf00000, 0x00000000edf00000| Untracked 
| 698|0x00000000ee000000, 0x00000000ee000000, 0x00000000ee100000|  0%| F|  |TAMS 0x00000000ee000000, 0x00000000ee000000| Untracked 
| 699|0x00000000ee100000, 0x00000000ee100000, 0x00000000ee200000|  0%| F|  |TAMS 0x00000000ee100000, 0x00000000ee100000| Untracked 
| 700|0x00000000ee200000, 0x00000000ee200000, 0x00000000ee300000|  0%| F|  |TAMS 0x00000000ee200000, 0x00000000ee200000| Untracked 
| 701|0x00000000ee300000, 0x00000000ee300000, 0x00000000ee400000|  0%| F|  |TAMS 0x00000000ee300000, 0x00000000ee300000| Untracked 
| 702|0x00000000ee400000, 0x00000000ee400000, 0x00000000ee500000|  0%| F|  |TAMS 0x00000000ee400000, 0x00000000ee400000| Untracked 
| 703|0x00000000ee500000, 0x00000000ee500000, 0x00000000ee600000|  0%| F|  |TAMS 0x00000000ee500000, 0x00000000ee500000| Untracked 
| 704|0x00000000ee600000, 0x00000000ee600000, 0x00000000ee700000|  0%| F|  |TAMS 0x00000000ee600000, 0x00000000ee600000| Untracked 
| 705|0x00000000ee700000, 0x00000000ee700000, 0x00000000ee800000|  0%| F|  |TAMS 0x00000000ee700000, 0x00000000ee700000| Untracked 
| 706|0x00000000ee800000, 0x00000000ee800000, 0x00000000ee900000|  0%| F|  |TAMS 0x00000000ee800000, 0x00000000ee800000| Untracked 
| 707|0x00000000ee900000, 0x00000000ee900000, 0x00000000eea00000|  0%| F|  |TAMS 0x00000000ee900000, 0x00000000ee900000| Untracked 
| 708|0x00000000eea00000, 0x00000000eea00000, 0x00000000eeb00000|  0%| F|  |TAMS 0x00000000eea00000, 0x00000000eea00000| Untracked 
| 709|0x00000000eeb00000, 0x00000000eeb00000, 0x00000000eec00000|  0%| F|  |TAMS 0x00000000eeb00000, 0x00000000eeb00000| Untracked 
| 710|0x00000000eec00000, 0x00000000eec00000, 0x00000000eed00000|  0%| F|  |TAMS 0x00000000eec00000, 0x00000000eec00000| Untracked 
| 711|0x00000000eed00000, 0x00000000eed00000, 0x00000000eee00000|  0%| F|  |TAMS 0x00000000eed00000, 0x00000000eed00000| Untracked 
| 712|0x00000000eee00000, 0x00000000eee00000, 0x00000000eef00000|  0%| F|  |TAMS 0x00000000eee00000, 0x00000000eee00000| Untracked 
| 713|0x00000000eef00000, 0x00000000eef00000, 0x00000000ef000000|  0%| F|  |TAMS 0x00000000eef00000, 0x00000000eef00000| Untracked 
| 714|0x00000000ef000000, 0x00000000ef000000, 0x00000000ef100000|  0%| F|  |TAMS 0x00000000ef000000, 0x00000000ef000000| Untracked 
| 715|0x00000000ef100000, 0x00000000ef100000, 0x00000000ef200000|  0%| F|  |TAMS 0x00000000ef100000, 0x00000000ef100000| Untracked 
| 716|0x00000000ef200000, 0x00000000ef200000, 0x00000000ef300000|  0%| F|  |TAMS 0x00000000ef200000, 0x00000000ef200000| Untracked 
| 717|0x00000000ef300000, 0x00000000ef300000, 0x00000000ef400000|  0%| F|  |TAMS 0x00000000ef300000, 0x00000000ef300000| Untracked 
| 718|0x00000000ef400000, 0x00000000ef400000, 0x00000000ef500000|  0%| F|  |TAMS 0x00000000ef400000, 0x00000000ef400000| Untracked 
| 719|0x00000000ef500000, 0x00000000ef500000, 0x00000000ef600000|  0%| F|  |TAMS 0x00000000ef500000, 0x00000000ef500000| Untracked 
| 720|0x00000000ef600000, 0x00000000ef600000, 0x00000000ef700000|  0%| F|  |TAMS 0x00000000ef600000, 0x00000000ef600000| Untracked 
| 721|0x00000000ef700000, 0x00000000ef700000, 0x00000000ef800000|  0%| F|  |TAMS 0x00000000ef700000, 0x00000000ef700000| Untracked 
| 722|0x00000000ef800000, 0x00000000ef800000, 0x00000000ef900000|  0%| F|  |TAMS 0x00000000ef800000, 0x00000000ef800000| Untracked 
| 723|0x00000000ef900000, 0x00000000ef900000, 0x00000000efa00000|  0%| F|  |TAMS 0x00000000ef900000, 0x00000000ef900000| Untracked 
| 724|0x00000000efa00000, 0x00000000efa00000, 0x00000000efb00000|  0%| F|  |TAMS 0x00000000efa00000, 0x00000000efa00000| Untracked 
| 725|0x00000000efb00000, 0x00000000efb00000, 0x00000000efc00000|  0%| F|  |TAMS 0x00000000efb00000, 0x00000000efb00000| Untracked 
| 726|0x00000000efc00000, 0x00000000efc00000, 0x00000000efd00000|  0%| F|  |TAMS 0x00000000efc00000, 0x00000000efc00000| Untracked 
| 727|0x00000000efd00000, 0x00000000efd00000, 0x00000000efe00000|  0%| F|  |TAMS 0x00000000efd00000, 0x00000000efd00000| Untracked 
| 728|0x00000000efe00000, 0x00000000efe00000, 0x00000000eff00000|  0%| F|  |TAMS 0x00000000efe00000, 0x00000000efe00000| Untracked 
| 729|0x00000000eff00000, 0x00000000eff00000, 0x00000000f0000000|  0%| F|  |TAMS 0x00000000eff00000, 0x00000000eff00000| Untracked 
| 730|0x00000000f0000000, 0x00000000f0000000, 0x00000000f0100000|  0%| F|  |TAMS 0x00000000f0000000, 0x00000000f0000000| Untracked 
| 731|0x00000000f0100000, 0x00000000f0100000, 0x00000000f0200000|  0%| F|  |TAMS 0x00000000f0100000, 0x00000000f0100000| Untracked 
| 732|0x00000000f0200000, 0x00000000f0200000, 0x00000000f0300000|  0%| F|  |TAMS 0x00000000f0200000, 0x00000000f0200000| Untracked 
| 733|0x00000000f0300000, 0x00000000f0300000, 0x00000000f0400000|  0%| F|  |TAMS 0x00000000f0300000, 0x00000000f0300000| Untracked 
| 734|0x00000000f0400000, 0x00000000f0400000, 0x00000000f0500000|  0%| F|  |TAMS 0x00000000f0400000, 0x00000000f0400000| Untracked 
| 735|0x00000000f0500000, 0x00000000f0500000, 0x00000000f0600000|  0%| F|  |TAMS 0x00000000f0500000, 0x00000000f0500000| Untracked 
| 736|0x00000000f0600000, 0x00000000f0600000, 0x00000000f0700000|  0%| F|  |TAMS 0x00000000f0600000, 0x00000000f0600000| Untracked 
| 737|0x00000000f0700000, 0x00000000f0700000, 0x00000000f0800000|  0%| F|  |TAMS 0x00000000f0700000, 0x00000000f0700000| Untracked 
| 738|0x00000000f0800000, 0x00000000f0800000, 0x00000000f0900000|  0%| F|  |TAMS 0x00000000f0800000, 0x00000000f0800000| Untracked 
| 739|0x00000000f0900000, 0x00000000f0900000, 0x00000000f0a00000|  0%| F|  |TAMS 0x00000000f0900000, 0x00000000f0900000| Untracked 
| 740|0x00000000f0a00000, 0x00000000f0a00000, 0x00000000f0b00000|  0%| F|  |TAMS 0x00000000f0a00000, 0x00000000f0a00000| Untracked 
| 741|0x00000000f0b00000, 0x00000000f0b00000, 0x00000000f0c00000|  0%| F|  |TAMS 0x00000000f0b00000, 0x00000000f0b00000| Untracked 
| 742|0x00000000f0c00000, 0x00000000f0c00000, 0x00000000f0d00000|  0%| F|  |TAMS 0x00000000f0c00000, 0x00000000f0c00000| Untracked 
| 743|0x00000000f0d00000, 0x00000000f0d00000, 0x00000000f0e00000|  0%| F|  |TAMS 0x00000000f0d00000, 0x00000000f0d00000| Untracked 
| 744|0x00000000f0e00000, 0x00000000f0e00000, 0x00000000f0f00000|  0%| F|  |TAMS 0x00000000f0e00000, 0x00000000f0e00000| Untracked 
| 745|0x00000000f0f00000, 0x00000000f0f00000, 0x00000000f1000000|  0%| F|  |TAMS 0x00000000f0f00000, 0x00000000f0f00000| Untracked 
| 746|0x00000000f1000000, 0x00000000f1000000, 0x00000000f1100000|  0%| F|  |TAMS 0x00000000f1000000, 0x00000000f1000000| Untracked 
| 747|0x00000000f1100000, 0x00000000f1100000, 0x00000000f1200000|  0%| F|  |TAMS 0x00000000f1100000, 0x00000000f1100000| Untracked 
| 748|0x00000000f1200000, 0x00000000f1200000, 0x00000000f1300000|  0%| F|  |TAMS 0x00000000f1200000, 0x00000000f1200000| Untracked 
| 749|0x00000000f1300000, 0x00000000f1300000, 0x00000000f1400000|  0%| F|  |TAMS 0x00000000f1300000, 0x00000000f1300000| Untracked 
| 750|0x00000000f1400000, 0x00000000f1400000, 0x00000000f1500000|  0%| F|  |TAMS 0x00000000f1400000, 0x00000000f1400000| Untracked 
| 751|0x00000000f1500000, 0x00000000f1500000, 0x00000000f1600000|  0%| F|  |TAMS 0x00000000f1500000, 0x00000000f1500000| Untracked 
| 752|0x00000000f1600000, 0x00000000f1600000, 0x00000000f1700000|  0%| F|  |TAMS 0x00000000f1600000, 0x00000000f1600000| Untracked 
| 753|0x00000000f1700000, 0x00000000f1700000, 0x00000000f1800000|  0%| F|  |TAMS 0x00000000f1700000, 0x00000000f1700000| Untracked 
| 754|0x00000000f1800000, 0x00000000f1800000, 0x00000000f1900000|  0%| F|  |TAMS 0x00000000f1800000, 0x00000000f1800000| Untracked 
| 755|0x00000000f1900000, 0x00000000f1900000, 0x00000000f1a00000|  0%| F|  |TAMS 0x00000000f1900000, 0x00000000f1900000| Untracked 
| 756|0x00000000f1a00000, 0x00000000f1a00000, 0x00000000f1b00000|  0%| F|  |TAMS 0x00000000f1a00000, 0x00000000f1a00000| Untracked 
| 757|0x00000000f1b00000, 0x00000000f1b00000, 0x00000000f1c00000|  0%| F|  |TAMS 0x00000000f1b00000, 0x00000000f1b00000| Untracked 
| 758|0x00000000f1c00000, 0x00000000f1c80800, 0x00000000f1d00000| 50%| E|  |TAMS 0x00000000f1c00000, 0x00000000f1c00000| Complete 
| 759|0x00000000f1d00000, 0x00000000f1e00000, 0x00000000f1e00000|100%| E|CS|TAMS 0x00000000f1d00000, 0x00000000f1d00000| Complete 
| 760|0x00000000f1e00000, 0x00000000f1f00000, 0x00000000f1f00000|100%| E|CS|TAMS 0x00000000f1e00000, 0x00000000f1e00000| Complete 
| 761|0x00000000f1f00000, 0x00000000f2000000, 0x00000000f2000000|100%| E|CS|TAMS 0x00000000f1f00000, 0x00000000f1f00000| Complete 
| 762|0x00000000f2000000, 0x00000000f2100000, 0x00000000f2100000|100%| E|CS|TAMS 0x00000000f2000000, 0x00000000f2000000| Complete 
| 763|0x00000000f2100000, 0x00000000f2200000, 0x00000000f2200000|100%| E|CS|TAMS 0x00000000f2100000, 0x00000000f2100000| Complete 
| 764|0x00000000f2200000, 0x00000000f2260f18, 0x00000000f2300000| 37%| S|CS|TAMS 0x00000000f2200000, 0x00000000f2200000| Complete 
| 765|0x00000000f2300000, 0x00000000f2400000, 0x00000000f2400000|100%| S|CS|TAMS 0x00000000f2300000, 0x00000000f2300000| Complete 
| 766|0x00000000f2400000, 0x00000000f2500000, 0x00000000f2500000|100%| S|CS|TAMS 0x00000000f2400000, 0x00000000f2400000| Complete 
| 767|0x00000000f2500000, 0x00000000f2600000, 0x00000000f2600000|100%| E|CS|TAMS 0x00000000f2500000, 0x00000000f2500000| Complete 
| 768|0x00000000f2600000, 0x00000000f2700000, 0x00000000f2700000|100%| E|CS|TAMS 0x00000000f2600000, 0x00000000f2600000| Complete 
| 769|0x00000000f2700000, 0x00000000f2800000, 0x00000000f2800000|100%| E|CS|TAMS 0x00000000f2700000, 0x00000000f2700000| Complete 
| 770|0x00000000f2800000, 0x00000000f2900000, 0x00000000f2900000|100%| E|CS|TAMS 0x00000000f2800000, 0x00000000f2800000| Complete 
| 771|0x00000000f2900000, 0x00000000f2a00000, 0x00000000f2a00000|100%| E|CS|TAMS 0x00000000f2900000, 0x00000000f2900000| Complete 
| 772|0x00000000f2a00000, 0x00000000f2b00000, 0x00000000f2b00000|100%| E|CS|TAMS 0x00000000f2a00000, 0x00000000f2a00000| Complete 
| 773|0x00000000f2b00000, 0x00000000f2c00000, 0x00000000f2c00000|100%| E|CS|TAMS 0x00000000f2b00000, 0x00000000f2b00000| Complete 
| 774|0x00000000f2c00000, 0x00000000f2d00000, 0x00000000f2d00000|100%| E|CS|TAMS 0x00000000f2c00000, 0x00000000f2c00000| Complete 

Card table byte_map: [0x00000219d4cc0000,0x00000219d4eb0000] _byte_map_base: 0x00000219d46ad000

Marking Bits (Prev, Next): (CMBitMap*) 0x00000219bdf3fa60, (CMBitMap*) 0x00000219bdf3fa20
 Prev Bits: [0x00000219d6010000, 0x00000219d6f78000)
 Next Bits: [0x00000219d50a0000, 0x00000219d6008000)

Polling page: 0x00000219bd6d0000

Metaspace:

Usage:
  Non-class:     14.27 MB used.
      Class:      2.21 MB used.
       Both:     16.48 MB used.

Virtual space:
  Non-class space:       64.00 MB reserved,      14.38 MB ( 22%) committed,  1 nodes.
      Class space:        1.00 GB reserved,       2.31 MB ( <1%) committed,  1 nodes.
             Both:        1.06 GB reserved,      16.69 MB (  2%) committed. 

Chunk freelists:
   Non-Class:  1.59 MB
       Class:  13.66 MB
        Both:  15.25 MB

MaxMetaspaceSize: unlimited
CompressedClassSpaceSize: 1.00 GB
Initial GC threshold: 21.00 MB
Current GC threshold: 26.88 MB
CDS: on
MetaspaceReclaimPolicy: balanced
 - commit_granule_bytes: 65536.
 - commit_granule_words: 8192.
 - virtual_space_node_default_size: 8388608.
 - enlarge_chunks_in_place: 1.
 - new_chunks_are_fully_committed: 0.
 - uncommit_free_chunks: 1.
 - use_allocation_guard: 0.
 - handle_deallocations: 1.


Internal statistics:

num_allocs_failed_limit: 0.
num_arena_births: 226.
num_arena_deaths: 0.
num_vsnodes_births: 2.
num_vsnodes_deaths: 0.
num_space_committed: 267.
num_space_uncommitted: 0.
num_chunks_returned_to_freelist: 0.
num_chunks_taken_from_freelist: 745.
num_chunk_merges: 0.
num_chunk_splits: 524.
num_chunks_enlarged: 420.
num_purges: 0.
num_inconsistent_stats: 0.

CodeHeap 'non-profiled nmethods': size=120000Kb used=2612Kb max_used=2612Kb free=117388Kb
 bounds [0x00000219cd270000, 0x00000219cd500000, 0x00000219d47a0000]
CodeHeap 'profiled nmethods': size=120000Kb used=8783Kb max_used=8783Kb free=111216Kb
 bounds [0x00000219c57a0000, 0x00000219c6040000, 0x00000219cccd0000]
CodeHeap 'non-nmethods': size=5760Kb used=1436Kb max_used=1508Kb free=4324Kb
 bounds [0x00000219cccd0000, 0x00000219ccf40000, 0x00000219cd270000]
 total_blobs=5349 nmethods=4547 adapters=714
 compilation: enabled
              stopped_count=0, restarted_count=0
 full_count=0

Compilation events (20 events):
Event: 106.517 Thread 0x00000219d993bd40 nmethod 4543 0x00000219cd4f3590 code [0x00000219cd4f3720, 0x00000219cd4f3c18]
Event: 107.599 Thread 0x00000219d993bd40 4544       4       com.sun.javafx.geom.transform.Affine3D::<init> (20 bytes)
Event: 107.600 Thread 0x00000219d993bd40 nmethod 4544 0x00000219cd4f3e10 code [0x00000219cd4f3fa0, 0x00000219cd4f4038]
Event: 108.090 Thread 0x00000219d993bd40 4545       4       com.sun.javafx.sg.prism.NGNode::computePadding (2 bytes)
Event: 108.091 Thread 0x00000219d993bd40 nmethod 4545 0x00000219cd4f4110 code [0x00000219cd4f4280, 0x00000219cd4f42f8]
Event: 108.156 Thread 0x00000219d993bd40 4546       4       com.sun.prism.d3d.D3DGraphics::create (55 bytes)
Event: 108.287 Thread 0x00000219d993bd40 nmethod 4546 0x00000219cd4f4410 code [0x00000219cd4f4680, 0x00000219cd4f5fe0]
Event: 108.472 Thread 0x00000219d993bd40 4547       4       java.lang.Thread::interrupted (23 bytes)
Event: 108.474 Thread 0x00000219d993bd40 nmethod 4547 0x00000219cd4f6c90 code [0x00000219cd4f6e00, 0x00000219cd4f6e98]
Event: 108.490 Thread 0x00000219d993bd40 4548       4       com.sun.javafx.sg.prism.NGRegion::renderContent (115 bytes)
Event: 108.502 Thread 0x00000219d993bd40 nmethod 4548 0x00000219cd4f6f90 code [0x00000219cd4f71a0, 0x00000219cd4f74d0]
Event: 109.364 Thread 0x00000219d993bd40 4549       4       com.sun.javafx.collections.VetoableListDecorator::isEmpty (10 bytes)
Event: 109.366 Thread 0x00000219d993bd40 nmethod 4549 0x00000219cd4f7890 code [0x00000219cd4f7a20, 0x00000219cd4f7b18]
Event: 109.396 Thread 0x00000219d993bd40 4550       4       java.nio.CharBuffer::arrayOffset (35 bytes)
Event: 109.397 Thread 0x00000219d993bd40 nmethod 4550 0x00000219cd4f7c90 code [0x00000219cd4f7e00, 0x00000219cd4f7eb8]
Event: 109.488 Thread 0x00000219d993bd40 4551       4       com.sun.prism.impl.ps.BaseShaderGraphics::len (39 bytes)
Event: 109.490 Thread 0x00000219d993bd40 nmethod 4551 0x00000219cd4f7f90 code [0x00000219cd4f8140, 0x00000219cd4f81f8]
Event: 110.212 Thread 0x00000219d993bd40 4552       4       javafx.scene.Node$MiscProperties::invalidateBoundsInParent (15 bytes)
Event: 110.213 Thread 0x00000219d993bd40 nmethod 4552 0x00000219cd4f8290 code [0x00000219cd4f8420, 0x00000219cd4f84c8]
Event: 112.071 Thread 0x00000219d993bd40 4553       4       com.sun.javafx.sg.prism.NGNode::getClippedBounds (78 bytes)

GC Heap History (20 events):
Event: 57.025 GC heap before
{Heap before GC invocations=107 (full 0):
 garbage-first heap   total 793600K, used 537006K [0x00000000c2600000, 0x0000000100000000)
  region size 1024K, 11 young (11264K), 2 survivors (2048K)
 Metaspace       used 16287K, committed 16576K, reserved 1114112K
  class space    used 2243K, committed 2368K, reserved 1048576K
}
Event: 57.027 GC heap after
{Heap after GC invocations=108 (full 0):
 garbage-first heap   total 793600K, used 476681K [0x00000000c2600000, 0x0000000100000000)
  region size 1024K, 2 young (2048K), 2 survivors (2048K)
 Metaspace       used 16287K, committed 16576K, reserved 1114112K
  class space    used 2243K, committed 2368K, reserved 1048576K
}
Event: 57.397 GC heap before
{Heap before GC invocations=108 (full 0):
 garbage-first heap   total 793600K, used 538121K [0x00000000c2600000, 0x0000000100000000)
  region size 1024K, 12 young (12288K), 2 survivors (2048K)
 Metaspace       used 16287K, committed 16576K, reserved 1114112K
  class space    used 2243K, committed 2368K, reserved 1048576K
}
Event: 57.399 GC heap after
{Heap after GC invocations=109 (full 0):
 garbage-first heap   total 793600K, used 476821K [0x00000000c2600000, 0x0000000100000000)
  region size 1024K, 3 young (3072K), 3 survivors (3072K)
 Metaspace       used 16287K, committed 16576K, reserved 1114112K
  class space    used 2243K, committed 2368K, reserved 1048576K
}
Event: 57.781 GC heap before
{Heap before GC invocations=109 (full 0):
 garbage-first heap   total 793600K, used 539285K [0x00000000c2600000, 0x0000000100000000)
  region size 1024K, 13 young (13312K), 3 survivors (3072K)
 Metaspace       used 16287K, committed 16576K, reserved 1114112K
  class space    used 2243K, committed 2368K, reserved 1048576K
}
Event: 57.783 GC heap after
{Heap after GC invocations=110 (full 0):
 garbage-first heap   total 793600K, used 477197K [0x00000000c2600000, 0x0000000100000000)
  region size 1024K, 3 young (3072K), 3 survivors (3072K)
 Metaspace       used 16287K, committed 16576K, reserved 1114112K
  class space    used 2243K, committed 2368K, reserved 1048576K
}
Event: 58.158 GC heap before
{Heap before GC invocations=110 (full 0):
 garbage-first heap   total 793600K, used 538637K [0x00000000c2600000, 0x0000000100000000)
  region size 1024K, 12 young (12288K), 3 survivors (3072K)
 Metaspace       used 16287K, committed 16576K, reserved 1114112K
  class space    used 2243K, committed 2368K, reserved 1048576K
}
Event: 58.159 GC heap after
{Heap after GC invocations=111 (full 0):
 garbage-first heap   total 793600K, used 477348K [0x00000000c2600000, 0x0000000100000000)
  region size 1024K, 3 young (3072K), 3 survivors (3072K)
 Metaspace       used 16287K, committed 16576K, reserved 1114112K
  class space    used 2243K, committed 2368K, reserved 1048576K
}
Event: 58.535 GC heap before
{Heap before GC invocations=111 (full 0):
 garbage-first heap   total 793600K, used 539812K [0x00000000c2600000, 0x0000000100000000)
  region size 1024K, 13 young (13312K), 3 survivors (3072K)
 Metaspace       used 16287K, committed 16576K, reserved 1114112K
  class space    used 2243K, committed 2368K, reserved 1048576K
}
Event: 58.537 GC heap after
{Heap after GC invocations=112 (full 0):
 garbage-first heap   total 793600K, used 477077K [0x00000000c2600000, 0x0000000100000000)
  region size 1024K, 2 young (2048K), 2 survivors (2048K)
 Metaspace       used 16287K, committed 16576K, reserved 1114112K
  class space    used 2243K, committed 2368K, reserved 1048576K
}
Event: 58.905 GC heap before
{Heap before GC invocations=112 (full 0):
 garbage-first heap   total 793600K, used 536469K [0x00000000c2600000, 0x0000000100000000)
  region size 1024K, 11 young (11264K), 2 survivors (2048K)
 Metaspace       used 16287K, committed 16576K, reserved 1114112K
  class space    used 2243K, committed 2368K, reserved 1048576K
}
Event: 58.907 GC heap after
{Heap after GC invocations=113 (full 0):
 garbage-first heap   total 793600K, used 477194K [0x00000000c2600000, 0x0000000100000000)
  region size 1024K, 2 young (2048K), 2 survivors (2048K)
 Metaspace       used 16287K, committed 16576K, reserved 1114112K
  class space    used 2243K, committed 2368K, reserved 1048576K
}
Event: 59.271 GC heap before
{Heap before GC invocations=113 (full 0):
 garbage-first heap   total 793600K, used 535562K [0x00000000c2600000, 0x0000000100000000)
  region size 1024K, 11 young (11264K), 2 survivors (2048K)
 Metaspace       used 16287K, committed 16576K, reserved 1114112K
  class space    used 2243K, committed 2368K, reserved 1048576K
}
Event: 59.273 GC heap after
{Heap after GC invocations=114 (full 0):
 garbage-first heap   total 793600K, used 477242K [0x00000000c2600000, 0x0000000100000000)
  region size 1024K, 2 young (2048K), 2 survivors (2048K)
 Metaspace       used 16287K, committed 16576K, reserved 1114112K
  class space    used 2243K, committed 2368K, reserved 1048576K
}
Event: 59.615 GC heap before
{Heap before GC invocations=114 (full 0):
 garbage-first heap   total 793600K, used 533562K [0x00000000c2600000, 0x0000000100000000)
  region size 1024K, 11 young (11264K), 2 survivors (2048K)
 Metaspace       used 16288K, committed 16576K, reserved 1114112K
  class space    used 2243K, committed 2368K, reserved 1048576K
}
Event: 59.617 GC heap after
{Heap after GC invocations=115 (full 0):
 garbage-first heap   total 793600K, used 477198K [0x00000000c2600000, 0x0000000100000000)
  region size 1024K, 2 young (2048K), 2 survivors (2048K)
 Metaspace       used 16288K, committed 16576K, reserved 1114112K
  class space    used 2243K, committed 2368K, reserved 1048576K
}
Event: 59.956 GC heap before
{Heap before GC invocations=115 (full 0):
 garbage-first heap   total 793600K, used 532494K [0x00000000c2600000, 0x0000000100000000)
  region size 1024K, 11 young (11264K), 2 survivors (2048K)
 Metaspace       used 16288K, committed 16576K, reserved 1114112K
  class space    used 2243K, committed 2368K, reserved 1048576K
}
Event: 59.958 GC heap after
{Heap after GC invocations=116 (full 0):
 garbage-first heap   total 793600K, used 477435K [0x00000000c2600000, 0x0000000100000000)
  region size 1024K, 2 young (2048K), 2 survivors (2048K)
 Metaspace       used 16288K, committed 16576K, reserved 1114112K
  class space    used 2243K, committed 2368K, reserved 1048576K
}
Event: 60.328 GC heap before
{Heap before GC invocations=116 (full 0):
 garbage-first heap   total 793600K, used 530683K [0x00000000c2600000, 0x0000000100000000)
  region size 1024K, 10 young (10240K), 2 survivors (2048K)
 Metaspace       used 16288K, committed 16576K, reserved 1114112K
  class space    used 2243K, committed 2368K, reserved 1048576K
}
Event: 60.330 GC heap after
{Heap after GC invocations=117 (full 0):
 garbage-first heap   total 793600K, used 484227K [0x00000000c2600000, 0x0000000100000000)
  region size 1024K, 3 young (3072K), 3 survivors (3072K)
 Metaspace       used 16288K, committed 16576K, reserved 1114112K
  class space    used 2243K, committed 2368K, reserved 1048576K
}

Deoptimization events (20 events):
Event: 84.975 Thread 0x0000021a1f27efd0 Uncommon trap: trap_request=0xffffff45 fr.pc=0x00000219cd475c68 relative=0x0000000000000068
Event: 84.975 Thread 0x0000021a1f27efd0 Uncommon trap: reason=unstable_if action=reinterpret pc=0x00000219cd475c68 method=com.sun.prism.impl.ManagedResource.bumpAge(I)V @ 7 c2
Event: 84.975 Thread 0x0000021a1f27efd0 DEOPT PACKING pc=0x00000219cd475c68 sp=0x0000004008dfeab0
Event: 84.975 Thread 0x0000021a1f27efd0 DEOPT UNPACKING pc=0x00000219ccd223a3 sp=0x0000004008dfea40 mode 2
Event: 85.524 Thread 0x0000021a1f3f8030 Uncommon trap: trap_request=0xffffffc6 fr.pc=0x00000219cd4b9204 relative=0x0000000000001e84
Event: 85.524 Thread 0x0000021a1f3f8030 Uncommon trap: reason=bimorphic_or_optimized_type_check action=maybe_recompile pc=0x00000219cd4b9204 method=javafx.scene.Node.getGeomBounds(Lcom/sun/javafx/geom/BaseBounds;Lcom/sun/javafx/geom/transform/BaseTransform;)Lcom/sun/javafx/geom/BaseBounds; @ 21
Event: 85.524 Thread 0x0000021a1f3f8030 DEOPT PACKING pc=0x00000219cd4b9204 sp=0x0000004008ffe120
Event: 85.524 Thread 0x0000021a1f3f8030 DEOPT UNPACKING pc=0x00000219ccd223a3 sp=0x0000004008ffde58 mode 2
Event: 85.539 Thread 0x0000021a1f3f8030 Uncommon trap: trap_request=0xffffffc6 fr.pc=0x00000219cd4b9204 relative=0x0000000000001e84
Event: 85.540 Thread 0x0000021a1f3f8030 Uncommon trap: reason=bimorphic_or_optimized_type_check action=maybe_recompile pc=0x00000219cd4b9204 method=javafx.scene.Node.getGeomBounds(Lcom/sun/javafx/geom/BaseBounds;Lcom/sun/javafx/geom/transform/BaseTransform;)Lcom/sun/javafx/geom/BaseBounds; @ 21
Event: 85.540 Thread 0x0000021a1f3f8030 DEOPT PACKING pc=0x00000219cd4b9204 sp=0x0000004008ffe120
Event: 85.540 Thread 0x0000021a1f3f8030 DEOPT UNPACKING pc=0x00000219ccd223a3 sp=0x0000004008ffde58 mode 2
Event: 85.557 Thread 0x0000021a1f3f8030 Uncommon trap: trap_request=0xffffffc6 fr.pc=0x00000219cd4c967c relative=0x000000000000055c
Event: 85.557 Thread 0x0000021a1f3f8030 Uncommon trap: reason=bimorphic_or_optimized_type_check action=maybe_recompile pc=0x00000219cd4c967c method=javafx.scene.Node.getGeomBounds(Lcom/sun/javafx/geom/BaseBounds;Lcom/sun/javafx/geom/transform/BaseTransform;)Lcom/sun/javafx/geom/BaseBounds; @ 21
Event: 85.557 Thread 0x0000021a1f3f8030 DEOPT PACKING pc=0x00000219cd4c967c sp=0x0000004008ffde10
Event: 85.557 Thread 0x0000021a1f3f8030 DEOPT UNPACKING pc=0x00000219ccd223a3 sp=0x0000004008ffddc8 mode 2
Event: 89.604 Thread 0x0000021a1f3f8030 Uncommon trap: trap_request=0xffffff5c fr.pc=0x00000219cd4d4878 relative=0x0000000000000f98
Event: 89.604 Thread 0x0000021a1f3f8030 Uncommon trap: reason=speculate_null_check action=make_not_entrant pc=0x00000219cd4d4878 method=java.util.concurrent.locks.AbstractQueuedSynchronizer.acquire(Ljava/util/concurrent/locks/AbstractQueuedSynchronizer$Node;IZZZJ)I @ 254 c2
Event: 89.604 Thread 0x0000021a1f3f8030 DEOPT PACKING pc=0x00000219cd4d4878 sp=0x0000004008ffe0f0
Event: 89.604 Thread 0x0000021a1f3f8030 DEOPT UNPACKING pc=0x00000219ccd223a3 sp=0x0000004008ffe080 mode 2

Classes unloaded (0 events):
No events

Classes redefined (0 events):
No events

Internal exceptions (20 events):
Event: 19.304 Thread 0x0000021a1f3f8030 Exception <a 'java/lang/NoSuchMethodError'{0x00000000cab764b8}: 'void java.lang.invoke.DirectMethodHandle$Holder.invokeStaticInit(java.lang.Object, java.lang.Object)'> (0x00000000cab764b8) 
thrown [s\open\src\hotspot\share\interpreter\linkResolver.cpp, line 759]
Event: 19.425 Thread 0x0000021a1f3f8030 Exception <a 'sun/nio/fs/WindowsException'{0x00000000caf62160}> (0x00000000caf62160) 
thrown [s\open\src\hotspot\share\prims\jni.cpp, line 516]
Event: 19.452 Thread 0x0000021a1f3f8030 Implicit null exception at 0x00000219cd295be0 to 0x00000219cd295e10
Event: 20.080 Thread 0x0000021a1f3f8030 Exception <a 'java/lang/NoSuchMethodError'{0x00000000d6edcae8}: 'java.lang.Object java.lang.invoke.DirectMethodHandle$Holder.invokeInterface(java.lang.Object, java.lang.Object, java.lang.Object)'> (0x00000000d6edcae8) 
thrown [s\open\src\hotspot\share\interpreter\linkResolver.cpp, line 759]
Event: 20.081 Thread 0x0000021a1f3f8030 Exception <a 'java/lang/IncompatibleClassChangeError'{0x00000000d6ee0470}: Found class java.lang.Object, but interface was expected> (0x00000000d6ee0470) 
thrown [s\open\src\hotspot\share\interpreter\linkResolver.cpp, line 826]
Event: 20.141 Thread 0x0000021a1f3f8030 Exception <a 'java/lang/NoSuchMethodError'{0x00000000d6dbf8a0}: 'java.lang.Object java.lang.invoke.DirectMethodHandle$Holder.newInvokeSpecial(java.lang.Object, java.lang.Object, int)'> (0x00000000d6dbf8a0) 
thrown [s\open\src\hotspot\share\interpreter\linkResolver.cpp, line 759]
Event: 20.163 Thread 0x0000021a1f3f8030 Exception <a 'java/lang/NoSuchMethodError'{0x00000000d6c06700}: 'long java.lang.invoke.DirectMethodHandle$Holder.invokeStatic(java.lang.Object, java.lang.Object, java.lang.Object)'> (0x00000000d6c06700) 
thrown [s\open\src\hotspot\share\interpreter\linkResolver.cpp, line 759]
Event: 20.164 Thread 0x0000021a1f3f8030 Exception <a 'java/lang/NoSuchMethodError'{0x00000000d6c09ea8}: 'long java.lang.invoke.DirectMethodHandle$Holder.invokeStaticInit(java.lang.Object, java.lang.Object, java.lang.Object)'> (0x00000000d6c09ea8) 
thrown [s\open\src\hotspot\share\interpreter\linkResolver.cpp, line 759]
Event: 20.170 Thread 0x0000021a1f3f8030 Exception <a 'java/lang/NoSuchMethodError'{0x00000000d6c21ab0}: 'java.lang.Object java.lang.invoke.DirectMethodHandle$Holder.newInvokeSpecial(java.lang.Object, java.lang.Object, long)'> (0x00000000d6c21ab0) 
thrown [s\open\src\hotspot\share\interpreter\linkResolver.cpp, line 759]
Event: 20.171 Thread 0x0000021a1f3f8030 Exception <a 'java/lang/NoSuchMethodError'{0x00000000d6c25620}: 'java.lang.Object java.lang.invoke.Invokers$Holder.linkToTargetMethod(java.lang.Object, long, java.lang.Object)'> (0x00000000d6c25620) 
thrown [s\open\src\hotspot\share\interpreter\linkResolver.cpp, line 759]
Event: 20.211 Thread 0x0000021a1f27efd0 Exception <a 'java/lang/NoSuchMethodError'{0x00000000d6cab128}: 'int java.lang.invoke.DirectMethodHandle$Holder.invokeStaticInit(java.lang.Object, java.lang.Object)'> (0x00000000d6cab128) 
thrown [s\open\src\hotspot\share\interpreter\linkResolver.cpp, line 759]
Event: 22.735 Thread 0x0000021a1f3f8030 Exception <a 'java/lang/NoSuchMethodError'{0x00000000d656aa58}: 'java.lang.Object java.lang.invoke.DirectMethodHandle$Holder.newInvokeSpecial(java.lang.Object, java.lang.Object, java.lang.Object, java.lang.Object, java.lang.Object, java.lang.Object, java.lang.Object)'> (0x00000000d656aa58) 
thrown [s\open\src\hotspot\share\interpreter\linkResolver.cpp, line 759]
Event: 22.735 Thread 0x0000021a1f3f8030 Exception <a 'java/lang/NoSuchMethodError'{0x00000000d656f1d8}: 'java.lang.Object java.lang.invoke.Invokers$Holder.linkToTargetMethod(java.lang.Object, java.lang.Object, java.lang.Object, java.lang.Object, java.lang.Object, java.lang.Object, java.lang.Object)'> (0x00000000d656f1d8) 
thrown [s\open\src\hotspot\share\interpreter\linkResolver.cpp, line 759]
Event: 22.779 Thread 0x0000021a1f3f8030 Exception <a 'java/lang/ClassNotFoundException'{0x00000000d64de048}: com/sun/javafx/scene/control/skin/resources/controls> (0x00000000d64de048) 
thrown [s\open\src\hotspot\share\prims\jni.cpp, line 535]
Event: 22.780 Thread 0x0000021a1f3f8030 Exception <a 'java/lang/ClassNotFoundException'{0x00000000d64ee070}: com/sun/javafx/scene/control/skin/resources/controls_en> (0x00000000d64ee070) 
thrown [s\open\src\hotspot\share\prims\jni.cpp, line 535]
Event: 22.780 Thread 0x0000021a1f3f8030 Exception <a 'java/lang/ClassNotFoundException'{0x00000000d64ef2d8}: com/sun/javafx/scene/control/skin/resources/controls_en_GB> (0x00000000d64ef2d8) 
thrown [s\open\src\hotspot\share\prims\jni.cpp, line 535]
Event: 22.822 Thread 0x0000021a1f3f8030 Exception <a 'java/lang/NoSuchMethodError'{0x00000000d6267288}: 'void java.lang.invoke.DirectMethodHandle$Holder.invokeSpecial(java.lang.Object, java.lang.Object, java.lang.Object, java.lang.Object, java.lang.Object, java.lang.Object)'> (0x00000000d6267288) 
thrown [s\open\src\hotspot\share\interpreter\linkResolver.cpp, line 759]
Event: 28.523 Thread 0x0000021a1f3f8030 Exception <a 'java/lang/NoSuchMethodError'{0x00000000d6b31018}: 'java.lang.Object java.lang.invoke.DirectMethodHandle$Holder.newInvokeSpecial(java.lang.Object, java.lang.Object, java.lang.Object, int)'> (0x00000000d6b31018) 
thrown [s\open\src\hotspot\share\interpreter\linkResolver.cpp, line 759]
Event: 28.523 Thread 0x0000021a1f3f8030 Exception <a 'java/lang/NoSuchMethodError'{0x00000000d6b356a0}: 'java.lang.Object java.lang.invoke.DirectMethodHandle$Holder.invokeSpecial(java.lang.Object, java.lang.Object, java.lang.Object, java.lang.Object, int)'> (0x00000000d6b356a0) 
thrown [s\open\src\hotspot\share\interpreter\linkResolver.cpp, line 759]
Event: 28.524 Thread 0x0000021a1f3f8030 Exception <a 'java/lang/NoSuchMethodError'{0x00000000d6b39510}: 'java.lang.Object java.lang.invoke.Invokers$Holder.linkToTargetMethod(java.lang.Object, java.lang.Object, int, java.lang.Object)'> (0x00000000d6b39510) 
thrown [s\open\src\hotspot\share\interpreter\linkResolver.cpp, line 759]

VM Operations (20 events):
Event: 89.257 Executing VM operation: Cleanup
Event: 89.257 Executing VM operation: Cleanup done
Event: 91.258 Executing VM operation: Cleanup
Event: 91.258 Executing VM operation: Cleanup done
Event: 92.259 Executing VM operation: Cleanup
Event: 92.260 Executing VM operation: Cleanup done
Event: 94.260 Executing VM operation: Cleanup
Event: 94.282 Executing VM operation: Cleanup done
Event: 95.283 Executing VM operation: Cleanup
Event: 95.283 Executing VM operation: Cleanup done
Event: 100.285 Executing VM operation: Cleanup
Event: 100.285 Executing VM operation: Cleanup done
Event: 102.286 Executing VM operation: Cleanup
Event: 102.286 Executing VM operation: Cleanup done
Event: 104.287 Executing VM operation: Cleanup
Event: 104.287 Executing VM operation: Cleanup done
Event: 109.290 Executing VM operation: Cleanup
Event: 109.290 Executing VM operation: Cleanup done
Event: 111.290 Executing VM operation: Cleanup
Event: 111.290 Executing VM operation: Cleanup done

Events (20 events):
Event: 28.395 loading class jdk/internal/misc/ScopedMemoryAccess$Scope$Handle done
Event: 30.387 Thread 0x00000219d9d85190 Thread added: 0x00000219d9d85190
Event: 30.548 Thread 0x00000219d9d85190 Thread exited: 0x00000219d9d85190
Event: 32.959 Loaded shared library C:\Users\kelse\.openjfx\cache\13\javafx_iio.dll
Event: 33.175 Thread 0x0000021a1f63a540 Thread added: 0x0000021a1f63a540
Event: 33.183 Thread 0x0000021a1f63aa10 Thread added: 0x0000021a1f63aa10
Event: 33.287 Thread 0x0000021a1f63bd50 Thread added: 0x0000021a1f63bd50
Event: 33.391 Thread 0x0000021a1f63aee0 Thread added: 0x0000021a1f63aee0
Event: 33.510 Thread 0x0000021a2980d990 Thread added: 0x0000021a2980d990
Event: 33.538 Thread 0x0000021a29807480 Thread added: 0x0000021a29807480
Event: 33.600 Thread 0x0000021a2980b310 Thread added: 0x0000021a2980b310
Event: 33.682 Thread 0x0000021a2980b7e0 Thread added: 0x0000021a2980b7e0
Event: 34.148 loading class jdk/internal/access/foreign/MemorySegmentProxy
Event: 34.149 loading class jdk/internal/access/foreign/MemorySegmentProxy done
Event: 71.690 Thread 0x0000021a2b1a89e0 Thread added: 0x0000021a2b1a89e0
Event: 71.868 Thread 0x0000021a24b44010 Thread added: 0x0000021a24b44010
Event: 72.145 Thread 0x0000021a24b44010 Thread exited: 0x0000021a24b44010
Event: 72.576 Thread 0x0000021a2b1a89e0 Thread exited: 0x0000021a2b1a89e0
Event: 83.796 Thread 0x0000021a2990ea30 Thread added: 0x0000021a2990ea30
Event: 84.116 Thread 0x0000021a2990ea30 Thread exited: 0x0000021a2990ea30


Dynamic libraries:
0x00007ff7af3d0000 - 0x00007ff7af3e0000 	C:\Program Files\Java\jdk-17\bin\java.exe
0x00007ffede730000 - 0x00007ffede947000 	C:\WINDOWS\SYSTEM32\ntdll.dll
0x00007ffedd5c0000 - 0x00007ffedd684000 	C:\WINDOWS\System32\KERNEL32.DLL
0x00007ffedc0c0000 - 0x00007ffedc46d000 	C:\WINDOWS\System32\KERNELBASE.dll
0x00007ffedbfa0000 - 0x00007ffedc0b1000 	C:\WINDOWS\System32\ucrtbase.dll
0x00007ffed5100000 - 0x00007ffed5119000 	C:\Program Files\Java\jdk-17\bin\jli.dll
0x00007ffedd480000 - 0x00007ffedd532000 	C:\WINDOWS\System32\ADVAPI32.dll
0x00007ffedd320000 - 0x00007ffedd3c7000 	C:\WINDOWS\System32\msvcrt.dll
0x00007ffedd3d0000 - 0x00007ffedd479000 	C:\WINDOWS\System32\sechost.dll
0x00007ffedbf70000 - 0x00007ffedbf98000 	C:\WINDOWS\System32\bcrypt.dll
0x00007ffede560000 - 0x00007ffede674000 	C:\WINDOWS\System32\RPCRT4.dll
0x00007ffed50e0000 - 0x00007ffed50fb000 	C:\Program Files\Java\jdk-17\bin\VCRUNTIME140.dll
0x00007ffede370000 - 0x00007ffede51e000 	C:\WINDOWS\System32\USER32.dll
0x00007ffedbc70000 - 0x00007ffedbc96000 	C:\WINDOWS\System32\win32u.dll
0x00007ffede6c0000 - 0x00007ffede6e9000 	C:\WINDOWS\System32\GDI32.dll
0x00007ffedbe50000 - 0x00007ffedbf69000 	C:\WINDOWS\System32\gdi32full.dll
0x00007ffedba60000 - 0x00007ffedbafa000 	C:\WINDOWS\System32\msvcp_win.dll
0x00007ffec5270000 - 0x00007ffec5503000 	C:\WINDOWS\WinSxS\amd64_microsoft.windows.common-controls_6595b64144ccf1df_6.0.22621.3672_none_2713b9d173822955\COMCTL32.dll
0x00007ffed4aa0000 - 0x00007ffed4aaa000 	C:\WINDOWS\SYSTEM32\VERSION.dll
0x00007ffede520000 - 0x00007ffede551000 	C:\WINDOWS\System32\IMM32.DLL
0x00007ffed50d0000 - 0x00007ffed50dc000 	C:\Program Files\Java\jdk-17\bin\vcruntime140_1.dll
0x00007ffec7900000 - 0x00007ffec798e000 	C:\Program Files\Java\jdk-17\bin\msvcp140.dll
0x00007ffe99760000 - 0x00007ffe9a33e000 	C:\Program Files\Java\jdk-17\bin\server\jvm.dll
0x00007ffedd7a0000 - 0x00007ffedd7a8000 	C:\WINDOWS\System32\PSAPI.DLL
0x00007ffed5050000 - 0x00007ffed5084000 	C:\WINDOWS\SYSTEM32\WINMM.dll
0x00007ffeb9f50000 - 0x00007ffeb9f59000 	C:\WINDOWS\SYSTEM32\WSOCK32.dll
0x00007ffede0d0000 - 0x00007ffede141000 	C:\WINDOWS\System32\WS2_32.dll
0x00007ffedaa90000 - 0x00007ffedaaa8000 	C:\WINDOWS\SYSTEM32\kernel.appcore.dll
0x00007ffed50a0000 - 0x00007ffed50aa000 	C:\Program Files\Java\jdk-17\bin\jimage.dll
0x00007ffed0290000 - 0x00007ffed04c2000 	C:\WINDOWS\SYSTEM32\DBGHELP.DLL
0x00007ffeddd40000 - 0x00007ffede0c8000 	C:\WINDOWS\System32\combase.dll
0x00007ffedc470000 - 0x00007ffedc547000 	C:\WINDOWS\System32\OLEAUT32.dll
0x00007ffec11d0000 - 0x00007ffec1202000 	C:\WINDOWS\SYSTEM32\dbgcore.DLL
0x00007ffedbca0000 - 0x00007ffedbd1b000 	C:\WINDOWS\System32\bcryptPrimitives.dll
0x00007ffed5090000 - 0x00007ffed509e000 	C:\Program Files\Java\jdk-17\bin\instrument.dll
0x00007ffed1550000 - 0x00007ffed1575000 	C:\Program Files\Java\jdk-17\bin\java.dll
0x00007ffec3ee0000 - 0x00007ffec3fb7000 	C:\Program Files\Java\jdk-17\bin\jsvml.dll
0x00007ffedc640000 - 0x00007ffedce9f000 	C:\WINDOWS\System32\SHELL32.dll
0x00007ffed99b0000 - 0x00007ffeda2ac000 	C:\WINDOWS\SYSTEM32\windows.storage.dll
0x00007ffed9870000 - 0x00007ffed99af000 	C:\WINDOWS\SYSTEM32\wintypes.dll
0x00007ffeddc30000 - 0x00007ffeddd24000 	C:\WINDOWS\System32\SHCORE.dll
0x00007ffedd690000 - 0x00007ffedd6ee000 	C:\WINDOWS\System32\shlwapi.dll
0x00007ffedb990000 - 0x00007ffedb9b1000 	C:\WINDOWS\SYSTEM32\profapi.dll
0x00007ffed15a0000 - 0x00007ffed15b9000 	C:\Program Files\Java\jdk-17\bin\net.dll
0x00007ffed4c60000 - 0x00007ffed4d96000 	C:\WINDOWS\SYSTEM32\WINHTTP.dll
0x00007ffedaf70000 - 0x00007ffedafd9000 	C:\WINDOWS\system32\mswsock.dll
0x00007ffed1500000 - 0x00007ffed1516000 	C:\Program Files\Java\jdk-17\bin\nio.dll
0x00007ffed14e0000 - 0x00007ffed14f8000 	C:\Program Files\Java\jdk-17\bin\zip.dll
0x00007ffec78e0000 - 0x00007ffec78fa000 	C:\Program Files\JetBrains\IntelliJ IDEA Community Edition 2024.1.4\bin\breakgen64.dll
0x00000219bdeb0000 - 0x00000219bdeb3000 	C:\Users\kelse\.openjfx\cache\13\api-ms-win-core-console-l1-1-0.dll
0x00000219bdec0000 - 0x00000219bdec3000 	C:\Users\kelse\.openjfx\cache\13\api-ms-win-core-datetime-l1-1-0.dll
0x00000219d9f00000 - 0x00000219d9f03000 	C:\Users\kelse\.openjfx\cache\13\api-ms-win-core-debug-l1-1-0.dll
0x00000219d9f10000 - 0x00000219d9f13000 	C:\Users\kelse\.openjfx\cache\13\api-ms-win-core-errorhandling-l1-1-0.dll
0x00000219d9f20000 - 0x00000219d9f24000 	C:\Users\kelse\.openjfx\cache\13\api-ms-win-core-file-l1-1-0.dll
0x00000219d9f30000 - 0x00000219d9f33000 	C:\Users\kelse\.openjfx\cache\13\api-ms-win-core-file-l1-2-0.dll
0x00000219d9f40000 - 0x00000219d9f43000 	C:\Users\kelse\.openjfx\cache\13\api-ms-win-core-file-l2-1-0.dll
0x00000219d9f50000 - 0x00000219d9f53000 	C:\Users\kelse\.openjfx\cache\13\api-ms-win-core-handle-l1-1-0.dll
0x00000219d9f60000 - 0x00000219d9f63000 	C:\Users\kelse\.openjfx\cache\13\api-ms-win-core-heap-l1-1-0.dll
0x00000219d9f70000 - 0x00000219d9f73000 	C:\Users\kelse\.openjfx\cache\13\api-ms-win-core-interlocked-l1-1-0.dll
0x00000219d9f80000 - 0x00000219d9f83000 	C:\Users\kelse\.openjfx\cache\13\api-ms-win-core-libraryloader-l1-1-0.dll
0x00000219d9f90000 - 0x00000219d9f93000 	C:\Users\kelse\.openjfx\cache\13\api-ms-win-core-localization-l1-2-0.dll
0x00000219d9fa0000 - 0x00000219d9fa3000 	C:\Users\kelse\.openjfx\cache\13\api-ms-win-core-memory-l1-1-0.dll
0x00000219d9fb0000 - 0x00000219d9fb3000 	C:\Users\kelse\.openjfx\cache\13\api-ms-win-core-namedpipe-l1-1-0.dll
0x00000219d9fc0000 - 0x00000219d9fc3000 	C:\Users\kelse\.openjfx\cache\13\api-ms-win-core-processenvironment-l1-1-0.dll
0x00000219d9fd0000 - 0x00000219d9fd3000 	C:\Users\kelse\.openjfx\cache\13\api-ms-win-core-processthreads-l1-1-0.dll
0x00000219d9fe0000 - 0x00000219d9fe3000 	C:\Users\kelse\.openjfx\cache\13\api-ms-win-core-processthreads-l1-1-1.dll
0x00000219d9ff0000 - 0x00000219d9ff3000 	C:\Users\kelse\.openjfx\cache\13\api-ms-win-core-profile-l1-1-0.dll
0x0000021a1f800000 - 0x0000021a1f803000 	C:\Users\kelse\.openjfx\cache\13\api-ms-win-core-rtlsupport-l1-1-0.dll
0x0000021a1f810000 - 0x0000021a1f813000 	C:\Users\kelse\.openjfx\cache\13\api-ms-win-core-string-l1-1-0.dll
0x0000021a1f820000 - 0x0000021a1f823000 	C:\Users\kelse\.openjfx\cache\13\api-ms-win-core-synch-l1-1-0.dll
0x0000021a1f830000 - 0x0000021a1f833000 	C:\Users\kelse\.openjfx\cache\13\api-ms-win-core-synch-l1-2-0.dll
0x0000021a1f840000 - 0x0000021a1f843000 	C:\Users\kelse\.openjfx\cache\13\api-ms-win-core-sysinfo-l1-1-0.dll
0x0000021a1f850000 - 0x0000021a1f853000 	C:\Users\kelse\.openjfx\cache\13\api-ms-win-core-timezone-l1-1-0.dll
0x0000021a1f860000 - 0x0000021a1f863000 	C:\Users\kelse\.openjfx\cache\13\api-ms-win-core-util-l1-1-0.dll
0x0000021a1f870000 - 0x0000021a1f873000 	C:\Users\kelse\.openjfx\cache\13\api-ms-win-crt-conio-l1-1-0.dll
0x0000021a1f880000 - 0x0000021a1f884000 	C:\Users\kelse\.openjfx\cache\13\api-ms-win-crt-convert-l1-1-0.dll
0x0000021a1f890000 - 0x0000021a1f893000 	C:\Users\kelse\.openjfx\cache\13\api-ms-win-crt-environment-l1-1-0.dll
0x0000021a1f8a0000 - 0x0000021a1f8a3000 	C:\Users\kelse\.openjfx\cache\13\api-ms-win-crt-filesystem-l1-1-0.dll
0x0000021a1f8b0000 - 0x0000021a1f8b3000 	C:\Users\kelse\.openjfx\cache\13\api-ms-win-crt-heap-l1-1-0.dll
0x0000021a1f8c0000 - 0x0000021a1f8c3000 	C:\Users\kelse\.openjfx\cache\13\api-ms-win-crt-locale-l1-1-0.dll
0x0000021a1f8d0000 - 0x0000021a1f8d5000 	C:\Users\kelse\.openjfx\cache\13\api-ms-win-crt-math-l1-1-0.dll
0x0000021a1f8e0000 - 0x0000021a1f8e5000 	C:\Users\kelse\.openjfx\cache\13\api-ms-win-crt-multibyte-l1-1-0.dll
0x0000021a1f8f0000 - 0x0000021a1f900000 	C:\Users\kelse\.openjfx\cache\13\api-ms-win-crt-private-l1-1-0.dll
0x0000021a1f900000 - 0x0000021a1f903000 	C:\Users\kelse\.openjfx\cache\13\api-ms-win-crt-process-l1-1-0.dll
0x0000021a1f910000 - 0x0000021a1f914000 	C:\Users\kelse\.openjfx\cache\13\api-ms-win-crt-runtime-l1-1-0.dll
0x0000021a1f920000 - 0x0000021a1f924000 	C:\Users\kelse\.openjfx\cache\13\api-ms-win-crt-stdio-l1-1-0.dll
0x0000021a1f930000 - 0x0000021a1f934000 	C:\Users\kelse\.openjfx\cache\13\api-ms-win-crt-string-l1-1-0.dll
0x0000021a1f940000 - 0x0000021a1f943000 	C:\Users\kelse\.openjfx\cache\13\api-ms-win-crt-time-l1-1-0.dll
0x0000021a1f950000 - 0x0000021a1f953000 	C:\Users\kelse\.openjfx\cache\13\api-ms-win-crt-utility-l1-1-0.dll
0x00007ffea1820000 - 0x00007ffea191c000 	C:\Users\kelse\.openjfx\cache\13\ucrtbase.dll
0x00007ffec78c0000 - 0x00007ffec78d5000 	C:\Users\kelse\.openjfx\cache\13\vcruntime140.dll
0x00007ffec3e40000 - 0x00007ffec3edb000 	C:\Users\kelse\.openjfx\cache\13\msvcp140.dll
0x00007ffeb0fb0000 - 0x00007ffeb1001000 	C:\Users\kelse\.openjfx\cache\13\concrt140.dll
0x00007ffec75f0000 - 0x00007ffec7613000 	C:\Users\kelse\.openjfx\cache\13\prism_d3d.dll
0x00007ffecae80000 - 0x00007ffecb028000 	C:\WINDOWS\system32\d3d9.dll
0x00007ffed9400000 - 0x00007ffed942b000 	C:\WINDOWS\SYSTEM32\dwmapi.dll
0x00007ffed90c0000 - 0x00007ffed90f9000 	C:\WINDOWS\SYSTEM32\dxcore.dll
0x00007ffed8fc0000 - 0x00007ffed906f000 	C:\WINDOWS\system32\uxtheme.dll
0x00007ffe38290000 - 0x00007ffe3845d000 	C:\WINDOWS\System32\DriverStore\FileRepository\iigd_dch.inf_amd64_7d6ad0397c5dc3fd\igdumdim64.dll
0x00007ffecdc70000 - 0x00007ffecdd90000 	C:\WINDOWS\System32\DriverStore\FileRepository\iigd_dch.inf_amd64_7d6ad0397c5dc3fd\igdgmm64.dll
0x00007ffe34670000 - 0x00007ffe38281000 	C:\WINDOWS\System32\DriverStore\FileRepository\iigd_dch.inf_amd64_7d6ad0397c5dc3fd\igd9dxva64.dll
0x00007ffedd070000 - 0x00007ffedd215000 	C:\WINDOWS\System32\OLE32.dll
0x00007ffed3cb0000 - 0x00007ffed3cf9000 	C:\WINDOWS\SYSTEM32\directxdatabasehelper.dll
0x00007ffec70f0000 - 0x00007ffec7135000 	C:\Users\kelse\.openjfx\cache\13\glass.dll
0x00007ffedd220000 - 0x00007ffedd318000 	C:\WINDOWS\System32\COMDLG32.dll
0x00007ffede150000 - 0x00007ffede2a3000 	C:\WINDOWS\System32\MSCTF.dll
0x00007ffed5240000 - 0x00007ffed5261000 	C:\WINDOWS\System32\DriverStore\FileRepository\iigd_dch.inf_amd64_7d6ad0397c5dc3fd\igdinfo64.dll
0x00007ffecb630000 - 0x00007ffecd990000 	C:\WINDOWS\System32\DriverStore\FileRepository\iigd_dch.inf_amd64_7d6ad0397c5dc3fd\igc64.dll
0x00007ffec7490000 - 0x00007ffec74a2000 	C:\Program Files\Java\jdk-17\bin\jsound.dll
0x00007ffe992b0000 - 0x00007ffe99352000 	C:\WINDOWS\SYSTEM32\DSOUND.dll
0x00007ffedb0a0000 - 0x00007ffedb0ed000 	C:\WINDOWS\SYSTEM32\powrprof.dll
0x00007ffe991f0000 - 0x00007ffe992a1000 	C:\WINDOWS\SYSTEM32\ResampleDmo.DLL
0x00007ffec1180000 - 0x00007ffec11a9000 	C:\WINDOWS\SYSTEM32\winmmbase.dll
0x00007ffea7eb0000 - 0x00007ffea7ebb000 	C:\WINDOWS\SYSTEM32\msdmo.dll
0x00007ffedb080000 - 0x00007ffedb093000 	C:\WINDOWS\SYSTEM32\UMPDC.dll
0x00007ffedd6f0000 - 0x00007ffedd7a0000 	C:\WINDOWS\System32\clbcatq.dll
0x00007ffed1980000 - 0x00007ffed1a1d000 	C:\WINDOWS\System32\MMDevApi.dll
0x00007ffedb710000 - 0x00007ffedb73c000 	C:\WINDOWS\System32\DEVOBJ.dll
0x00007ffedb740000 - 0x00007ffedb78e000 	C:\WINDOWS\SYSTEM32\cfgmgr32.dll
0x00007ffe93580000 - 0x00007ffe935c6000 	C:\WINDOWS\SYSTEM32\wdmaud.drv
0x00007ffec45c0000 - 0x00007ffec45c9000 	C:\WINDOWS\SYSTEM32\ksuser.dll
0x00007ffed6ab0000 - 0x00007ffed6abb000 	C:\WINDOWS\SYSTEM32\AVRT.dll
0x00007ffec8d80000 - 0x00007ffec8f6c000 	C:\WINDOWS\SYSTEM32\AUDIOSES.DLL
0x00007ffeba620000 - 0x00007ffeba62e000 	C:\WINDOWS\SYSTEM32\msacm32.drv
0x00007ffe93c20000 - 0x00007ffe93c3e000 	C:\WINDOWS\SYSTEM32\MSACM32.dll
0x00007ffeba520000 - 0x00007ffeba52b000 	C:\WINDOWS\SYSTEM32\midimap.dll
0x00007ffed0d20000 - 0x00007ffed0e95000 	C:\Windows\System32\Windows.UI.dll
0x00007ffed9480000 - 0x00007ffed9495000 	C:\WINDOWS\SYSTEM32\resourcepolicyclient.dll

dbghelp: loaded successfully - version: 4.0.5 - missing functions: none
symbol engine: initialized successfully - sym options: 0x614 - pdb path: .;C:\Program Files\Java\jdk-17\bin;C:\WINDOWS\SYSTEM32;C:\WINDOWS\WinSxS\amd64_microsoft.windows.common-controls_6595b64144ccf1df_6.0.22621.3672_none_2713b9d173822955;C:\Program Files\Java\jdk-17\bin\server;C:\Program Files\JetBrains\IntelliJ IDEA Community Edition 2024.1.4\bin;C:\Users\kelse\.openjfx\cache\13;C:\WINDOWS\System32\DriverStore\FileRepository\iigd_dch.inf_amd64_7d6ad0397c5dc3fd;C:\Program Files\Common Files\Microsoft Shared\Ink

VM Arguments:
jvm_args: -javaagent:C:\Program Files\JetBrains\IntelliJ IDEA Community Edition 2024.1.4\lib\idea_rt.jar=53188:C:\Program Files\JetBrains\IntelliJ IDEA Community Edition 2024.1.4\bin -Dfile.encoding=UTF-8 --module-path=C:\Users\kelse\.m2\repository\org\openjfx\javafx-controls\13\javafx-controls-13-win.jar;C:\Users\kelse\.m2\repository\org\openjfx\javafx-base\13\javafx-base-13-win.jar;C:\Users\kelse\OneDrive\Desktop\Advance Programming asgn\demo\target\classes;C:\Users\kelse\.m2\repository\org\openjfx\javafx-fxml\13\javafx-fxml-13-win.jar;C:\Users\kelse\.m2\repository\org\openjfx\javafx-graphics\13\javafx-graphics-13-win.jar -Djdk.module.main=com.example 
java_command: com.example/com.example.Game
java_class_path (initial): C:\Users\kelse\.m2\repository\org\openjfx\javafx-controls\13\javafx-controls-13.jar;C:\Users\kelse\.m2\repository\org\openjfx\javafx-graphics\13\javafx-graphics-13.jar;C:\Users\kelse\.m2\repository\org\openjfx\javafx-base\13\javafx-base-13.jar;C:\Users\kelse\.m2\repository\org\openjfx\javafx-fxml\13\javafx-fxml-13.jar
Launcher Type: SUN_STANDARD

[Global flags]
     intx CICompilerCount                          = 4                                         {product} {ergonomic}
     uint ConcGCThreads                            = 2                                         {product} {ergonomic}
     uint G1ConcRefinementThreads                  = 8                                         {product} {ergonomic}
   size_t G1HeapRegionSize                         = 1048576                                   {product} {ergonomic}
    uintx GCDrainStackTargetSize                   = 64                                        {product} {ergonomic}
   size_t InitialHeapSize                          = 65011712                                  {product} {ergonomic}
   size_t MarkStackSize                            = 4194304                                   {product} {ergonomic}
   size_t MaxHeapSize                              = 1033895936                                {product} {ergonomic}
   size_t MaxNewSize                               = 619708416                                 {product} {ergonomic}
   size_t MinHeapDeltaBytes                        = 1048576                                   {product} {ergonomic}
   size_t MinHeapSize                              = 8388608                                   {product} {ergonomic}
    uintx NonNMethodCodeHeapSize                   = 5839372                                {pd product} {ergonomic}
    uintx NonProfiledCodeHeapSize                  = 122909434                              {pd product} {ergonomic}
    uintx ProfiledCodeHeapSize                     = 122909434                              {pd product} {ergonomic}
    uintx ReservedCodeCacheSize                    = 251658240                              {pd product} {ergonomic}
     bool SegmentedCodeCache                       = true                                      {product} {ergonomic}
   size_t SoftMaxHeapSize                          = 1033895936                             {manageable} {ergonomic}
     bool UseCompressedClassPointers               = true                           {product lp64_product} {ergonomic}
     bool UseCompressedOops                        = true                           {product lp64_product} {ergonomic}
     bool UseG1GC                                  = true                                      {product} {ergonomic}
     bool UseLargePagesIndividualAllocation        = false                                  {pd product} {ergonomic}

Logging:
Log output configuration:
 #0: stdout all=warning uptime,level,tags
 #1: stderr all=off uptime,level,tags

Environment Variables:
JAVA_HOME=C:\Program Files\Java\jdk-17
PATH=C:\Program Files\Common Files\Oracle\Java\javapath;C:\Program Files\Python311\Scripts\;C:\Program Files\Python311\;C:\Windows\system32;C:\Windows;C:\Windows\System32\Wbem;C:\Windows\System32\WindowsPowerShell\v1.0\;C:\Windows\System32\OpenSSH\;C:\Program Files (x86)\NVIDIA Corporation\PhysX\Common;C:\Program Files\NVIDIA Corporation\NVIDIA NvDLISR;C:\WINDOWS\system32;C:\WINDOWS;C:\WINDOWS\System32\Wbem;C:\WINDOWS\System32\WindowsPowerShell\v1.0\;C:\WINDOWS\System32\OpenSSH\;C:\Program Files\Microsoft SQL Server\150\Tools\Binn\;C:\WINDOWS\system32;C:\WINDOWS;C:\WINDOWS\System32\Wbem;C:\WINDOWS\System32\WindowsPowerShell\v1.0\;C:\WINDOWS\System32\OpenSSH\;C:\Program Files (x86)\Windows Kits\10\Windows Performance Toolkit\;C:\Program Files\Git\cmd;C:\Program Files\MySQL\MySQL Shell 8.0\bin\;C:\Users\kelse\AppData\Local\Microsoft\WindowsApps;;C:\Users\kelse\AppData\Local\Programs\Microsoft VS Code\bin
USERNAME=kelse
OS=Windows_NT
PROCESSOR_IDENTIFIER=Intel64 Family 6 Model 158 Stepping 10, GenuineIntel



---------------  S Y S T E M  ---------------

OS:
 Windows 11 , 64 bit Build 22621 (10.0.22621.3672)
OS uptime: 0 days 21:06 hours

CPU: total 8 (initial active 8) (4 cores per cpu, 2 threads per core) family 6 model 158 stepping 10 microcode 0xde, cx8, cmov, fxsr, ht, mmx, 3dnowpref, sse, sse2, sse3, ssse3, sse4.1, sse4.2, popcnt, lzcnt, tsc, tscinvbit, avx, avx2, aes, erms, clmul, bmi1, bmi2, adx, fma, vzeroupper, clflush, clflushopt

Memory: 4k page, system-wide physical 3938M (390M free)
TotalPageFile size 16226M (AvailPageFile size 10M)
current process WorkingSet (physical memory assigned to process): 210M, peak: 799M
current process commit charge ("private bytes"): 1235M, peak: 1284M

vm_info: Java HotSpot(TM) 64-Bit Server VM (17.0.8+9-LTS-211) for windows-amd64 JRE (17.0.8+9-LTS-211), built on Jun 14 2023 10:34:31 by "mach5one" with MS VC++ 17.1 (VS2022)

END.
